[12May2025 05:36:11.702] [main/INFO] [cpw.mods.modlauncher.Launcher/MODLAUNCHER]: ModLauncher running: args [--launchTarget, forgeserver, --fml.forgeVersion, 47.3.7, --fml.mcVersion, 1.20.1, --fml.forgeGroup, net.minecraftforge, --fml.mcpVersion, 20230612.114412, nogui]
[12May2025 05:36:11.708] [main/INFO] [cpw.mods.modlauncher.Launcher/MODLAUNCHER]: ModLauncher 10.0.9+10.0.9+main.dcd20f30 starting: java version 17.0.14 by Ubuntu; OS Linux arch amd64 version 6.8.0-1027-azure
[12May2025 05:36:11.747] [main/DEBUG] [cpw.mods.modlauncher.LaunchServiceHandler/MODLAUNCHER]: Found launch services [fmlclientdev,forgeclient,minecraft,forgegametestserverdev,fmlserveruserdev,fmlclient,fmldatauserdev,forgeserverdev,forgeserveruserdev,forgeclientdev,forgeclientuserdev,forgeserver,forgedatadev,fmlserver,fmlclientuserdev,fmlserverdev,forgedatauserdev,testharness,forgegametestserveruserdev]
[12May2025 05:36:11.762] [main/DEBUG] [cpw.mods.modlauncher.NameMappingServiceHandler/MODLAUNCHER]: Found naming services : [srgtomcp]
[12May2025 05:36:11.805] [main/DEBUG] [cpw.mods.modlauncher.LaunchPluginHandler/MODLAUNCHER]: Found launch plugins: [mixin,eventbus,slf4jfixer,object_holder_definalize,runtime_enum_extender,capability_token_subclass,accesstransformer,runtimedistcleaner]
[12May2025 05:36:11.842] [main/DEBUG] [cpw.mods.modlauncher.TransformationServicesHandler/MODLAUNCHER]: Discovering transformation services
[12May2025 05:36:11.856] [main/DEBUG] [net.minecraftforge.fml.loading.FMLPaths/CORE]: Path GAMEDIR is /workspaces/MS-1/servidor_minecraft
[12May2025 05:36:11.856] [main/DEBUG] [net.minecraftforge.fml.loading.FMLPaths/CORE]: Path MODSDIR is /workspaces/MS-1/servidor_minecraft/mods
[12May2025 05:36:11.857] [main/DEBUG] [net.minecraftforge.fml.loading.FMLPaths/CORE]: Path CONFIGDIR is /workspaces/MS-1/servidor_minecraft/config
[12May2025 05:36:11.857] [main/DEBUG] [net.minecraftforge.fml.loading.FMLPaths/CORE]: Path FMLCONFIG is /workspaces/MS-1/servidor_minecraft/config/fml.toml
[12May2025 05:36:14.247] [main/DEBUG] [cpw.mods.modlauncher.TransformationServicesHandler/MODLAUNCHER]: Found additional transformation services from discovery services: 
[12May2025 05:36:14.256] [main/INFO] [net.minecraftforge.fml.loading.ImmediateWindowHandler/]: ImmediateWindowProvider not loading because launch target is forgeserver
[12May2025 05:36:14.266] [main/DEBUG] [cpw.mods.modlauncher.TransformationServicesHandler/MODLAUNCHER]: Found transformer services : [mixin,fml]
[12May2025 05:36:14.267] [main/DEBUG] [cpw.mods.modlauncher.TransformationServicesHandler/MODLAUNCHER]: Transformation services loading
[12May2025 05:36:14.269] [main/DEBUG] [cpw.mods.modlauncher.TransformationServiceDecorator/MODLAUNCHER]: Loading service mixin
[12May2025 05:36:14.270] [main/DEBUG] [cpw.mods.modlauncher.TransformationServiceDecorator/MODLAUNCHER]: Loaded service mixin
[12May2025 05:36:14.270] [main/DEBUG] [cpw.mods.modlauncher.TransformationServiceDecorator/MODLAUNCHER]: Loading service fml
[12May2025 05:36:14.271] [main/DEBUG] [net.minecraftforge.fml.loading.LauncherVersion/CORE]: Found FMLLauncher version 1.0
[12May2025 05:36:14.271] [main/DEBUG] [net.minecraftforge.fml.loading.FMLLoader/CORE]: FML 1.0 loading
[12May2025 05:36:14.271] [main/DEBUG] [net.minecraftforge.fml.loading.FMLLoader/CORE]: FML found ModLauncher version : 10.0.9+10.0.9+main.dcd20f30
[12May2025 05:36:14.274] [main/DEBUG] [net.minecraftforge.fml.loading.FMLLoader/CORE]: FML found AccessTransformer version : 8.0.4+66+master.c09db6d7
[12May2025 05:36:14.274] [main/DEBUG] [net.minecraftforge.fml.loading.FMLLoader/CORE]: FML found EventBus version : 6.0.5+6.0.5+master.eb8e549b
[12May2025 05:36:14.275] [main/DEBUG] [net.minecraftforge.fml.loading.FMLLoader/CORE]: Found Runtime Dist Cleaner
[12May2025 05:36:14.276] [main/DEBUG] [net.minecraftforge.fml.loading.FMLLoader/CORE]: FML found CoreMod version : 5.1.6
[12May2025 05:36:14.277] [main/DEBUG] [net.minecraftforge.fml.loading.FMLLoader/CORE]: Found ForgeSPI package implementation version 7.0.1+7.0.1+master.d2b38bf6
[12May2025 05:36:14.277] [main/DEBUG] [net.minecraftforge.fml.loading.FMLLoader/CORE]: Found ForgeSPI package specification 5
[12May2025 05:36:14.280] [main/DEBUG] [cpw.mods.modlauncher.TransformationServiceDecorator/MODLAUNCHER]: Loaded service fml
[12May2025 05:36:14.281] [main/DEBUG] [cpw.mods.modlauncher.TransformationServicesHandler/MODLAUNCHER]: Configuring option handling for services
[12May2025 05:36:14.293] [main/DEBUG] [cpw.mods.modlauncher.TransformationServicesHandler/MODLAUNCHER]: Transformation services initializing
[12May2025 05:36:14.294] [main/DEBUG] [cpw.mods.modlauncher.TransformationServiceDecorator/MODLAUNCHER]: Initializing transformation service mixin
[12May2025 05:36:14.310] [main/DEBUG] [mixin/]: MixinService [ModLauncher] was successfully booted in cpw.mods.cl.ModuleClassLoader@7a3d45bd
[12May2025 05:36:14.336] [main/INFO] [mixin/]: SpongePowered MIXIN Subsystem Version=0.8.5 Source=union:/workspaces/MS-1/servidor_minecraft/libraries/org/spongepowered/mixin/0.8.5/mixin-0.8.5.jar%2365!/ Service=ModLauncher Env=SERVER
[12May2025 05:36:14.346] [main/DEBUG] [mixin/]: Initialising Mixin Platform Manager
[12May2025 05:36:14.347] [main/DEBUG] [mixin/]: Adding mixin platform agents for container ModLauncher Root Container(ModLauncher:4f56a0a2)
[12May2025 05:36:14.347] [main/DEBUG] [mixin/]: Instancing new MixinPlatformAgentMinecraftForge for ModLauncher Root Container(ModLauncher:4f56a0a2)
[12May2025 05:36:14.348] [main/DEBUG] [mixin/]: MixinPlatformAgentMinecraftForge rejected container ModLauncher Root Container(ModLauncher:4f56a0a2)
[12May2025 05:36:14.348] [main/DEBUG] [mixin/]: Instancing new MixinPlatformAgentDefault for ModLauncher Root Container(ModLauncher:4f56a0a2)
[12May2025 05:36:14.349] [main/DEBUG] [mixin/]: MixinPlatformAgentDefault accepted container ModLauncher Root Container(ModLauncher:4f56a0a2)
[12May2025 05:36:14.352] [main/DEBUG] [cpw.mods.modlauncher.TransformationServiceDecorator/MODLAUNCHER]: Initialized transformation service mixin
[12May2025 05:36:14.352] [main/DEBUG] [cpw.mods.modlauncher.TransformationServiceDecorator/MODLAUNCHER]: Initializing transformation service fml
[12May2025 05:36:14.352] [main/DEBUG] [net.minecraftforge.fml.loading.FMLServiceProvider/CORE]: Setting up basic FML game directories
[12May2025 05:36:14.353] [main/DEBUG] [net.minecraftforge.fml.loading.FMLPaths/CORE]: Path GAMEDIR is /workspaces/MS-1/servidor_minecraft
[12May2025 05:36:14.353] [main/DEBUG] [net.minecraftforge.fml.loading.FMLPaths/CORE]: Path MODSDIR is /workspaces/MS-1/servidor_minecraft/mods
[12May2025 05:36:14.353] [main/DEBUG] [net.minecraftforge.fml.loading.FMLPaths/CORE]: Path CONFIGDIR is /workspaces/MS-1/servidor_minecraft/config
[12May2025 05:36:14.354] [main/DEBUG] [net.minecraftforge.fml.loading.FMLPaths/CORE]: Path FMLCONFIG is /workspaces/MS-1/servidor_minecraft/config/fml.toml
[12May2025 05:36:14.354] [main/DEBUG] [net.minecraftforge.fml.loading.FMLServiceProvider/CORE]: Loading configuration
[12May2025 05:36:14.357] [main/DEBUG] [net.minecraftforge.fml.loading.FMLServiceProvider/CORE]: Preparing ModFile
[12May2025 05:36:14.360] [main/DEBUG] [net.minecraftforge.fml.loading.FMLServiceProvider/CORE]: Preparing launch handler
[12May2025 05:36:14.360] [main/DEBUG] [net.minecraftforge.fml.loading.FMLLoader/CORE]: Using forgeserver as launch service
[12May2025 05:36:14.382] [main/DEBUG] [net.minecraftforge.fml.loading.FMLLoader/CORE]: Received command line version data  : VersionInfo[forgeVersion=47.3.7, mcVersion=1.20.1, mcpVersion=20230612.114412, forgeGroup=net.minecraftforge]
[12May2025 05:36:14.383] [main/DEBUG] [cpw.mods.modlauncher.TransformationServiceDecorator/MODLAUNCHER]: Initialized transformation service fml
[12May2025 05:36:14.384] [main/DEBUG] [cpw.mods.modlauncher.NameMappingServiceHandler/MODLAUNCHER]: Current naming domain is 'srg'
[12May2025 05:36:14.387] [main/DEBUG] [cpw.mods.modlauncher.NameMappingServiceHandler/MODLAUNCHER]: Identified name mapping providers {}
[12May2025 05:36:14.387] [main/DEBUG] [cpw.mods.modlauncher.TransformationServicesHandler/MODLAUNCHER]: Transformation services begin scanning
[12May2025 05:36:14.388] [main/DEBUG] [cpw.mods.modlauncher.TransformationServiceDecorator/MODLAUNCHER]: Beginning scan trigger - transformation service mixin
[12May2025 05:36:14.389] [main/DEBUG] [cpw.mods.modlauncher.TransformationServiceDecorator/MODLAUNCHER]: End scan trigger - transformation service mixin
[12May2025 05:36:14.389] [main/DEBUG] [cpw.mods.modlauncher.TransformationServiceDecorator/MODLAUNCHER]: Beginning scan trigger - transformation service fml
[12May2025 05:36:14.389] [main/DEBUG] [net.minecraftforge.fml.loading.FMLServiceProvider/CORE]: Initiating mod scan
[12May2025 05:36:14.404] [main/DEBUG] [net.minecraftforge.fml.loading.moddiscovery.ModListHandler/CORE]: Found mod coordinates from lists: []
[12May2025 05:36:14.408] [main/DEBUG] [net.minecraftforge.fml.loading.moddiscovery.ModDiscoverer/CORE]: Found Mod Locators : (mods folder:null),(maven libs:null),(exploded directory:null),(minecraft:null),(userdev classpath:null)
[12May2025 05:36:14.409] [main/DEBUG] [net.minecraftforge.fml.loading.moddiscovery.ModDiscoverer/CORE]: Found Dependency Locators : (JarInJar:null)
[12May2025 05:36:14.427] [main/DEBUG] [net.minecraftforge.fml.loading.moddiscovery.ModFileParser/LOADING]: Considering mod file candidate /workspaces/MS-1/servidor_minecraft/mods/[forge]ctov-3.4.13.jar
[12May2025 05:36:14.478] [main/DEBUG] [net.minecraftforge.fml.loading.moddiscovery.ModFileInfo/LOADING]: Found valid mod file [forge]ctov-3.4.13.jar with {ctov} mods - versions {3.4.13}
[12May2025 05:36:14.480] [main/DEBUG] [net.minecraftforge.fml.loading.moddiscovery.ModFileParser/LOADING]: Considering mod file candidate /workspaces/MS-1/servidor_minecraft/mods/AI-Improvements-1.20-0.5.2.jar
[12May2025 05:36:14.485] [main/DEBUG] [net.minecraftforge.fml.loading.moddiscovery.ModFileInfo/LOADING]: Found valid mod file AI-Improvements-1.20-0.5.2.jar with {aiimprovements} mods - versions {0.5.2}
[12May2025 05:36:14.489] [main/DEBUG] [net.minecraftforge.fml.loading.moddiscovery.ModFileParser/LOADING]: Considering mod file candidate /workspaces/MS-1/servidor_minecraft/mods/appliedenergistics2-forge-15.3.4.jar
[12May2025 05:36:14.492] [main/DEBUG] [net.minecraftforge.fml.loading.moddiscovery.ModFileInfo/LOADING]: Found valid mod file appliedenergistics2-forge-15.3.4.jar with {ae2} mods - versions {15.3.4}
[12May2025 05:36:14.493] [main/DEBUG] [net.minecraftforge.fml.loading.moddiscovery.ModFileParser/LOADING]: Considering mod file candidate /workspaces/MS-1/servidor_minecraft/mods/aquamirae-6.API15.jar
[12May2025 05:36:14.497] [main/DEBUG] [net.minecraftforge.fml.loading.moddiscovery.ModFileInfo/LOADING]: Found valid mod file aquamirae-6.API15.jar with {aquamirae} mods - versions {6.API15}
[12May2025 05:36:14.498] [main/DEBUG] [net.minecraftforge.fml.loading.moddiscovery.ModFileParser/LOADING]: Considering mod file candidate /workspaces/MS-1/servidor_minecraft/mods/athena-forge-1.20.1-3.1.2.jar
[12May2025 05:36:14.500] [main/DEBUG] [net.minecraftforge.fml.loading.moddiscovery.ModFileInfo/LOADING]: Found valid mod file athena-forge-1.20.1-3.1.2.jar with {athena} mods - versions {3.1.2}
[12May2025 05:36:14.501] [main/DEBUG] [net.minecraftforge.fml.loading.moddiscovery.ModFileParser/LOADING]: Considering mod file candidate /workspaces/MS-1/servidor_minecraft/mods/balm-forge-1.20.1-7.3.27-all.jar
[12May2025 05:36:14.505] [main/DEBUG] [net.minecraftforge.fml.loading.moddiscovery.ModFileInfo/LOADING]: Found valid mod file balm-forge-1.20.1-7.3.27-all.jar with {balm} mods - versions {7.3.27}
[12May2025 05:36:14.505] [main/DEBUG] [net.minecraftforge.fml.loading.moddiscovery.ModFileParser/LOADING]: Considering mod file candidate /workspaces/MS-1/servidor_minecraft/mods/bettercombat-forge-1.8.6+1.20.1.jar
[12May2025 05:36:14.508] [main/DEBUG] [net.minecraftforge.fml.loading.moddiscovery.ModFileInfo/LOADING]: Found valid mod file bettercombat-forge-1.8.6+1.20.1.jar with {bettercombat} mods - versions {1.8.6+1.20.1}
[12May2025 05:36:14.509] [main/DEBUG] [net.minecraftforge.fml.loading.moddiscovery.ModFileParser/LOADING]: Considering mod file candidate /workspaces/MS-1/servidor_minecraft/mods/BetterCompatibilityChecker-forge-4.0.8+mc1.20.1.jar
[12May2025 05:36:14.510] [main/DEBUG] [net.minecraftforge.fml.loading.moddiscovery.ModFileInfo/LOADING]: Found valid mod file BetterCompatibilityChecker-forge-4.0.8+mc1.20.1.jar with {bcc} mods - versions {4.0.8}
[12May2025 05:36:14.511] [main/DEBUG] [net.minecraftforge.fml.loading.moddiscovery.ModFileParser/LOADING]: Considering mod file candidate /workspaces/MS-1/servidor_minecraft/mods/betterfpsdist-1.20.1-6.0.jar
[12May2025 05:36:14.514] [main/DEBUG] [net.minecraftforge.fml.loading.moddiscovery.ModFileInfo/LOADING]: Found valid mod file betterfpsdist-1.20.1-6.0.jar with {betterfpsdist} mods - versions {1.20.1-6.0}
[12May2025 05:36:14.522] [main/DEBUG] [net.minecraftforge.fml.loading.moddiscovery.ModFileParser/LOADING]: Considering mod file candidate /workspaces/MS-1/servidor_minecraft/mods/BiomesOPlenty-forge-1.20.1-19.0.0.96.jar
[12May2025 05:36:14.525] [main/DEBUG] [net.minecraftforge.fml.loading.moddiscovery.ModFileInfo/LOADING]: Found valid mod file BiomesOPlenty-forge-1.20.1-19.0.0.96.jar with {biomesoplenty} mods - versions {19.0.0.96}
[12May2025 05:36:14.528] [main/DEBUG] [net.minecraftforge.fml.loading.moddiscovery.ModFileParser/LOADING]: Considering mod file candidate /workspaces/MS-1/servidor_minecraft/mods/blueprint-1.20.1-7.1.2.jar
[12May2025 05:36:14.538] [main/DEBUG] [net.minecraftforge.fml.loading.moddiscovery.ModFileInfo/LOADING]: Found valid mod file blueprint-1.20.1-7.1.2.jar with {blueprint} mods - versions {7.1.2}
[12May2025 05:36:14.553] [main/DEBUG] [net.minecraftforge.fml.loading.moddiscovery.ModFileParser/LOADING]: Considering mod file candidate /workspaces/MS-1/servidor_minecraft/mods/Botania-1.20.1-447-FORGE.jar
[12May2025 05:36:14.557] [main/DEBUG] [net.minecraftforge.fml.loading.moddiscovery.ModFileInfo/LOADING]: Found valid mod file Botania-1.20.1-447-FORGE.jar with {botania} mods - versions {1.20.1-447-FORGE}
[12May2025 05:36:14.559] [main/DEBUG] [net.minecraftforge.fml.loading.moddiscovery.ModFileParser/LOADING]: Considering mod file candidate /workspaces/MS-1/servidor_minecraft/mods/Capivara.jar
[12May2025 05:36:14.560] [main/DEBUG] [net.minecraftforge.fml.loading.moddiscovery.ModFileInfo/LOADING]: Found valid mod file Capivara.jar with {bettermobs} mods - versions {1.0.0}
[12May2025 05:36:14.641] [main/DEBUG] [net.minecraftforge.fml.loading.moddiscovery.ModFileParser/LOADING]: Considering mod file candidate /workspaces/MS-1/servidor_minecraft/mods/chipped-forge-1.20.1-3.0.7.jar
[12May2025 05:36:14.645] [main/DEBUG] [net.minecraftforge.fml.loading.moddiscovery.ModFileInfo/LOADING]: Found valid mod file chipped-forge-1.20.1-3.0.7.jar with {chipped} mods - versions {3.0.7}
[12May2025 05:36:14.647] [main/DEBUG] [net.minecraftforge.fml.loading.moddiscovery.ModFileParser/LOADING]: Considering mod file candidate /workspaces/MS-1/servidor_minecraft/mods/Choups_Drakvyrn_Mod_(v2.5.0)_for_1.20.1.jar
[12May2025 05:36:14.648] [main/DEBUG] [net.minecraftforge.fml.loading.moddiscovery.ModFileInfo/LOADING]: Found valid mod file Choups_Drakvyrn_Mod_(v2.5.0)_for_1.20.1.jar with {choups_drakvyrn_mod} mods - versions {2.5.0}
[12May2025 05:36:14.650] [main/DEBUG] [net.minecraftforge.fml.loading.moddiscovery.ModFileParser/LOADING]: Considering mod file candidate /workspaces/MS-1/servidor_minecraft/mods/cloth-config-11.1.118-forge.jar
[12May2025 05:36:14.651] [main/DEBUG] [net.minecraftforge.fml.loading.moddiscovery.ModFileInfo/LOADING]: Found valid mod file cloth-config-11.1.118-forge.jar with {cloth_config} mods - versions {11.1.118}
[12May2025 05:36:14.651] [main/DEBUG] [net.minecraftforge.fml.loading.moddiscovery.ModFileParser/LOADING]: Considering mod file candidate /workspaces/MS-1/servidor_minecraft/mods/collective-1.20.1-8.1.jar
[12May2025 05:36:14.652] [main/DEBUG] [net.minecraftforge.fml.loading.moddiscovery.ModFileInfo/LOADING]: Found valid mod file collective-1.20.1-8.1.jar with {collective} mods - versions {8.1}
[12May2025 05:36:14.653] [main/DEBUG] [net.minecraftforge.fml.loading.moddiscovery.ModFileParser/LOADING]: Considering mod file candidate /workspaces/MS-1/servidor_minecraft/mods/crittersandcompanions-forge-2.2.2.jar
[12May2025 05:36:14.655] [main/DEBUG] [net.minecraftforge.fml.loading.moddiscovery.ModFileInfo/LOADING]: Found valid mod file crittersandcompanions-forge-2.2.2.jar with {crittersandcompanions} mods - versions {2.2.2}
[12May2025 05:36:14.657] [main/DEBUG] [net.minecraftforge.fml.loading.moddiscovery.ModFileParser/LOADING]: Considering mod file candidate /workspaces/MS-1/servidor_minecraft/mods/cupboard-1.20.1-2.7.jar
[12May2025 05:36:14.658] [main/DEBUG] [net.minecraftforge.fml.loading.moddiscovery.ModFileInfo/LOADING]: Found valid mod file cupboard-1.20.1-2.7.jar with {cupboard} mods - versions {1.20.1-2.7}
[12May2025 05:36:14.662] [main/DEBUG] [net.minecraftforge.fml.loading.moddiscovery.ModFileParser/LOADING]: Considering mod file candidate /workspaces/MS-1/servidor_minecraft/mods/curios-forge-5.4.2+1.20.1.jar
[12May2025 05:36:14.663] [main/DEBUG] [net.minecraftforge.fml.loading.moddiscovery.ModFileInfo/LOADING]: Found valid mod file curios-forge-5.4.2+1.20.1.jar with {curios} mods - versions {5.4.2+1.20.1}
[12May2025 05:36:14.669] [main/DEBUG] [net.minecraftforge.fml.loading.moddiscovery.ModFileParser/LOADING]: Considering mod file candidate /workspaces/MS-1/servidor_minecraft/mods/decorative_blocks-forge-1.20.1-4.1.3.jar
[12May2025 05:36:14.670] [main/DEBUG] [net.minecraftforge.fml.loading.moddiscovery.ModFileInfo/LOADING]: Found valid mod file decorative_blocks-forge-1.20.1-4.1.3.jar with {decorative_blocks} mods - versions {4.1.3}
[12May2025 05:36:14.675] [main/DEBUG] [net.minecraftforge.fml.loading.moddiscovery.ModFileParser/LOADING]: Considering mod file candidate /workspaces/MS-1/servidor_minecraft/mods/DungeonsArise-1.20.x-2.1.58-release.jar
[12May2025 05:36:14.677] [main/DEBUG] [net.minecraftforge.fml.loading.moddiscovery.ModFileInfo/LOADING]: Found valid mod file DungeonsArise-1.20.x-2.1.58-release.jar with {dungeons_arise} mods - versions {2.1.58-1.20.x}
[12May2025 05:36:14.680] [main/DEBUG] [net.minecraftforge.fml.loading.moddiscovery.ModFileParser/LOADING]: Considering mod file candidate /workspaces/MS-1/servidor_minecraft/mods/elevatorid-1.20.1-lex-1.9.jar
[12May2025 05:36:14.681] [main/DEBUG] [net.minecraftforge.fml.loading.moddiscovery.ModFileInfo/LOADING]: Found valid mod file elevatorid-1.20.1-lex-1.9.jar with {elevatorid} mods - versions {1.20.1-lex-1.9}
[12May2025 05:36:14.685] [main/DEBUG] [net.minecraftforge.fml.loading.moddiscovery.ModFileParser/LOADING]: Considering mod file candidate /workspaces/MS-1/servidor_minecraft/mods/Explorify v1.6.2 f10-48.jar
[12May2025 05:36:14.686] [main/DEBUG] [net.minecraftforge.fml.loading.moddiscovery.ModFileInfo/LOADING]: Found valid mod file Explorify v1.6.2 f10-48.jar with {explorify} mods - versions {1.6.2}
[12May2025 05:36:14.706] [main/DEBUG] [net.minecraftforge.fml.loading.moddiscovery.ModFileParser/LOADING]: Considering mod file candidate /workspaces/MS-1/servidor_minecraft/mods/ferritecore-6.0.1-forge.jar
[12May2025 05:36:14.711] [main/DEBUG] [net.minecraftforge.fml.loading.moddiscovery.ModFileInfo/LOADING]: Found valid mod file ferritecore-6.0.1-forge.jar with {ferritecore} mods - versions {6.0.1}
[12May2025 05:36:14.714] [main/DEBUG] [net.minecraftforge.fml.loading.moddiscovery.ModFileParser/LOADING]: Considering mod file candidate /workspaces/MS-1/servidor_minecraft/mods/furnitura-1.12-1.20.1.jar
[12May2025 05:36:14.716] [main/DEBUG] [net.minecraftforge.fml.loading.moddiscovery.ModFileInfo/LOADING]: Found valid mod file furnitura-1.12-1.20.1.jar with {furnitura} mods - versions {1.12-1.20.1}
[12May2025 05:36:14.722] [main/DEBUG] [net.minecraftforge.fml.loading.moddiscovery.ModFileParser/LOADING]: Considering mod file candidate /workspaces/MS-1/servidor_minecraft/mods/geckolib-forge-1.20.1-4.7.1.2.jar
[12May2025 05:36:14.725] [main/DEBUG] [net.minecraftforge.fml.loading.moddiscovery.ModFileInfo/LOADING]: Found valid mod file geckolib-forge-1.20.1-4.7.1.2.jar with {geckolib} mods - versions {4.7.1.2}
[12May2025 05:36:14.727] [main/DEBUG] [net.minecraftforge.fml.loading.moddiscovery.ModFileParser/LOADING]: Considering mod file candidate /workspaces/MS-1/servidor_minecraft/mods/GlitchCore-forge-1.20.1-0.0.1.0.jar
[12May2025 05:36:14.729] [main/DEBUG] [net.minecraftforge.fml.loading.moddiscovery.ModFileInfo/LOADING]: Found valid mod file GlitchCore-forge-1.20.1-0.0.1.0.jar with {glitchcore} mods - versions {0.0.1.0}
[12May2025 05:36:14.730] [main/DEBUG] [net.minecraftforge.fml.loading.moddiscovery.ModFileParser/LOADING]: Considering mod file candidate /workspaces/MS-1/servidor_minecraft/mods/gravestone-forge-1.20.1-1.0.24.jar
[12May2025 05:36:14.732] [main/DEBUG] [net.minecraftforge.fml.loading.moddiscovery.ModFileInfo/LOADING]: Found valid mod file gravestone-forge-1.20.1-1.0.24.jar with {gravestone} mods - versions {1.20.1-1.0.24}
[12May2025 05:36:14.868] [main/DEBUG] [net.minecraftforge.fml.loading.moddiscovery.ModFileParser/LOADING]: Considering mod file candidate /workspaces/MS-1/servidor_minecraft/mods/ImmersiveEngineering-1.20.1-10.2.0-183.jar
[12May2025 05:36:14.869] [main/DEBUG] [net.minecraftforge.fml.loading.moddiscovery.ModFileInfo/LOADING]: Found valid mod file ImmersiveEngineering-1.20.1-10.2.0-183.jar with {immersiveengineering} mods - versions {1.20.1-10.2.0-183}
[12May2025 05:36:14.870] [main/DEBUG] [net.minecraftforge.fml.loading.moddiscovery.ModFileParser/LOADING]: Considering mod file candidate /workspaces/MS-1/servidor_minecraft/mods/inventoryhud.forge.1.20.1-3.4.26.jar
[12May2025 05:36:14.872] [main/DEBUG] [net.minecraftforge.fml.loading.moddiscovery.ModFileInfo/LOADING]: Found valid mod file inventoryhud.forge.1.20.1-3.4.26.jar with {inventoryhud} mods - versions {3.4.26}
[12May2025 05:36:14.872] [main/DEBUG] [net.minecraftforge.fml.loading.moddiscovery.ModFileParser/LOADING]: Considering mod file candidate /workspaces/MS-1/servidor_minecraft/mods/Jade-1.20.1-Forge-11.13.1.jar
[12May2025 05:36:14.873] [main/DEBUG] [net.minecraftforge.fml.loading.moddiscovery.ModFileInfo/LOADING]: Found valid mod file Jade-1.20.1-Forge-11.13.1.jar with {jade} mods - versions {11.13.1+forge}
[12May2025 05:36:14.875] [main/DEBUG] [net.minecraftforge.fml.loading.moddiscovery.ModFileParser/LOADING]: Considering mod file candidate /workspaces/MS-1/servidor_minecraft/mods/jei-1.20.1-forge-15.20.0.106.jar
[12May2025 05:36:14.876] [main/DEBUG] [net.minecraftforge.fml.loading.moddiscovery.ModFileInfo/LOADING]: Found valid mod file jei-1.20.1-forge-15.20.0.106.jar with {jei} mods - versions {15.20.0.106}
[12May2025 05:36:14.877] [main/DEBUG] [net.minecraftforge.fml.loading.moddiscovery.ModFileParser/LOADING]: Considering mod file candidate /workspaces/MS-1/servidor_minecraft/mods/JustEnoughResources-1.20.1-1.4.0.247.jar
[12May2025 05:36:14.877] [main/DEBUG] [net.minecraftforge.fml.loading.moddiscovery.ModFileInfo/LOADING]: Found valid mod file JustEnoughResources-1.20.1-1.4.0.247.jar with {jeresources} mods - versions {1.4.0.247}
[12May2025 05:36:14.878] [main/DEBUG] [net.minecraftforge.fml.loading.moddiscovery.ModFileParser/LOADING]: Considering mod file candidate /workspaces/MS-1/servidor_minecraft/mods/lithostitched-forge-1.20.1-1.4.4.jar
[12May2025 05:36:14.879] [main/DEBUG] [net.minecraftforge.fml.loading.moddiscovery.ModFileInfo/LOADING]: Found valid mod file lithostitched-forge-1.20.1-1.4.4.jar with {lithostitched} mods - versions {1.4}
[12May2025 05:36:14.879] [main/DEBUG] [net.minecraftforge.fml.loading.moddiscovery.ModFileParser/LOADING]: Considering mod file candidate /workspaces/MS-1/servidor_minecraft/mods/lootr-forge-1.20-0.7.35.91.jar
[12May2025 05:36:14.880] [main/DEBUG] [net.minecraftforge.fml.loading.moddiscovery.ModFileInfo/LOADING]: Found valid mod file lootr-forge-1.20-0.7.35.91.jar with {lootr} mods - versions {0.7.35.91}
[12May2025 05:36:14.881] [main/DEBUG] [net.minecraftforge.fml.loading.moddiscovery.ModFileParser/LOADING]: Considering mod file candidate /workspaces/MS-1/servidor_minecraft/mods/modernfix-forge-5.21.0+mc1.20.1.jar
[12May2025 05:36:14.882] [main/DEBUG] [net.minecraftforge.fml.loading.moddiscovery.ModFileInfo/LOADING]: Found valid mod file modernfix-forge-5.21.0+mc1.20.1.jar with {modernfix} mods - versions {5.21.0+mc1.20.1}
[12May2025 05:36:14.883] [main/DEBUG] [net.minecraftforge.fml.loading.moddiscovery.ModFileParser/LOADING]: Considering mod file candidate /workspaces/MS-1/servidor_minecraft/mods/moonlight-1.20-2.13.81-forge.jar
[12May2025 05:36:14.885] [main/DEBUG] [net.minecraftforge.fml.loading.moddiscovery.ModFileInfo/LOADING]: Found valid mod file moonlight-1.20-2.13.81-forge.jar with {moonlight} mods - versions {1.20-2.13.81}
[12May2025 05:36:14.886] [main/DEBUG] [net.minecraftforge.fml.loading.moddiscovery.ModFileParser/LOADING]: Considering mod file candidate /workspaces/MS-1/servidor_minecraft/mods/mvs-4.1.4-1.20-forge.jar
[12May2025 05:36:14.888] [main/DEBUG] [net.minecraftforge.fml.loading.moddiscovery.ModFileInfo/LOADING]: Found valid mod file mvs-4.1.4-1.20-forge.jar with {mvs} mods - versions {4.1.4-1.20-forge}
[12May2025 05:36:14.889] [main/DEBUG] [net.minecraftforge.fml.loading.moddiscovery.ModFileParser/LOADING]: Considering mod file candidate /workspaces/MS-1/servidor_minecraft/mods/obscure_api-15.jar
[12May2025 05:36:14.890] [main/DEBUG] [net.minecraftforge.fml.loading.moddiscovery.ModFileInfo/LOADING]: Found valid mod file obscure_api-15.jar with {obscure_api} mods - versions {15}
[12May2025 05:36:14.891] [main/DEBUG] [net.minecraftforge.fml.loading.moddiscovery.ModFileParser/LOADING]: Considering mod file candidate /workspaces/MS-1/servidor_minecraft/mods/Patchouli-1.20.1-84-FORGE.jar
[12May2025 05:36:14.891] [main/DEBUG] [net.minecraftforge.fml.loading.moddiscovery.ModFileInfo/LOADING]: Found valid mod file Patchouli-1.20.1-84-FORGE.jar with {patchouli} mods - versions {1.20.1-84-FORGE}
[12May2025 05:36:14.893] [main/DEBUG] [net.minecraftforge.fml.loading.moddiscovery.ModFileParser/LOADING]: Considering mod file candidate /workspaces/MS-1/servidor_minecraft/mods/player-animation-lib-forge-1.0.2-rc1+1.20.jar
[12May2025 05:36:14.897] [main/DEBUG] [net.minecraftforge.fml.loading.moddiscovery.ModFileInfo/LOADING]: Found valid mod file player-animation-lib-forge-1.0.2-rc1+1.20.jar with {playeranimator} mods - versions {1.0.2-rc1+1.20}
[12May2025 05:36:14.910] [main/DEBUG] [net.minecraftforge.fml.loading.moddiscovery.ModFileParser/LOADING]: Considering mod file candidate /workspaces/MS-1/servidor_minecraft/mods/Quark-4.0-438.jar
[12May2025 05:36:14.913] [main/DEBUG] [net.minecraftforge.fml.loading.moddiscovery.ModFileInfo/LOADING]: Found valid mod file Quark-4.0-438.jar with {quark} mods - versions {4.0-438}
[12May2025 05:36:14.914] [main/DEBUG] [net.minecraftforge.fml.loading.moddiscovery.ModFileParser/LOADING]: Considering mod file candidate /workspaces/MS-1/servidor_minecraft/mods/resourcefullib-forge-1.20.1-2.1.29.jar
[12May2025 05:36:14.915] [main/DEBUG] [net.minecraftforge.fml.loading.moddiscovery.ModFileInfo/LOADING]: Found valid mod file resourcefullib-forge-1.20.1-2.1.29.jar with {resourcefullib} mods - versions {2.1.29}
[12May2025 05:36:14.915] [main/DEBUG] [net.minecraftforge.fml.loading.moddiscovery.ModFileParser/LOADING]: Considering mod file candidate /workspaces/MS-1/servidor_minecraft/mods/scaffoldingdropsnearby-1.20.1-3.4.jar
[12May2025 05:36:14.916] [main/DEBUG] [net.minecraftforge.fml.loading.moddiscovery.ModFileInfo/LOADING]: Found valid mod file scaffoldingdropsnearby-1.20.1-3.4.jar with {scaffoldingdropsnearby} mods - versions {3.4}
[12May2025 05:36:14.918] [main/DEBUG] [net.minecraftforge.fml.loading.moddiscovery.ModFileParser/LOADING]: Considering mod file candidate /workspaces/MS-1/servidor_minecraft/mods/sophisticatedbackpacks-1.20.1-3.23.13.1227.jar
[12May2025 05:36:14.921] [main/DEBUG] [net.minecraftforge.fml.loading.moddiscovery.ModFileInfo/LOADING]: Found valid mod file sophisticatedbackpacks-1.20.1-3.23.13.1227.jar with {sophisticatedbackpacks} mods - versions {3.23.13.1227}
[12May2025 05:36:14.925] [main/DEBUG] [net.minecraftforge.fml.loading.moddiscovery.ModFileParser/LOADING]: Considering mod file candidate /workspaces/MS-1/servidor_minecraft/mods/sophisticatedcore-1.20.1-1.2.45.953.jar
[12May2025 05:36:14.926] [main/DEBUG] [net.minecraftforge.fml.loading.moddiscovery.ModFileInfo/LOADING]: Found valid mod file sophisticatedcore-1.20.1-1.2.45.953.jar with {sophisticatedcore} mods - versions {1.2.45.953}
[12May2025 05:36:14.927] [main/DEBUG] [net.minecraftforge.fml.loading.moddiscovery.ModFileParser/LOADING]: Considering mod file candidate /workspaces/MS-1/servidor_minecraft/mods/sound-physics-remastered-forge-1.20.1-1.4.13.jar
[12May2025 05:36:14.928] [main/DEBUG] [net.minecraftforge.fml.loading.moddiscovery.ModFileInfo/LOADING]: Found valid mod file sound-physics-remastered-forge-1.20.1-1.4.13.jar with {sound_physics_remastered} mods - versions {1.20.1-1.4.13}
[12May2025 05:36:14.932] [main/DEBUG] [net.minecraftforge.fml.loading.moddiscovery.ModFileParser/LOADING]: Considering mod file candidate /workspaces/MS-1/servidor_minecraft/mods/supplementaries-1.20-3.1.26.jar
[12May2025 05:36:14.934] [main/DEBUG] [net.minecraftforge.fml.loading.moddiscovery.ModFileInfo/LOADING]: Found valid mod file supplementaries-1.20-3.1.26.jar with {supplementaries} mods - versions {1.20-3.1.26}
[12May2025 05:36:14.935] [main/DEBUG] [net.minecraftforge.fml.loading.moddiscovery.ModFileParser/LOADING]: Considering mod file candidate /workspaces/MS-1/servidor_minecraft/mods/TerraBlender-forge-1.20.1-3.0.1.7.jar
[12May2025 05:36:14.936] [main/DEBUG] [net.minecraftforge.fml.loading.moddiscovery.ModFileInfo/LOADING]: Found valid mod file TerraBlender-forge-1.20.1-3.0.1.7.jar with {terrablender} mods - versions {3.0.1.7}
[12May2025 05:36:14.937] [main/DEBUG] [net.minecraftforge.fml.loading.moddiscovery.ModFileParser/LOADING]: Considering mod file candidate /workspaces/MS-1/servidor_minecraft/mods/torchmaster-20.1.6.jar
[12May2025 05:36:14.938] [main/DEBUG] [net.minecraftforge.fml.loading.moddiscovery.ModFileInfo/LOADING]: Found valid mod file torchmaster-20.1.6.jar with {torchmaster} mods - versions {20.1.6}
[12May2025 05:36:14.943] [main/DEBUG] [net.minecraftforge.fml.loading.moddiscovery.ModFileParser/LOADING]: Considering mod file candidate /workspaces/MS-1/servidor_minecraft/mods/twilightforest-1.20.1-4.3.2145-universal.jar
[12May2025 05:36:14.944] [main/DEBUG] [net.minecraftforge.fml.loading.moddiscovery.ModFileInfo/LOADING]: Found valid mod file twilightforest-1.20.1-4.3.2145-universal.jar with {twilightforest} mods - versions {4.3.2145}
[12May2025 05:36:14.947] [main/DEBUG] [net.minecraftforge.fml.loading.moddiscovery.ModFileParser/LOADING]: Considering mod file candidate /workspaces/MS-1/servidor_minecraft/mods/unusualend-2.3.0-forge-1.20.1.jar
[12May2025 05:36:14.949] [main/DEBUG] [net.minecraftforge.fml.loading.moddiscovery.ModFileInfo/LOADING]: Found valid mod file unusualend-2.3.0-forge-1.20.1.jar with {unusualend} mods - versions {2.3.0}
[12May2025 05:36:14.949] [main/DEBUG] [net.minecraftforge.fml.loading.moddiscovery.ModFileParser/LOADING]: Considering mod file candidate /workspaces/MS-1/servidor_minecraft/mods/waystones-forge-1.20.1-14.1.11.jar
[12May2025 05:36:14.950] [main/DEBUG] [net.minecraftforge.fml.loading.moddiscovery.ModFileInfo/LOADING]: Found valid mod file waystones-forge-1.20.1-14.1.11.jar with {waystones} mods - versions {14.1.11}
[12May2025 05:36:14.951] [main/DEBUG] [net.minecraftforge.fml.loading.moddiscovery.ModFileParser/LOADING]: Considering mod file candidate /workspaces/MS-1/servidor_minecraft/mods/Xaeros_Minimap_25.2.0_Forge_1.20.jar
[12May2025 05:36:14.952] [main/DEBUG] [net.minecraftforge.fml.loading.moddiscovery.ModFileInfo/LOADING]: Found valid mod file Xaeros_Minimap_25.2.0_Forge_1.20.jar with {xaerominimap} mods - versions {25.2.0}
[12May2025 05:36:14.953] [main/DEBUG] [net.minecraftforge.fml.loading.moddiscovery.ModFileParser/LOADING]: Considering mod file candidate /workspaces/MS-1/servidor_minecraft/mods/XaerosWorldMap_1.39.4_Forge_1.20.jar
[12May2025 05:36:14.954] [main/DEBUG] [net.minecraftforge.fml.loading.moddiscovery.ModFileInfo/LOADING]: Found valid mod file XaerosWorldMap_1.39.4_Forge_1.20.jar with {xaeroworldmap} mods - versions {1.39.4}
[12May2025 05:36:14.955] [main/DEBUG] [net.minecraftforge.fml.loading.moddiscovery.ModFileParser/LOADING]: Considering mod file candidate /workspaces/MS-1/servidor_minecraft/mods/YungsApi-1.20-Forge-4.0.6.jar
[12May2025 05:36:14.955] [main/DEBUG] [net.minecraftforge.fml.loading.moddiscovery.ModFileInfo/LOADING]: Found valid mod file YungsApi-1.20-Forge-4.0.6.jar with {yungsapi} mods - versions {1.20-Forge-4.0.6}
[12May2025 05:36:14.956] [main/DEBUG] [net.minecraftforge.fml.loading.moddiscovery.ModFileParser/LOADING]: Considering mod file candidate /workspaces/MS-1/servidor_minecraft/mods/YungsBetterNetherFortresses-1.20-Forge-2.0.6.jar
[12May2025 05:36:14.957] [main/DEBUG] [net.minecraftforge.fml.loading.moddiscovery.ModFileInfo/LOADING]: Found valid mod file YungsBetterNetherFortresses-1.20-Forge-2.0.6.jar with {betterfortresses} mods - versions {1.20-Forge-2.0.6}
[12May2025 05:36:14.959] [main/DEBUG] [net.minecraftforge.fml.loading.moddiscovery.ModFileParser/LOADING]: Considering mod file candidate /workspaces/MS-1/servidor_minecraft/mods/Zeta-1.0-14.jar
[12May2025 05:36:14.963] [main/DEBUG] [net.minecraftforge.fml.loading.moddiscovery.ModFileInfo/LOADING]: Found valid mod file Zeta-1.0-14.jar with {zeta} mods - versions {1.0-14}
[12May2025 05:36:15.094] [main/DEBUG] [net.minecraftforge.fml.loading.moddiscovery.ModFileInfo/LOADING]: Found valid mod file server-1.20.1-20230612.114412-srg.jar with {minecraft} mods - versions {1.20.1}
[12May2025 05:36:15.100] [main/DEBUG] [net.minecraftforge.fml.loading.moddiscovery.ModFileParser/LOADING]: Considering mod file candidate /workspaces/MS-1/servidor_minecraft/libraries/net/minecraftforge/fmlcore/1.20.1-47.3.7/fmlcore-1.20.1-47.3.7.jar
[12May2025 05:36:15.100] [main/WARN] [net.minecraftforge.fml.loading.moddiscovery.ModFileParser/LOADING]: Mod file /workspaces/MS-1/servidor_minecraft/libraries/net/minecraftforge/fmlcore/1.20.1-47.3.7/fmlcore-1.20.1-47.3.7.jar is missing mods.toml file
[12May2025 05:36:15.102] [main/DEBUG] [net.minecraftforge.fml.loading.moddiscovery.ModFileParser/LOADING]: Considering mod file candidate /workspaces/MS-1/servidor_minecraft/libraries/net/minecraftforge/javafmllanguage/1.20.1-47.3.7/javafmllanguage-1.20.1-47.3.7.jar
[12May2025 05:36:15.102] [main/WARN] [net.minecraftforge.fml.loading.moddiscovery.ModFileParser/LOADING]: Mod file /workspaces/MS-1/servidor_minecraft/libraries/net/minecraftforge/javafmllanguage/1.20.1-47.3.7/javafmllanguage-1.20.1-47.3.7.jar is missing mods.toml file
[12May2025 05:36:15.104] [main/DEBUG] [net.minecraftforge.fml.loading.moddiscovery.ModFileParser/LOADING]: Considering mod file candidate /workspaces/MS-1/servidor_minecraft/libraries/net/minecraftforge/lowcodelanguage/1.20.1-47.3.7/lowcodelanguage-1.20.1-47.3.7.jar
[12May2025 05:36:15.104] [main/WARN] [net.minecraftforge.fml.loading.moddiscovery.ModFileParser/LOADING]: Mod file /workspaces/MS-1/servidor_minecraft/libraries/net/minecraftforge/lowcodelanguage/1.20.1-47.3.7/lowcodelanguage-1.20.1-47.3.7.jar is missing mods.toml file
[12May2025 05:36:15.105] [main/DEBUG] [net.minecraftforge.fml.loading.moddiscovery.ModFileParser/LOADING]: Considering mod file candidate /workspaces/MS-1/servidor_minecraft/libraries/net/minecraftforge/mclanguage/1.20.1-47.3.7/mclanguage-1.20.1-47.3.7.jar
[12May2025 05:36:15.105] [main/WARN] [net.minecraftforge.fml.loading.moddiscovery.ModFileParser/LOADING]: Mod file /workspaces/MS-1/servidor_minecraft/libraries/net/minecraftforge/mclanguage/1.20.1-47.3.7/mclanguage-1.20.1-47.3.7.jar is missing mods.toml file
[12May2025 05:36:15.168] [main/DEBUG] [net.minecraftforge.fml.loading.moddiscovery.ModFileParser/LOADING]: Considering mod file candidate /workspaces/MS-1/servidor_minecraft/libraries/net/minecraftforge/forge/1.20.1-47.3.7/forge-1.20.1-47.3.7-universal.jar
[12May2025 05:36:15.169] [main/DEBUG] [net.minecraftforge.fml.loading.moddiscovery.ModFileInfo/LOADING]: Found valid mod file forge-1.20.1-47.3.7-universal.jar with {forge} mods - versions {47.3.7}
[12May2025 05:36:15.188] [main/DEBUG] [net.minecraftforge.fml.loading.moddiscovery.AbstractJarFileDependencyLocator/]: Failed to load resource META-INF/jarjar/metadata.json from furnitura-1.12-1.20.1.jar, it does not contain dependency information.
[12May2025 05:36:15.188] [main/DEBUG] [net.minecraftforge.fml.loading.moddiscovery.AbstractJarFileDependencyLocator/]: Failed to load resource META-INF/jarjar/metadata.json from player-animation-lib-forge-1.0.2-rc1+1.20.jar, it does not contain dependency information.
[12May2025 05:36:15.188] [main/DEBUG] [net.minecraftforge.fml.loading.moddiscovery.AbstractJarFileDependencyLocator/]: Failed to load resource META-INF/jarjar/metadata.json from jei-1.20.1-forge-15.20.0.106.jar, it does not contain dependency information.
[12May2025 05:36:15.189] [main/DEBUG] [net.minecraftforge.fml.loading.moddiscovery.AbstractJarFileDependencyLocator/]: Failed to load resource META-INF/jarjar/metadata.json from appliedenergistics2-forge-15.3.4.jar, it does not contain dependency information.
[12May2025 05:36:15.189] [main/DEBUG] [net.minecraftforge.fml.loading.moddiscovery.AbstractJarFileDependencyLocator/]: Failed to load resource META-INF/jarjar/metadata.json from lithostitched-forge-1.20.1-1.4.4.jar, it does not contain dependency information.
[12May2025 05:36:15.189] [main/DEBUG] [net.minecraftforge.fml.loading.moddiscovery.AbstractJarFileDependencyLocator/]: Failed to load resource META-INF/jarjar/metadata.json from obscure_api-15.jar, it does not contain dependency information.
[12May2025 05:36:15.189] [main/DEBUG] [net.minecraftforge.fml.loading.moddiscovery.AbstractJarFileDependencyLocator/]: Failed to load resource META-INF/jarjar/metadata.json from sophisticatedcore-1.20.1-1.2.45.953.jar, it does not contain dependency information.
[12May2025 05:36:15.189] [main/DEBUG] [net.minecraftforge.fml.loading.moddiscovery.AbstractJarFileDependencyLocator/]: Failed to load resource META-INF/jarjar/metadata.json from sound-physics-remastered-forge-1.20.1-1.4.13.jar, it does not contain dependency information.
[12May2025 05:36:15.189] [main/DEBUG] [net.minecraftforge.fml.loading.moddiscovery.AbstractJarFileDependencyLocator/]: Failed to load resource META-INF/jarjar/metadata.json from waystones-forge-1.20.1-14.1.11.jar, it does not contain dependency information.
[12May2025 05:36:15.190] [main/DEBUG] [net.minecraftforge.fml.loading.moddiscovery.AbstractJarFileDependencyLocator/]: Failed to load resource META-INF/jarjar/metadata.json from XaerosWorldMap_1.39.4_Forge_1.20.jar, it does not contain dependency information.
[12May2025 05:36:15.190] [main/DEBUG] [net.minecraftforge.fml.loading.moddiscovery.AbstractJarFileDependencyLocator/]: Failed to load resource META-INF/jarjar/metadata.json from YungsApi-1.20-Forge-4.0.6.jar, it does not contain dependency information.
[12May2025 05:36:15.191] [main/DEBUG] [net.minecraftforge.fml.loading.moddiscovery.AbstractJarFileDependencyLocator/]: Failed to load resource META-INF/jarjar/metadata.json from decorative_blocks-forge-1.20.1-4.1.3.jar, it does not contain dependency information.
[12May2025 05:36:15.192] [main/DEBUG] [net.minecraftforge.fml.loading.moddiscovery.AbstractJarFileDependencyLocator/]: Failed to load resource META-INF/jarjar/metadata.json from GlitchCore-forge-1.20.1-0.0.1.0.jar, it does not contain dependency information.
[12May2025 05:36:15.192] [main/DEBUG] [net.minecraftforge.fml.loading.moddiscovery.AbstractJarFileDependencyLocator/]: Failed to load resource META-INF/jarjar/metadata.json from sophisticatedbackpacks-1.20.1-3.23.13.1227.jar, it does not contain dependency information.
[12May2025 05:36:15.192] [main/DEBUG] [net.minecraftforge.fml.loading.moddiscovery.AbstractJarFileDependencyLocator/]: Failed to load resource META-INF/jarjar/metadata.json from Capivara.jar, it does not contain dependency information.
[12May2025 05:36:15.192] [main/DEBUG] [net.minecraftforge.fml.loading.moddiscovery.AbstractJarFileDependencyLocator/]: Failed to load resource META-INF/jarjar/metadata.json from blueprint-1.20.1-7.1.2.jar, it does not contain dependency information.
[12May2025 05:36:15.193] [main/DEBUG] [net.minecraftforge.fml.loading.moddiscovery.AbstractJarFileDependencyLocator/]: Failed to load resource META-INF/jarjar/metadata.json from JustEnoughResources-1.20.1-1.4.0.247.jar, it does not contain dependency information.
[12May2025 05:36:15.193] [main/DEBUG] [net.minecraftforge.fml.loading.moddiscovery.AbstractJarFileDependencyLocator/]: Failed to load resource META-INF/jarjar/metadata.json from YungsBetterNetherFortresses-1.20-Forge-2.0.6.jar, it does not contain dependency information.
[12May2025 05:36:15.194] [main/DEBUG] [net.minecraftforge.fml.loading.moddiscovery.AbstractJarFileDependencyLocator/]: Failed to load resource META-INF/jarjar/metadata.json from cloth-config-11.1.118-forge.jar, it does not contain dependency information.
[12May2025 05:36:15.194] [main/DEBUG] [net.minecraftforge.fml.loading.moddiscovery.AbstractJarFileDependencyLocator/]: Failed to load resource META-INF/jarjar/metadata.json from forge-1.20.1-47.3.7-universal.jar, it does not contain dependency information.
[12May2025 05:36:15.194] [main/DEBUG] [net.minecraftforge.fml.loading.moddiscovery.AbstractJarFileDependencyLocator/]: Failed to load resource META-INF/jarjar/metadata.json from [forge]ctov-3.4.13.jar, it does not contain dependency information.
[12May2025 05:36:15.195] [main/DEBUG] [net.minecraftforge.fml.loading.moddiscovery.AbstractJarFileDependencyLocator/]: Failed to load resource META-INF/jarjar/metadata.json from twilightforest-1.20.1-4.3.2145-universal.jar, it does not contain dependency information.
[12May2025 05:36:15.196] [main/DEBUG] [net.minecraftforge.fml.loading.moddiscovery.AbstractJarFileDependencyLocator/]: Failed to load resource META-INF/jarjar/metadata.json from athena-forge-1.20.1-3.1.2.jar, it does not contain dependency information.
[12May2025 05:36:15.196] [main/DEBUG] [net.minecraftforge.fml.loading.moddiscovery.AbstractJarFileDependencyLocator/]: Failed to load resource META-INF/jarjar/metadata.json from DungeonsArise-1.20.x-2.1.58-release.jar, it does not contain dependency information.
[12May2025 05:36:15.196] [main/DEBUG] [net.minecraftforge.fml.loading.moddiscovery.AbstractJarFileDependencyLocator/]: Failed to load resource META-INF/jarjar/metadata.json from chipped-forge-1.20.1-3.0.7.jar, it does not contain dependency information.
[12May2025 05:36:15.197] [main/DEBUG] [net.minecraftforge.fml.loading.moddiscovery.AbstractJarFileDependencyLocator/]: Failed to load resource META-INF/jarjar/metadata.json from server-1.20.1-20230612.114412-srg.jar, it does not contain dependency information.
[12May2025 05:36:15.198] [main/DEBUG] [net.minecraftforge.fml.loading.moddiscovery.AbstractJarFileDependencyLocator/]: Failed to load resource META-INF/jarjar/metadata.json from torchmaster-20.1.6.jar, it does not contain dependency information.
[12May2025 05:36:15.198] [main/DEBUG] [net.minecraftforge.fml.loading.moddiscovery.AbstractJarFileDependencyLocator/]: Failed to load resource META-INF/jarjar/metadata.json from BetterCompatibilityChecker-forge-4.0.8+mc1.20.1.jar, it does not contain dependency information.
[12May2025 05:36:15.198] [main/DEBUG] [net.minecraftforge.fml.loading.moddiscovery.AbstractJarFileDependencyLocator/]: Failed to load resource META-INF/jarjar/metadata.json from TerraBlender-forge-1.20.1-3.0.1.7.jar, it does not contain dependency information.
[12May2025 05:36:15.199] [main/DEBUG] [net.minecraftforge.fml.loading.moddiscovery.AbstractJarFileDependencyLocator/]: Failed to load resource META-INF/jarjar/metadata.json from ImmersiveEngineering-1.20.1-10.2.0-183.jar, it does not contain dependency information.
[12May2025 05:36:15.199] [main/DEBUG] [net.minecraftforge.fml.loading.moddiscovery.AbstractJarFileDependencyLocator/]: Failed to load resource META-INF/jarjar/metadata.json from Choups_Drakvyrn_Mod_(v2.5.0)_for_1.20.1.jar, it does not contain dependency information.
[12May2025 05:36:15.200] [main/DEBUG] [net.minecraftforge.fml.loading.moddiscovery.AbstractJarFileDependencyLocator/]: Failed to load resource META-INF/jarjar/metadata.json from BiomesOPlenty-forge-1.20.1-19.0.0.96.jar, it does not contain dependency information.
[12May2025 05:36:15.200] [main/DEBUG] [net.minecraftforge.fml.loading.moddiscovery.AbstractJarFileDependencyLocator/]: Failed to load resource META-INF/jarjar/metadata.json from Jade-1.20.1-Forge-11.13.1.jar, it does not contain dependency information.
[12May2025 05:36:15.200] [main/DEBUG] [net.minecraftforge.fml.loading.moddiscovery.AbstractJarFileDependencyLocator/]: Failed to load resource META-INF/jarjar/metadata.json from Explorify v1.6.2 f10-48.jar, it does not contain dependency information.
[12May2025 05:36:15.201] [main/DEBUG] [net.minecraftforge.fml.loading.moddiscovery.AbstractJarFileDependencyLocator/]: Failed to load resource META-INF/jarjar/metadata.json from unusualend-2.3.0-forge-1.20.1.jar, it does not contain dependency information.
[12May2025 05:36:15.201] [main/DEBUG] [net.minecraftforge.fml.loading.moddiscovery.AbstractJarFileDependencyLocator/]: Failed to load resource META-INF/jarjar/metadata.json from Botania-1.20.1-447-FORGE.jar, it does not contain dependency information.
[12May2025 05:36:15.201] [main/DEBUG] [net.minecraftforge.fml.loading.moddiscovery.AbstractJarFileDependencyLocator/]: Failed to load resource META-INF/jarjar/metadata.json from betterfpsdist-1.20.1-6.0.jar, it does not contain dependency information.
[12May2025 05:36:15.201] [main/DEBUG] [net.minecraftforge.fml.loading.moddiscovery.AbstractJarFileDependencyLocator/]: Failed to load resource META-INF/jarjar/metadata.json from curios-forge-5.4.2+1.20.1.jar, it does not contain dependency information.
[12May2025 05:36:15.202] [main/DEBUG] [net.minecraftforge.fml.loading.moddiscovery.AbstractJarFileDependencyLocator/]: Failed to load resource META-INF/jarjar/metadata.json from Patchouli-1.20.1-84-FORGE.jar, it does not contain dependency information.
[12May2025 05:36:15.203] [main/DEBUG] [net.minecraftforge.fml.loading.moddiscovery.AbstractJarFileDependencyLocator/]: Failed to load resource META-INF/jarjar/metadata.json from Xaeros_Minimap_25.2.0_Forge_1.20.jar, it does not contain dependency information.
[12May2025 05:36:15.203] [main/DEBUG] [net.minecraftforge.fml.loading.moddiscovery.AbstractJarFileDependencyLocator/]: Failed to load resource META-INF/jarjar/metadata.json from gravestone-forge-1.20.1-1.0.24.jar, it does not contain dependency information.
[12May2025 05:36:15.203] [main/DEBUG] [net.minecraftforge.fml.loading.moddiscovery.AbstractJarFileDependencyLocator/]: Failed to load resource META-INF/jarjar/metadata.json from collective-1.20.1-8.1.jar, it does not contain dependency information.
[12May2025 05:36:15.204] [main/DEBUG] [net.minecraftforge.fml.loading.moddiscovery.AbstractJarFileDependencyLocator/]: Failed to load resource META-INF/jarjar/metadata.json from crittersandcompanions-forge-2.2.2.jar, it does not contain dependency information.
[12May2025 05:36:15.204] [main/DEBUG] [net.minecraftforge.fml.loading.moddiscovery.AbstractJarFileDependencyLocator/]: Failed to load resource META-INF/jarjar/metadata.json from elevatorid-1.20.1-lex-1.9.jar, it does not contain dependency information.
[12May2025 05:36:15.204] [main/DEBUG] [net.minecraftforge.fml.loading.moddiscovery.AbstractJarFileDependencyLocator/]: Failed to load resource META-INF/jarjar/metadata.json from inventoryhud.forge.1.20.1-3.4.26.jar, it does not contain dependency information.
[12May2025 05:36:15.204] [main/DEBUG] [net.minecraftforge.fml.loading.moddiscovery.AbstractJarFileDependencyLocator/]: Failed to load resource META-INF/jarjar/metadata.json from mvs-4.1.4-1.20-forge.jar, it does not contain dependency information.
[12May2025 05:36:15.205] [main/DEBUG] [net.minecraftforge.fml.loading.moddiscovery.AbstractJarFileDependencyLocator/]: Failed to load resource META-INF/jarjar/metadata.json from lootr-forge-1.20-0.7.35.91.jar, it does not contain dependency information.
[12May2025 05:36:15.205] [main/DEBUG] [net.minecraftforge.fml.loading.moddiscovery.AbstractJarFileDependencyLocator/]: Failed to load resource META-INF/jarjar/metadata.json from ferritecore-6.0.1-forge.jar, it does not contain dependency information.
[12May2025 05:36:15.205] [main/DEBUG] [net.minecraftforge.fml.loading.moddiscovery.AbstractJarFileDependencyLocator/]: Failed to load resource META-INF/jarjar/metadata.json from AI-Improvements-1.20-0.5.2.jar, it does not contain dependency information.
[12May2025 05:36:15.206] [main/DEBUG] [net.minecraftforge.fml.loading.moddiscovery.AbstractJarFileDependencyLocator/]: Failed to load resource META-INF/jarjar/metadata.json from cupboard-1.20.1-2.7.jar, it does not contain dependency information.
[12May2025 05:36:15.206] [main/DEBUG] [net.minecraftforge.fml.loading.moddiscovery.AbstractJarFileDependencyLocator/]: Failed to load resource META-INF/jarjar/metadata.json from scaffoldingdropsnearby-1.20.1-3.4.jar, it does not contain dependency information.
[12May2025 05:36:15.206] [main/DEBUG] [net.minecraftforge.fml.loading.moddiscovery.AbstractJarFileDependencyLocator/]: Failed to load resource META-INF/jarjar/metadata.json from aquamirae-6.API15.jar, it does not contain dependency information.
[12May2025 05:36:15.206] [main/DEBUG] [net.minecraftforge.fml.loading.moddiscovery.AbstractJarFileDependencyLocator/]: Failed to load resource META-INF/jarjar/metadata.json from mclanguage-1.20.1-47.3.7.jar, it does not contain dependency information.
[12May2025 05:36:15.206] [main/DEBUG] [net.minecraftforge.fml.loading.moddiscovery.AbstractJarFileDependencyLocator/]: Failed to load resource META-INF/jarjar/metadata.json from javafmllanguage-1.20.1-47.3.7.jar, it does not contain dependency information.
[12May2025 05:36:15.206] [main/DEBUG] [net.minecraftforge.fml.loading.moddiscovery.AbstractJarFileDependencyLocator/]: Failed to load resource META-INF/jarjar/metadata.json from fmlcore-1.20.1-47.3.7.jar, it does not contain dependency information.
[12May2025 05:36:15.206] [main/DEBUG] [net.minecraftforge.fml.loading.moddiscovery.AbstractJarFileDependencyLocator/]: Failed to load resource META-INF/jarjar/metadata.json from lowcodelanguage-1.20.1-47.3.7.jar, it does not contain dependency information.
[12May2025 05:36:15.271] [main/DEBUG] [net.minecraftforge.fml.loading.moddiscovery.ModFileParser/LOADING]: Considering mod file candidate 
[12May2025 05:36:15.272] [main/DEBUG] [net.minecraftforge.fml.loading.moddiscovery.ModFileInfo/LOADING]: Found valid mod file mixinextras-forge-0.4.1.jar with {mixinextras} mods - versions {0.4.1}
[12May2025 05:36:15.275] [main/DEBUG] [net.minecraftforge.fml.loading.moddiscovery.ModFileParser/LOADING]: Considering mod file candidate 
[12May2025 05:36:15.276] [main/DEBUG] [net.minecraftforge.fml.loading.moddiscovery.ModFileInfo/LOADING]: Found valid mod file mixinextras-forge-0.3.6.jar with {mixinextras} mods - versions {0.3.6}
[12May2025 05:36:15.281] [main/DEBUG] [net.minecraftforge.fml.loading.moddiscovery.ModFileParser/LOADING]: Considering mod file candidate 
[12May2025 05:36:15.282] [main/DEBUG] [net.minecraftforge.fml.loading.moddiscovery.ModFileInfo/LOADING]: Found valid mod file mixinextras-forge-0.3.6.jar with {mixinextras} mods - versions {0.3.6}
[12May2025 05:36:15.283] [main/DEBUG] [net.minecraftforge.fml.loading.moddiscovery.ModFileParser/LOADING]: Considering mod file candidate 
[12May2025 05:36:15.284] [main/DEBUG] [net.minecraftforge.fml.loading.moddiscovery.ModFileInfo/LOADING]: Found valid mod file mixinsquared-forge-0.1.1.jar with {mixinsquared} mods - versions {0.1.1}
[12May2025 05:36:15.288] [main/DEBUG] [net.minecraftforge.fml.loading.moddiscovery.ModFileParser/LOADING]: Considering mod file candidate 
[12May2025 05:36:15.288] [main/DEBUG] [net.minecraftforge.fml.loading.moddiscovery.ModFileInfo/LOADING]: Found valid mod file kuma-api-forge-20.1.10+1.20.1.jar with {kuma_api} mods - versions {20.1.10}
[12May2025 05:36:15.291] [main/DEBUG] [net.minecraftforge.fml.loading.moddiscovery.ModFileParser/LOADING]: Considering mod file candidate 
[12May2025 05:36:15.293] [main/DEBUG] [net.minecraftforge.fml.loading.moddiscovery.ModFileInfo/LOADING]: Found valid mod file mixinextras-forge-0.3.2.jar with {mixinextras} mods - versions {0.3.2}
[12May2025 05:36:15.313] [main/DEBUG] [net.minecraftforge.fml.loading.moddiscovery.ModFileParser/LOADING]: Considering mod file candidate 
[12May2025 05:36:15.313] [main/DEBUG] [net.minecraftforge.fml.loading.moddiscovery.ModFileInfo/LOADING]: Found valid mod file mixinextras-forge-0.2.0.jar with {mixinextras} mods - versions {0.2.0}
[12May2025 05:36:15.314] [main/DEBUG] [net.minecraftforge.fml.loading.moddiscovery.AbstractJarFileDependencyLocator/]: Failed to load resource META-INF/jarjar/metadata.json from mclib-20.jar, it does not contain dependency information.
[12May2025 05:36:15.337] [main/DEBUG] [net.minecraftforge.fml.loading.moddiscovery.AbstractJarFileDependencyLocator/]: Failed to load resource META-INF/jarjar/metadata.json from kuma-api-forge-20.1.10+1.20.1.jar, it does not contain dependency information.
[12May2025 05:36:15.346] [main/DEBUG] [net.minecraftforge.fml.loading.moddiscovery.AbstractJarFileDependencyLocator/]: Failed to load resource META-INF/jarjar/metadata.json from yabn-1.0.3.jar, it does not contain dependency information.
[12May2025 05:36:15.348] [main/DEBUG] [net.minecraftforge.fml.loading.moddiscovery.AbstractJarFileDependencyLocator/]: Failed to load resource META-INF/jarjar/metadata.json from bytecodecs-1.0.2.jar, it does not contain dependency information.
[12May2025 05:36:15.352] [main/DEBUG] [net.minecraftforge.fml.loading.moddiscovery.AbstractJarFileDependencyLocator/]: Failed to load resource META-INF/jarjar/metadata.json from MixinExtras-0.4.1.jar, it does not contain dependency information.
[12May2025 05:36:15.353] [main/DEBUG] [net.minecraftforge.fml.loading.moddiscovery.AbstractJarFileDependencyLocator/]: Failed to load resource META-INF/jarjar/metadata.json from MixinExtras-0.3.6.jar, it does not contain dependency information.
[12May2025 05:36:15.353] [main/DEBUG] [net.minecraftforge.fml.loading.moddiscovery.AbstractJarFileDependencyLocator/]: Failed to load resource META-INF/jarjar/metadata.json from MixinExtras-0.3.6.jar, it does not contain dependency information.
[12May2025 05:36:15.354] [main/DEBUG] [net.minecraftforge.fml.loading.moddiscovery.AbstractJarFileDependencyLocator/]: Failed to load resource META-INF/jarjar/metadata.json from MixinSquared-0.1.1.jar, it does not contain dependency information.
[12May2025 05:36:15.354] [main/DEBUG] [net.minecraftforge.fml.loading.moddiscovery.AbstractJarFileDependencyLocator/]: Failed to load resource META-INF/jarjar/metadata.json from MixinExtras-0.3.2.jar, it does not contain dependency information.
[12May2025 05:36:15.354] [main/DEBUG] [net.minecraftforge.fml.loading.moddiscovery.AbstractJarFileDependencyLocator/]: Failed to load resource META-INF/jarjar/metadata.json from MixinExtras-0.2.0.jar, it does not contain dependency information.
[12May2025 05:36:15.421] [main/DEBUG] [net.minecraftforge.fml.loading.moddiscovery.ModFileParser/LOADING]: Considering mod file candidate 
[12May2025 05:36:15.422] [main/DEBUG] [net.minecraftforge.fml.loading.moddiscovery.ModFileInfo/LOADING]: Found valid mod file mixinsquared-forge-0.1.1.jar with {mixinsquared} mods - versions {0.1.1}
[12May2025 05:36:15.425] [main/DEBUG] [net.minecraftforge.fml.loading.moddiscovery.ModFileParser/LOADING]: Considering mod file candidate 
[12May2025 05:36:15.427] [main/DEBUG] [net.minecraftforge.fml.loading.moddiscovery.ModFileInfo/LOADING]: Found valid mod file mixinextras-forge-0.4.1.jar with {mixinextras} mods - versions {0.4.1}
[12May2025 05:36:15.449] [main/DEBUG] [net.minecraftforge.fml.loading.moddiscovery.ModFileParser/LOADING]: Considering mod file candidate 
[12May2025 05:36:15.452] [main/DEBUG] [net.minecraftforge.fml.loading.moddiscovery.ModFileInfo/LOADING]: Found valid mod file kuma-api-forge-20.1.10+1.20.1.jar with {kuma_api} mods - versions {20.1.10}
[12May2025 05:36:15.454] [main/INFO] [net.minecraftforge.fml.loading.moddiscovery.JarInJarDependencyLocator/]: Found 8 dependencies adding them to mods collection
[12May2025 05:36:15.456] [main/DEBUG] [net.minecraftforge.fml.loading.moddiscovery.ModFileParser/LOADING]: Considering mod file candidate 
[12May2025 05:36:15.457] [main/DEBUG] [net.minecraftforge.fml.loading.moddiscovery.ModFileInfo/LOADING]: Found valid mod file kuma-api-forge-20.1.10+1.20.1.jar with {kuma_api} mods - versions {20.1.10}
[12May2025 05:36:15.461] [main/DEBUG] [net.minecraftforge.fml.loading.moddiscovery.ModFile/LOADING]: Loading mod file  with languages [LanguageSpec[languageName=javafml, acceptedVersions=[47,)]]
[12May2025 05:36:15.463] [main/DEBUG] [net.minecraftforge.fml.loading.moddiscovery.ModFileParser/LOADING]: Considering mod file candidate /workspaces/MS-1/servidor_minecraft/mods/furnitura-1.12-1.20.1.jar
[12May2025 05:36:15.464] [main/DEBUG] [net.minecraftforge.fml.loading.moddiscovery.ModFileInfo/LOADING]: Found valid mod file furnitura-1.12-1.20.1.jar with {furnitura} mods - versions {1.12-1.20.1}
[12May2025 05:36:15.464] [main/DEBUG] [net.minecraftforge.fml.loading.moddiscovery.ModFile/LOADING]: Loading mod file /workspaces/MS-1/servidor_minecraft/mods/furnitura-1.12-1.20.1.jar with languages [LanguageSpec[languageName=javafml, acceptedVersions=[46,)]]
[12May2025 05:36:15.464] [main/DEBUG] [net.minecraftforge.fml.loading.moddiscovery.ModFileParser/LOADING]: Considering mod file candidate /workspaces/MS-1/servidor_minecraft/mods/geckolib-forge-1.20.1-4.7.1.2.jar
[12May2025 05:36:15.465] [main/DEBUG] [net.minecraftforge.fml.loading.moddiscovery.ModFileInfo/LOADING]: Found valid mod file geckolib-forge-1.20.1-4.7.1.2.jar with {geckolib} mods - versions {4.7.1.2}
[12May2025 05:36:15.465] [main/DEBUG] [net.minecraftforge.fml.loading.moddiscovery.ModFile/LOADING]: Loading mod file /workspaces/MS-1/servidor_minecraft/mods/geckolib-forge-1.20.1-4.7.1.2.jar with languages [LanguageSpec[languageName=javafml, acceptedVersions=[47,)]]
[12May2025 05:36:15.465] [main/DEBUG] [net.minecraftforge.fml.loading.moddiscovery.ModFileParser/LOADING]: Considering mod file candidate /workspaces/MS-1/servidor_minecraft/mods/player-animation-lib-forge-1.0.2-rc1+1.20.jar
[12May2025 05:36:15.466] [main/DEBUG] [net.minecraftforge.fml.loading.moddiscovery.ModFileInfo/LOADING]: Found valid mod file player-animation-lib-forge-1.0.2-rc1+1.20.jar with {playeranimator} mods - versions {1.0.2-rc1+1.20}
[12May2025 05:36:15.466] [main/DEBUG] [net.minecraftforge.fml.loading.moddiscovery.ModFile/LOADING]: Loading mod file /workspaces/MS-1/servidor_minecraft/mods/player-animation-lib-forge-1.0.2-rc1+1.20.jar with languages [LanguageSpec[languageName=javafml, acceptedVersions=[46.0.0,)]]
[12May2025 05:36:15.466] [main/DEBUG] [net.minecraftforge.fml.loading.moddiscovery.ModFileParser/LOADING]: Considering mod file candidate /workspaces/MS-1/servidor_minecraft/mods/appliedenergistics2-forge-15.3.4.jar
[12May2025 05:36:15.467] [main/DEBUG] [net.minecraftforge.fml.loading.moddiscovery.ModFileInfo/LOADING]: Found valid mod file appliedenergistics2-forge-15.3.4.jar with {ae2} mods - versions {15.3.4}
[12May2025 05:36:15.467] [main/DEBUG] [net.minecraftforge.fml.loading.moddiscovery.ModFile/LOADING]: Loading mod file /workspaces/MS-1/servidor_minecraft/mods/appliedenergistics2-forge-15.3.4.jar with languages [LanguageSpec[languageName=javafml, acceptedVersions=[44,)]]
[12May2025 05:36:15.467] [main/DEBUG] [net.minecraftforge.fml.loading.moddiscovery.ModFileParser/LOADING]: Considering mod file candidate /workspaces/MS-1/servidor_minecraft/mods/jei-1.20.1-forge-15.20.0.106.jar
[12May2025 05:36:15.468] [main/DEBUG] [net.minecraftforge.fml.loading.moddiscovery.ModFileInfo/LOADING]: Found valid mod file jei-1.20.1-forge-15.20.0.106.jar with {jei} mods - versions {15.20.0.106}
[12May2025 05:36:15.468] [main/DEBUG] [net.minecraftforge.fml.loading.moddiscovery.ModFile/LOADING]: Loading mod file /workspaces/MS-1/servidor_minecraft/mods/jei-1.20.1-forge-15.20.0.106.jar with languages [LanguageSpec[languageName=javafml, acceptedVersions=[47,)]]
[12May2025 05:36:15.468] [main/DEBUG] [net.minecraftforge.fml.loading.moddiscovery.ModFileParser/LOADING]: Considering mod file candidate /workspaces/MS-1/servidor_minecraft/mods/lithostitched-forge-1.20.1-1.4.4.jar
[12May2025 05:36:15.469] [main/DEBUG] [net.minecraftforge.fml.loading.moddiscovery.ModFileInfo/LOADING]: Found valid mod file lithostitched-forge-1.20.1-1.4.4.jar with {lithostitched} mods - versions {1.4}
[12May2025 05:36:15.469] [main/DEBUG] [net.minecraftforge.fml.loading.moddiscovery.ModFile/LOADING]: Loading mod file /workspaces/MS-1/servidor_minecraft/mods/lithostitched-forge-1.20.1-1.4.4.jar with languages [LanguageSpec[languageName=javafml, acceptedVersions=[46,)]]
[12May2025 05:36:15.469] [main/DEBUG] [net.minecraftforge.fml.loading.moddiscovery.ModFileParser/LOADING]: Considering mod file candidate /workspaces/MS-1/servidor_minecraft/mods/obscure_api-15.jar
[12May2025 05:36:15.470] [main/DEBUG] [net.minecraftforge.fml.loading.moddiscovery.ModFileInfo/LOADING]: Found valid mod file obscure_api-15.jar with {obscure_api} mods - versions {15}
[12May2025 05:36:15.470] [main/DEBUG] [net.minecraftforge.fml.loading.moddiscovery.ModFile/LOADING]: Loading mod file /workspaces/MS-1/servidor_minecraft/mods/obscure_api-15.jar with languages [LanguageSpec[languageName=javafml, acceptedVersions=[47,)]]
[12May2025 05:36:15.470] [main/DEBUG] [net.minecraftforge.fml.loading.moddiscovery.ModFileParser/LOADING]: Considering mod file candidate /workspaces/MS-1/servidor_minecraft/mods/sophisticatedcore-1.20.1-1.2.45.953.jar
[12May2025 05:36:15.473] [main/DEBUG] [net.minecraftforge.fml.loading.moddiscovery.ModFileInfo/LOADING]: Found valid mod file sophisticatedcore-1.20.1-1.2.45.953.jar with {sophisticatedcore} mods - versions {1.2.45.953}
[12May2025 05:36:15.474] [main/DEBUG] [net.minecraftforge.fml.loading.moddiscovery.ModFile/LOADING]: Loading mod file /workspaces/MS-1/servidor_minecraft/mods/sophisticatedcore-1.20.1-1.2.45.953.jar with languages [LanguageSpec[languageName=javafml, acceptedVersions=[47,)]]
[12May2025 05:36:15.475] [main/DEBUG] [net.minecraftforge.fml.loading.moddiscovery.ModFileParser/LOADING]: Considering mod file candidate /workspaces/MS-1/servidor_minecraft/mods/sound-physics-remastered-forge-1.20.1-1.4.13.jar
[12May2025 05:36:15.475] [main/DEBUG] [net.minecraftforge.fml.loading.moddiscovery.ModFileInfo/LOADING]: Found valid mod file sound-physics-remastered-forge-1.20.1-1.4.13.jar with {sound_physics_remastered} mods - versions {1.20.1-1.4.13}
[12May2025 05:36:15.475] [main/DEBUG] [net.minecraftforge.fml.loading.moddiscovery.ModFile/LOADING]: Loading mod file /workspaces/MS-1/servidor_minecraft/mods/sound-physics-remastered-forge-1.20.1-1.4.13.jar with languages [LanguageSpec[languageName=javafml, acceptedVersions=*]]
[12May2025 05:36:15.476] [main/DEBUG] [net.minecraftforge.fml.loading.moddiscovery.ModFileParser/LOADING]: Considering mod file candidate /workspaces/MS-1/servidor_minecraft/mods/waystones-forge-1.20.1-14.1.11.jar
[12May2025 05:36:15.476] [main/DEBUG] [net.minecraftforge.fml.loading.moddiscovery.ModFileInfo/LOADING]: Found valid mod file waystones-forge-1.20.1-14.1.11.jar with {waystones} mods - versions {14.1.11}
[12May2025 05:36:15.478] [main/DEBUG] [net.minecraftforge.fml.loading.moddiscovery.ModFile/LOADING]: Loading mod file /workspaces/MS-1/servidor_minecraft/mods/waystones-forge-1.20.1-14.1.11.jar with languages [LanguageSpec[languageName=javafml, acceptedVersions=[46,)]]
[12May2025 05:36:15.478] [main/DEBUG] [net.minecraftforge.fml.loading.moddiscovery.ModFileParser/LOADING]: Considering mod file candidate /workspaces/MS-1/servidor_minecraft/mods/XaerosWorldMap_1.39.4_Forge_1.20.jar
[12May2025 05:36:15.479] [main/DEBUG] [net.minecraftforge.fml.loading.moddiscovery.ModFileInfo/LOADING]: Found valid mod file XaerosWorldMap_1.39.4_Forge_1.20.jar with {xaeroworldmap} mods - versions {1.39.4}
[12May2025 05:36:15.479] [main/DEBUG] [net.minecraftforge.fml.loading.moddiscovery.ModFile/LOADING]: Loading mod file /workspaces/MS-1/servidor_minecraft/mods/XaerosWorldMap_1.39.4_Forge_1.20.jar with languages [LanguageSpec[languageName=javafml, acceptedVersions=[46,48)]]
[12May2025 05:36:15.483] [main/DEBUG] [net.minecraftforge.fml.loading.moddiscovery.ModFileParser/LOADING]: Found coremod xaeroworldmap_core with Javascript path META-INF/xaeroworldmap_core.js
[12May2025 05:36:15.483] [main/DEBUG] [net.minecraftforge.fml.loading.moddiscovery.ModFile/LOADING]: Found coremod META-INF/xaeroworldmap_core.js
[12May2025 05:36:15.483] [main/DEBUG] [net.minecraftforge.fml.loading.moddiscovery.ModFileParser/LOADING]: Considering mod file candidate /workspaces/MS-1/servidor_minecraft/mods/modernfix-forge-5.21.0+mc1.20.1.jar
[12May2025 05:36:15.485] [main/DEBUG] [net.minecraftforge.fml.loading.moddiscovery.ModFileInfo/LOADING]: Found valid mod file modernfix-forge-5.21.0+mc1.20.1.jar with {modernfix} mods - versions {5.21.0+mc1.20.1}
[12May2025 05:36:15.485] [main/DEBUG] [net.minecraftforge.fml.loading.moddiscovery.ModFile/LOADING]: Loading mod file /workspaces/MS-1/servidor_minecraft/mods/modernfix-forge-5.21.0+mc1.20.1.jar with languages [LanguageSpec[languageName=javafml, acceptedVersions=[46,)]]
[12May2025 05:36:15.485] [main/DEBUG] [net.minecraftforge.fml.loading.moddiscovery.ModFileParser/LOADING]: Considering mod file candidate /workspaces/MS-1/servidor_minecraft/mods/YungsApi-1.20-Forge-4.0.6.jar
[12May2025 05:36:15.487] [main/DEBUG] [net.minecraftforge.fml.loading.moddiscovery.ModFileInfo/LOADING]: Found valid mod file YungsApi-1.20-Forge-4.0.6.jar with {yungsapi} mods - versions {1.20-Forge-4.0.6}
[12May2025 05:36:15.489] [main/DEBUG] [net.minecraftforge.fml.loading.moddiscovery.ModFile/LOADING]: Loading mod file /workspaces/MS-1/servidor_minecraft/mods/YungsApi-1.20-Forge-4.0.6.jar with languages [LanguageSpec[languageName=javafml, acceptedVersions=[46,)]]
[12May2025 05:36:15.490] [main/DEBUG] [net.minecraftforge.fml.loading.moddiscovery.ModFileParser/LOADING]: Considering mod file candidate /workspaces/MS-1/servidor_minecraft/mods/decorative_blocks-forge-1.20.1-4.1.3.jar
[12May2025 05:36:15.490] [main/DEBUG] [net.minecraftforge.fml.loading.moddiscovery.ModFileInfo/LOADING]: Found valid mod file decorative_blocks-forge-1.20.1-4.1.3.jar with {decorative_blocks} mods - versions {4.1.3}
[12May2025 05:36:15.492] [main/DEBUG] [net.minecraftforge.fml.loading.moddiscovery.ModFile/LOADING]: Loading mod file /workspaces/MS-1/servidor_minecraft/mods/decorative_blocks-forge-1.20.1-4.1.3.jar with languages [LanguageSpec[languageName=javafml, acceptedVersions=[47,)]]
[12May2025 05:36:15.492] [main/DEBUG] [net.minecraftforge.fml.loading.moddiscovery.ModFileParser/LOADING]: Considering mod file candidate /workspaces/MS-1/servidor_minecraft/mods/GlitchCore-forge-1.20.1-0.0.1.0.jar
[12May2025 05:36:15.493] [main/DEBUG] [net.minecraftforge.fml.loading.moddiscovery.ModFileInfo/LOADING]: Found valid mod file GlitchCore-forge-1.20.1-0.0.1.0.jar with {glitchcore} mods - versions {0.0.1.0}
[12May2025 05:36:15.494] [main/DEBUG] [net.minecraftforge.fml.loading.moddiscovery.ModFile/LOADING]: Loading mod file /workspaces/MS-1/servidor_minecraft/mods/GlitchCore-forge-1.20.1-0.0.1.0.jar with languages [LanguageSpec[languageName=javafml, acceptedVersions=[47,)]]
[12May2025 05:36:15.494] [main/DEBUG] [net.minecraftforge.fml.loading.moddiscovery.ModFileParser/LOADING]: Considering mod file candidate /workspaces/MS-1/servidor_minecraft/mods/sophisticatedbackpacks-1.20.1-3.23.13.1227.jar
[12May2025 05:36:15.495] [main/DEBUG] [net.minecraftforge.fml.loading.moddiscovery.ModFileInfo/LOADING]: Found valid mod file sophisticatedbackpacks-1.20.1-3.23.13.1227.jar with {sophisticatedbackpacks} mods - versions {3.23.13.1227}
[12May2025 05:36:15.496] [main/DEBUG] [net.minecraftforge.fml.loading.moddiscovery.ModFile/LOADING]: Loading mod file /workspaces/MS-1/servidor_minecraft/mods/sophisticatedbackpacks-1.20.1-3.23.13.1227.jar with languages [LanguageSpec[languageName=javafml, acceptedVersions=[47,)]]
[12May2025 05:36:15.496] [main/DEBUG] [net.minecraftforge.fml.loading.moddiscovery.ModFileParser/LOADING]: Considering mod file candidate /workspaces/MS-1/servidor_minecraft/mods/Capivara.jar
[12May2025 05:36:15.497] [main/DEBUG] [net.minecraftforge.fml.loading.moddiscovery.ModFileInfo/LOADING]: Found valid mod file Capivara.jar with {bettermobs} mods - versions {1.0.0}
[12May2025 05:36:15.497] [main/DEBUG] [net.minecraftforge.fml.loading.moddiscovery.ModFile/LOADING]: Loading mod file /workspaces/MS-1/servidor_minecraft/mods/Capivara.jar with languages [LanguageSpec[languageName=javafml, acceptedVersions=[47,)]]
[12May2025 05:36:15.497] [main/DEBUG] [net.minecraftforge.fml.loading.moddiscovery.ModFileParser/LOADING]: Considering mod file candidate /workspaces/MS-1/servidor_minecraft/mods/balm-forge-1.20.1-7.3.27-all.jar
[12May2025 05:36:15.498] [main/DEBUG] [net.minecraftforge.fml.loading.moddiscovery.ModFileInfo/LOADING]: Found valid mod file balm-forge-1.20.1-7.3.27-all.jar with {balm} mods - versions {7.3.27}
[12May2025 05:36:15.498] [main/DEBUG] [net.minecraftforge.fml.loading.moddiscovery.ModFile/LOADING]: Loading mod file /workspaces/MS-1/servidor_minecraft/mods/balm-forge-1.20.1-7.3.27-all.jar with languages [LanguageSpec[languageName=javafml, acceptedVersions=[46,)]]
[12May2025 05:36:15.498] [main/DEBUG] [net.minecraftforge.fml.loading.moddiscovery.ModFileParser/LOADING]: Considering mod file candidate /workspaces/MS-1/servidor_minecraft/mods/blueprint-1.20.1-7.1.2.jar
[12May2025 05:36:15.499] [main/DEBUG] [net.minecraftforge.fml.loading.moddiscovery.ModFileInfo/LOADING]: Found valid mod file blueprint-1.20.1-7.1.2.jar with {blueprint} mods - versions {7.1.2}
[12May2025 05:36:15.500] [main/DEBUG] [net.minecraftforge.fml.loading.moddiscovery.ModFile/LOADING]: Loading mod file /workspaces/MS-1/servidor_minecraft/mods/blueprint-1.20.1-7.1.2.jar with languages [LanguageSpec[languageName=javafml, acceptedVersions=[32,)]]
[12May2025 05:36:15.500] [main/DEBUG] [net.minecraftforge.fml.loading.moddiscovery.ModFileParser/LOADING]: Considering mod file candidate /workspaces/MS-1/servidor_minecraft/mods/JustEnoughResources-1.20.1-1.4.0.247.jar
[12May2025 05:36:15.502] [main/DEBUG] [net.minecraftforge.fml.loading.moddiscovery.ModFileInfo/LOADING]: Found valid mod file JustEnoughResources-1.20.1-1.4.0.247.jar with {jeresources} mods - versions {1.4.0.247}
[12May2025 05:36:15.502] [main/DEBUG] [net.minecraftforge.fml.loading.moddiscovery.ModFile/LOADING]: Loading mod file /workspaces/MS-1/servidor_minecraft/mods/JustEnoughResources-1.20.1-1.4.0.247.jar with languages [LanguageSpec[languageName=javafml, acceptedVersions=[47,)]]
[12May2025 05:36:15.502] [main/DEBUG] [net.minecraftforge.fml.loading.moddiscovery.ModFileParser/LOADING]: Considering mod file candidate /workspaces/MS-1/servidor_minecraft/mods/cloth-config-11.1.118-forge.jar
[12May2025 05:36:15.502] [main/DEBUG] [net.minecraftforge.fml.loading.moddiscovery.ModFileInfo/LOADING]: Found valid mod file cloth-config-11.1.118-forge.jar with {cloth_config} mods - versions {11.1.118}
[12May2025 05:36:15.502] [main/DEBUG] [net.minecraftforge.fml.loading.moddiscovery.ModFile/LOADING]: Loading mod file /workspaces/MS-1/servidor_minecraft/mods/cloth-config-11.1.118-forge.jar with languages [LanguageSpec[languageName=javafml, acceptedVersions=[34,)]]
[12May2025 05:36:15.503] [main/DEBUG] [net.minecraftforge.fml.loading.moddiscovery.ModFileParser/LOADING]: Considering mod file candidate /workspaces/MS-1/servidor_minecraft/mods/YungsBetterNetherFortresses-1.20-Forge-2.0.6.jar
[12May2025 05:36:15.505] [main/DEBUG] [net.minecraftforge.fml.loading.moddiscovery.ModFileInfo/LOADING]: Found valid mod file YungsBetterNetherFortresses-1.20-Forge-2.0.6.jar with {betterfortresses} mods - versions {1.20-Forge-2.0.6}
[12May2025 05:36:15.505] [main/DEBUG] [net.minecraftforge.fml.loading.moddiscovery.ModFile/LOADING]: Loading mod file /workspaces/MS-1/servidor_minecraft/mods/YungsBetterNetherFortresses-1.20-Forge-2.0.6.jar with languages [LanguageSpec[languageName=javafml, acceptedVersions=[46,)]]
[12May2025 05:36:15.505] [main/DEBUG] [net.minecraftforge.fml.loading.moddiscovery.ModFileParser/LOADING]: Considering mod file candidate /workspaces/MS-1/servidor_minecraft/mods/[forge]ctov-3.4.13.jar
[12May2025 05:36:15.506] [main/DEBUG] [net.minecraftforge.fml.loading.moddiscovery.ModFileInfo/LOADING]: Found valid mod file [forge]ctov-3.4.13.jar with {ctov} mods - versions {3.4.13}
[12May2025 05:36:15.506] [main/DEBUG] [net.minecraftforge.fml.loading.moddiscovery.ModFile/LOADING]: Loading mod file /workspaces/MS-1/servidor_minecraft/mods/[forge]ctov-3.4.13.jar with languages [LanguageSpec[languageName=javafml, acceptedVersions=[47,)]]
[12May2025 05:36:15.506] [main/DEBUG] [net.minecraftforge.fml.loading.moddiscovery.ModFileParser/LOADING]: Considering mod file candidate /workspaces/MS-1/servidor_minecraft/libraries/net/minecraftforge/forge/1.20.1-47.3.7/forge-1.20.1-47.3.7-universal.jar
[12May2025 05:36:15.507] [main/DEBUG] [net.minecraftforge.fml.loading.moddiscovery.ModFileInfo/LOADING]: Found valid mod file forge-1.20.1-47.3.7-universal.jar with {forge} mods - versions {47.3.7}
[12May2025 05:36:15.508] [main/DEBUG] [net.minecraftforge.fml.loading.moddiscovery.ModFile/LOADING]: Loading mod file /workspaces/MS-1/servidor_minecraft/libraries/net/minecraftforge/forge/1.20.1-47.3.7/forge-1.20.1-47.3.7-universal.jar with languages [LanguageSpec[languageName=javafml, acceptedVersions=[24,]]]
[12May2025 05:36:15.509] [main/DEBUG] [net.minecraftforge.fml.loading.moddiscovery.ModFileParser/LOADING]: Found coremod field_to_method with Javascript path coremods/field_to_method.js
[12May2025 05:36:15.509] [main/DEBUG] [net.minecraftforge.fml.loading.moddiscovery.ModFileParser/LOADING]: Found coremod field_to_instanceof with Javascript path coremods/field_to_instanceof.js
[12May2025 05:36:15.509] [main/DEBUG] [net.minecraftforge.fml.loading.moddiscovery.ModFileParser/LOADING]: Found coremod add_bouncer_method with Javascript path coremods/add_bouncer_method.js
[12May2025 05:36:15.509] [main/DEBUG] [net.minecraftforge.fml.loading.moddiscovery.ModFileParser/LOADING]: Found coremod method_redirector with Javascript path coremods/method_redirector.js
[12May2025 05:36:15.509] [main/DEBUG] [net.minecraftforge.fml.loading.moddiscovery.ModFile/LOADING]: Found coremod coremods/field_to_method.js
[12May2025 05:36:15.509] [main/DEBUG] [net.minecraftforge.fml.loading.moddiscovery.ModFile/LOADING]: Found coremod coremods/field_to_instanceof.js
[12May2025 05:36:15.509] [main/DEBUG] [net.minecraftforge.fml.loading.moddiscovery.ModFile/LOADING]: Found coremod coremods/add_bouncer_method.js
[12May2025 05:36:15.510] [main/DEBUG] [net.minecraftforge.fml.loading.moddiscovery.ModFile/LOADING]: Found coremod coremods/method_redirector.js
[12May2025 05:36:15.510] [main/DEBUG] [net.minecraftforge.fml.loading.moddiscovery.ModFileParser/LOADING]: Considering mod file candidate /workspaces/MS-1/servidor_minecraft/mods/supplementaries-1.20-3.1.26.jar
[12May2025 05:36:15.510] [main/DEBUG] [net.minecraftforge.fml.loading.moddiscovery.ModFileInfo/LOADING]: Found valid mod file supplementaries-1.20-3.1.26.jar with {supplementaries} mods - versions {1.20-3.1.26}
[12May2025 05:36:15.513] [main/DEBUG] [net.minecraftforge.fml.loading.moddiscovery.ModFile/LOADING]: Loading mod file /workspaces/MS-1/servidor_minecraft/mods/supplementaries-1.20-3.1.26.jar with languages [LanguageSpec[languageName=javafml, acceptedVersions=[4,)]]
[12May2025 05:36:15.513] [main/DEBUG] [net.minecraftforge.fml.loading.moddiscovery.ModFileParser/LOADING]: Considering mod file candidate /workspaces/MS-1/servidor_minecraft/mods/twilightforest-1.20.1-4.3.2145-universal.jar
[12May2025 05:36:15.514] [main/DEBUG] [net.minecraftforge.fml.loading.moddiscovery.ModFileInfo/LOADING]: Found valid mod file twilightforest-1.20.1-4.3.2145-universal.jar with {twilightforest} mods - versions {4.3.2145}
[12May2025 05:36:15.514] [main/DEBUG] [net.minecraftforge.fml.loading.moddiscovery.ModFile/LOADING]: Loading mod file /workspaces/MS-1/servidor_minecraft/mods/twilightforest-1.20.1-4.3.2145-universal.jar with languages [LanguageSpec[languageName=javafml, acceptedVersions=[47,)]]
[12May2025 05:36:15.514] [main/DEBUG] [net.minecraftforge.fml.loading.moddiscovery.ModFileParser/LOADING]: Found coremod seed with Javascript path META-INF/asm/seed.js
[12May2025 05:36:15.514] [main/DEBUG] [net.minecraftforge.fml.loading.moddiscovery.ModFileParser/LOADING]: Found coremod maprendercontext with Javascript path META-INF/asm/maprendercontext.js
[12May2025 05:36:15.514] [main/DEBUG] [net.minecraftforge.fml.loading.moddiscovery.ModFileParser/LOADING]: Found coremod music with Javascript path META-INF/asm/music.js
[12May2025 05:36:15.515] [main/DEBUG] [net.minecraftforge.fml.loading.moddiscovery.ModFileParser/LOADING]: Found coremod multipart with Javascript path META-INF/asm/multipart.js
[12May2025 05:36:15.515] [main/DEBUG] [net.minecraftforge.fml.loading.moddiscovery.ModFileParser/LOADING]: Found coremod foliage with Javascript path META-INF/asm/foliage.js
[12May2025 05:36:15.515] [main/DEBUG] [net.minecraftforge.fml.loading.moddiscovery.ModFileParser/LOADING]: Found coremod mount with Javascript path META-INF/asm/mount.js
[12May2025 05:36:15.515] [main/DEBUG] [net.minecraftforge.fml.loading.moddiscovery.ModFileParser/LOADING]: Found coremod book with Javascript path META-INF/asm/book.js
[12May2025 05:36:15.517] [main/DEBUG] [net.minecraftforge.fml.loading.moddiscovery.ModFileParser/LOADING]: Found coremod conquered with Javascript path META-INF/asm/conquered.js
[12May2025 05:36:15.517] [main/DEBUG] [net.minecraftforge.fml.loading.moddiscovery.ModFileParser/LOADING]: Found coremod reach with Javascript path META-INF/asm/reach.js
[12May2025 05:36:15.517] [main/DEBUG] [net.minecraftforge.fml.loading.moddiscovery.ModFileParser/LOADING]: Found coremod shroom with Javascript path META-INF/asm/shroom.js
[12May2025 05:36:15.517] [main/DEBUG] [net.minecraftforge.fml.loading.moddiscovery.ModFileParser/LOADING]: Found coremod cloud with Javascript path META-INF/asm/cloud.js
[12May2025 05:36:15.517] [main/DEBUG] [net.minecraftforge.fml.loading.moddiscovery.ModFileParser/LOADING]: Found coremod lead with Javascript path META-INF/asm/lead.js
[12May2025 05:36:15.517] [main/DEBUG] [net.minecraftforge.fml.loading.moddiscovery.ModFile/LOADING]: Found coremod META-INF/asm/seed.js
[12May2025 05:36:15.518] [main/DEBUG] [net.minecraftforge.fml.loading.moddiscovery.ModFile/LOADING]: Found coremod META-INF/asm/maprendercontext.js
[12May2025 05:36:15.518] [main/DEBUG] [net.minecraftforge.fml.loading.moddiscovery.ModFile/LOADING]: Found coremod META-INF/asm/music.js
[12May2025 05:36:15.518] [main/DEBUG] [net.minecraftforge.fml.loading.moddiscovery.ModFile/LOADING]: Found coremod META-INF/asm/multipart.js
[12May2025 05:36:15.518] [main/DEBUG] [net.minecraftforge.fml.loading.moddiscovery.ModFile/LOADING]: Found coremod META-INF/asm/foliage.js
[12May2025 05:36:15.518] [main/DEBUG] [net.minecraftforge.fml.loading.moddiscovery.ModFile/LOADING]: Found coremod META-INF/asm/mount.js
[12May2025 05:36:15.518] [main/DEBUG] [net.minecraftforge.fml.loading.moddiscovery.ModFile/LOADING]: Found coremod META-INF/asm/book.js
[12May2025 05:36:15.518] [main/DEBUG] [net.minecraftforge.fml.loading.moddiscovery.ModFile/LOADING]: Found coremod META-INF/asm/conquered.js
[12May2025 05:36:15.518] [main/DEBUG] [net.minecraftforge.fml.loading.moddiscovery.ModFile/LOADING]: Found coremod META-INF/asm/reach.js
[12May2025 05:36:15.518] [main/DEBUG] [net.minecraftforge.fml.loading.moddiscovery.ModFile/LOADING]: Found coremod META-INF/asm/shroom.js
[12May2025 05:36:15.518] [main/DEBUG] [net.minecraftforge.fml.loading.moddiscovery.ModFile/LOADING]: Found coremod META-INF/asm/cloud.js
[12May2025 05:36:15.518] [main/DEBUG] [net.minecraftforge.fml.loading.moddiscovery.ModFile/LOADING]: Found coremod META-INF/asm/lead.js
[12May2025 05:36:15.518] [main/DEBUG] [net.minecraftforge.fml.loading.moddiscovery.ModFileParser/LOADING]: Considering mod file candidate /workspaces/MS-1/servidor_minecraft/mods/athena-forge-1.20.1-3.1.2.jar
[12May2025 05:36:15.521] [main/DEBUG] [net.minecraftforge.fml.loading.moddiscovery.ModFileInfo/LOADING]: Found valid mod file athena-forge-1.20.1-3.1.2.jar with {athena} mods - versions {3.1.2}
[12May2025 05:36:15.521] [main/DEBUG] [net.minecraftforge.fml.loading.moddiscovery.ModFile/LOADING]: Loading mod file /workspaces/MS-1/servidor_minecraft/mods/athena-forge-1.20.1-3.1.2.jar with languages [LanguageSpec[languageName=javafml, acceptedVersions=[47,)]]
[12May2025 05:36:15.521] [main/DEBUG] [net.minecraftforge.fml.loading.moddiscovery.ModFileParser/LOADING]: Considering mod file candidate /workspaces/MS-1/servidor_minecraft/mods/chipped-forge-1.20.1-3.0.7.jar
[12May2025 05:36:15.522] [main/DEBUG] [net.minecraftforge.fml.loading.moddiscovery.ModFileInfo/LOADING]: Found valid mod file chipped-forge-1.20.1-3.0.7.jar with {chipped} mods - versions {3.0.7}
[12May2025 05:36:15.522] [main/DEBUG] [net.minecraftforge.fml.loading.moddiscovery.ModFile/LOADING]: Loading mod file /workspaces/MS-1/servidor_minecraft/mods/chipped-forge-1.20.1-3.0.7.jar with languages [LanguageSpec[languageName=javafml, acceptedVersions=[47,)]]
[12May2025 05:36:15.522] [main/DEBUG] [net.minecraftforge.fml.loading.moddiscovery.ModFileParser/LOADING]: Considering mod file candidate /workspaces/MS-1/servidor_minecraft/mods/DungeonsArise-1.20.x-2.1.58-release.jar
[12May2025 05:36:15.523] [main/DEBUG] [net.minecraftforge.fml.loading.moddiscovery.ModFileInfo/LOADING]: Found valid mod file DungeonsArise-1.20.x-2.1.58-release.jar with {dungeons_arise} mods - versions {2.1.58-1.20.x}
[12May2025 05:36:15.523] [main/DEBUG] [net.minecraftforge.fml.loading.moddiscovery.ModFile/LOADING]: Loading mod file /workspaces/MS-1/servidor_minecraft/mods/DungeonsArise-1.20.x-2.1.58-release.jar with languages [LanguageSpec[languageName=javafml, acceptedVersions=[41,)]]
[12May2025 05:36:15.523] [main/DEBUG] [net.minecraftforge.fml.loading.moddiscovery.ModFileInfo/LOADING]: Found valid mod file server-1.20.1-20230612.114412-srg.jar with {minecraft} mods - versions {1.20.1}
[12May2025 05:36:15.525] [main/DEBUG] [net.minecraftforge.fml.loading.moddiscovery.ModFile/LOADING]: Loading mod file /workspaces/MS-1/servidor_minecraft/libraries/net/minecraft/server/1.20.1-20230612.114412/server-1.20.1-20230612.114412-srg.jar with languages [LanguageSpec[languageName=minecraft, acceptedVersions=1]]
[12May2025 05:36:15.525] [main/DEBUG] [net.minecraftforge.fml.loading.moddiscovery.ModFileParser/LOADING]: Considering mod file candidate /workspaces/MS-1/servidor_minecraft/mods/torchmaster-20.1.6.jar
[12May2025 05:36:15.526] [main/DEBUG] [net.minecraftforge.fml.loading.moddiscovery.ModFileInfo/LOADING]: Found valid mod file torchmaster-20.1.6.jar with {torchmaster} mods - versions {20.1.6}
[12May2025 05:36:15.526] [main/DEBUG] [net.minecraftforge.fml.loading.moddiscovery.ModFile/LOADING]: Loading mod file /workspaces/MS-1/servidor_minecraft/mods/torchmaster-20.1.6.jar with languages [LanguageSpec[languageName=javafml, acceptedVersions=[47,)]]
[12May2025 05:36:15.526] [main/DEBUG] [net.minecraftforge.fml.loading.moddiscovery.ModFileParser/LOADING]: Considering mod file candidate /workspaces/MS-1/servidor_minecraft/mods/BetterCompatibilityChecker-forge-4.0.8+mc1.20.1.jar
[12May2025 05:36:15.526] [main/DEBUG] [net.minecraftforge.fml.loading.moddiscovery.ModFileInfo/LOADING]: Found valid mod file BetterCompatibilityChecker-forge-4.0.8+mc1.20.1.jar with {bcc} mods - versions {4.0.8}
[12May2025 05:36:15.528] [main/DEBUG] [net.minecraftforge.fml.loading.moddiscovery.ModFile/LOADING]: Loading mod file /workspaces/MS-1/servidor_minecraft/mods/BetterCompatibilityChecker-forge-4.0.8+mc1.20.1.jar with languages [LanguageSpec[languageName=javafml, acceptedVersions=[47,)]]
[12May2025 05:36:15.528] [main/DEBUG] [net.minecraftforge.fml.loading.moddiscovery.ModFileParser/LOADING]: Considering mod file candidate /workspaces/MS-1/servidor_minecraft/mods/moonlight-1.20-2.13.81-forge.jar
[12May2025 05:36:15.528] [main/DEBUG] [net.minecraftforge.fml.loading.moddiscovery.ModFileInfo/LOADING]: Found valid mod file moonlight-1.20-2.13.81-forge.jar with {moonlight} mods - versions {1.20-2.13.81}
[12May2025 05:36:15.529] [main/DEBUG] [net.minecraftforge.fml.loading.moddiscovery.ModFile/LOADING]: Loading mod file /workspaces/MS-1/servidor_minecraft/mods/moonlight-1.20-2.13.81-forge.jar with languages [LanguageSpec[languageName=javafml, acceptedVersions=[40,)]]
[12May2025 05:36:15.529] [main/DEBUG] [net.minecraftforge.fml.loading.moddiscovery.ModFileParser/LOADING]: Considering mod file candidate /workspaces/MS-1/servidor_minecraft/mods/TerraBlender-forge-1.20.1-3.0.1.7.jar
[12May2025 05:36:15.529] [main/DEBUG] [net.minecraftforge.fml.loading.moddiscovery.ModFileInfo/LOADING]: Found valid mod file TerraBlender-forge-1.20.1-3.0.1.7.jar with {terrablender} mods - versions {3.0.1.7}
[12May2025 05:36:15.530] [main/DEBUG] [net.minecraftforge.fml.loading.moddiscovery.ModFile/LOADING]: Loading mod file /workspaces/MS-1/servidor_minecraft/mods/TerraBlender-forge-1.20.1-3.0.1.7.jar with languages [LanguageSpec[languageName=javafml, acceptedVersions=[47,)]]
[12May2025 05:36:15.530] [main/DEBUG] [net.minecraftforge.fml.loading.moddiscovery.ModFileParser/LOADING]: Considering mod file candidate /workspaces/MS-1/servidor_minecraft/mods/bettercombat-forge-1.8.6+1.20.1.jar
[12May2025 05:36:15.533] [main/DEBUG] [net.minecraftforge.fml.loading.moddiscovery.ModFileInfo/LOADING]: Found valid mod file bettercombat-forge-1.8.6+1.20.1.jar with {bettercombat} mods - versions {1.8.6+1.20.1}
[12May2025 05:36:15.535] [main/DEBUG] [net.minecraftforge.fml.loading.moddiscovery.ModFile/LOADING]: Loading mod file /workspaces/MS-1/servidor_minecraft/mods/bettercombat-forge-1.8.6+1.20.1.jar with languages [LanguageSpec[languageName=javafml, acceptedVersions=[39,)]]
[12May2025 05:36:15.535] [main/DEBUG] [net.minecraftforge.fml.loading.moddiscovery.ModFileParser/LOADING]: Considering mod file candidate /workspaces/MS-1/servidor_minecraft/mods/ImmersiveEngineering-1.20.1-10.2.0-183.jar
[12May2025 05:36:15.536] [main/DEBUG] [net.minecraftforge.fml.loading.moddiscovery.ModFileInfo/LOADING]: Found valid mod file ImmersiveEngineering-1.20.1-10.2.0-183.jar with {immersiveengineering} mods - versions {1.20.1-10.2.0-183}
[12May2025 05:36:15.541] [main/DEBUG] [net.minecraftforge.fml.loading.moddiscovery.ModFile/LOADING]: Loading mod file /workspaces/MS-1/servidor_minecraft/mods/ImmersiveEngineering-1.20.1-10.2.0-183.jar with languages [LanguageSpec[languageName=javafml, acceptedVersions=[25,)]]
[12May2025 05:36:15.541] [main/DEBUG] [net.minecraftforge.fml.loading.moddiscovery.ModFileParser/LOADING]: Considering mod file candidate /workspaces/MS-1/servidor_minecraft/mods/BiomesOPlenty-forge-1.20.1-19.0.0.96.jar
[12May2025 05:36:15.541] [main/DEBUG] [net.minecraftforge.fml.loading.moddiscovery.ModFileInfo/LOADING]: Found valid mod file BiomesOPlenty-forge-1.20.1-19.0.0.96.jar with {biomesoplenty} mods - versions {19.0.0.96}
[12May2025 05:36:15.541] [main/DEBUG] [net.minecraftforge.fml.loading.moddiscovery.ModFile/LOADING]: Loading mod file /workspaces/MS-1/servidor_minecraft/mods/BiomesOPlenty-forge-1.20.1-19.0.0.96.jar with languages [LanguageSpec[languageName=javafml, acceptedVersions=[47,)]]
[12May2025 05:36:15.543] [main/DEBUG] [net.minecraftforge.fml.loading.moddiscovery.ModFileParser/LOADING]: Considering mod file candidate /workspaces/MS-1/servidor_minecraft/mods/Choups_Drakvyrn_Mod_(v2.5.0)_for_1.20.1.jar
[12May2025 05:36:15.546] [main/DEBUG] [net.minecraftforge.fml.loading.moddiscovery.ModFileInfo/LOADING]: Found valid mod file Choups_Drakvyrn_Mod_(v2.5.0)_for_1.20.1.jar with {choups_drakvyrn_mod} mods - versions {2.5.0}
[12May2025 05:36:15.547] [main/DEBUG] [net.minecraftforge.fml.loading.moddiscovery.ModFile/LOADING]: Loading mod file /workspaces/MS-1/servidor_minecraft/mods/Choups_Drakvyrn_Mod_(v2.5.0)_for_1.20.1.jar with languages [LanguageSpec[languageName=javafml, acceptedVersions=[47,)]]
[12May2025 05:36:15.547] [main/DEBUG] [net.minecraftforge.fml.loading.moddiscovery.ModFileParser/LOADING]: Considering mod file candidate /workspaces/MS-1/servidor_minecraft/mods/Explorify v1.6.2 f10-48.jar
[12May2025 05:36:15.549] [main/DEBUG] [net.minecraftforge.fml.loading.moddiscovery.ModFileInfo/LOADING]: Found valid mod file Explorify v1.6.2 f10-48.jar with {explorify} mods - versions {1.6.2}
[12May2025 05:36:15.549] [main/DEBUG] [net.minecraftforge.fml.loading.moddiscovery.ModFile/LOADING]: Loading mod file /workspaces/MS-1/servidor_minecraft/mods/Explorify v1.6.2 f10-48.jar with languages [LanguageSpec[languageName=lowcodefml, acceptedVersions=[1,)]]
[12May2025 05:36:15.553] [main/DEBUG] [net.minecraftforge.fml.loading.moddiscovery.ModFileParser/LOADING]: Considering mod file candidate /workspaces/MS-1/servidor_minecraft/mods/Jade-1.20.1-Forge-11.13.1.jar
[12May2025 05:36:15.553] [main/DEBUG] [net.minecraftforge.fml.loading.moddiscovery.ModFileInfo/LOADING]: Found valid mod file Jade-1.20.1-Forge-11.13.1.jar with {jade} mods - versions {11.13.1+forge}
[12May2025 05:36:15.554] [main/DEBUG] [net.minecraftforge.fml.loading.moddiscovery.ModFile/LOADING]: Loading mod file /workspaces/MS-1/servidor_minecraft/mods/Jade-1.20.1-Forge-11.13.1.jar with languages [LanguageSpec[languageName=javafml, acceptedVersions=[46,)]]
[12May2025 05:36:15.554] [main/DEBUG] [net.minecraftforge.fml.loading.moddiscovery.ModFileParser/LOADING]: Considering mod file candidate /workspaces/MS-1/servidor_minecraft/mods/unusualend-2.3.0-forge-1.20.1.jar
[12May2025 05:36:15.554] [main/DEBUG] [net.minecraftforge.fml.loading.moddiscovery.ModFileInfo/LOADING]: Found valid mod file unusualend-2.3.0-forge-1.20.1.jar with {unusualend} mods - versions {2.3.0}
[12May2025 05:36:15.556] [main/DEBUG] [net.minecraftforge.fml.loading.moddiscovery.ModFile/LOADING]: Loading mod file /workspaces/MS-1/servidor_minecraft/mods/unusualend-2.3.0-forge-1.20.1.jar with languages [LanguageSpec[languageName=javafml, acceptedVersions=[47,)]]
[12May2025 05:36:15.556] [main/DEBUG] [net.minecraftforge.fml.loading.moddiscovery.ModFileParser/LOADING]: Considering mod file candidate /workspaces/MS-1/servidor_minecraft/mods/Botania-1.20.1-447-FORGE.jar
[12May2025 05:36:15.556] [main/DEBUG] [net.minecraftforge.fml.loading.moddiscovery.ModFileInfo/LOADING]: Found valid mod file Botania-1.20.1-447-FORGE.jar with {botania} mods - versions {1.20.1-447-FORGE}
[12May2025 05:36:15.557] [main/DEBUG] [net.minecraftforge.fml.loading.moddiscovery.ModFile/LOADING]: Loading mod file /workspaces/MS-1/servidor_minecraft/mods/Botania-1.20.1-447-FORGE.jar with languages [LanguageSpec[languageName=javafml, acceptedVersions=[47,)]]
[12May2025 05:36:15.557] [main/DEBUG] [net.minecraftforge.fml.loading.moddiscovery.ModFileParser/LOADING]: Considering mod file candidate /workspaces/MS-1/servidor_minecraft/mods/betterfpsdist-1.20.1-6.0.jar
[12May2025 05:36:15.558] [main/DEBUG] [net.minecraftforge.fml.loading.moddiscovery.ModFileInfo/LOADING]: Found valid mod file betterfpsdist-1.20.1-6.0.jar with {betterfpsdist} mods - versions {1.20.1-6.0}
[12May2025 05:36:15.558] [main/DEBUG] [net.minecraftforge.fml.loading.moddiscovery.ModFile/LOADING]: Loading mod file /workspaces/MS-1/servidor_minecraft/mods/betterfpsdist-1.20.1-6.0.jar with languages [LanguageSpec[languageName=javafml, acceptedVersions=[26,)]]
[12May2025 05:36:15.558] [main/DEBUG] [net.minecraftforge.fml.loading.moddiscovery.ModFileParser/LOADING]: Considering mod file candidate /workspaces/MS-1/servidor_minecraft/mods/curios-forge-5.4.2+1.20.1.jar
[12May2025 05:36:15.559] [main/DEBUG] [net.minecraftforge.fml.loading.moddiscovery.ModFileInfo/LOADING]: Found valid mod file curios-forge-5.4.2+1.20.1.jar with {curios} mods - versions {5.4.2+1.20.1}
[12May2025 05:36:15.559] [main/DEBUG] [net.minecraftforge.fml.loading.moddiscovery.ModFile/LOADING]: Loading mod file /workspaces/MS-1/servidor_minecraft/mods/curios-forge-5.4.2+1.20.1.jar with languages [LanguageSpec[languageName=javafml, acceptedVersions=[41,)]]
[12May2025 05:36:15.559] [main/DEBUG] [net.minecraftforge.fml.loading.moddiscovery.ModFileParser/LOADING]: Considering mod file candidate /workspaces/MS-1/servidor_minecraft/mods/Patchouli-1.20.1-84-FORGE.jar
[12May2025 05:36:15.560] [main/DEBUG] [net.minecraftforge.fml.loading.moddiscovery.ModFileInfo/LOADING]: Found valid mod file Patchouli-1.20.1-84-FORGE.jar with {patchouli} mods - versions {1.20.1-84-FORGE}
[12May2025 05:36:15.560] [main/DEBUG] [net.minecraftforge.fml.loading.moddiscovery.ModFile/LOADING]: Loading mod file /workspaces/MS-1/servidor_minecraft/mods/Patchouli-1.20.1-84-FORGE.jar with languages [LanguageSpec[languageName=javafml, acceptedVersions=[47,)]]
[12May2025 05:36:15.560] [main/DEBUG] [net.minecraftforge.fml.loading.moddiscovery.ModFileParser/LOADING]: Considering mod file candidate /workspaces/MS-1/servidor_minecraft/mods/Quark-4.0-438.jar
[12May2025 05:36:15.561] [main/DEBUG] [net.minecraftforge.fml.loading.moddiscovery.ModFileInfo/LOADING]: Found valid mod file Quark-4.0-438.jar with {quark} mods - versions {4.0-438}
[12May2025 05:36:15.561] [main/DEBUG] [net.minecraftforge.fml.loading.moddiscovery.ModFile/LOADING]: Loading mod file /workspaces/MS-1/servidor_minecraft/mods/Quark-4.0-438.jar with languages [LanguageSpec[languageName=javafml, acceptedVersions=[41,)]]
[12May2025 05:36:15.561] [main/DEBUG] [net.minecraftforge.fml.loading.moddiscovery.ModFileParser/LOADING]: Considering mod file candidate /workspaces/MS-1/servidor_minecraft/mods/Xaeros_Minimap_25.2.0_Forge_1.20.jar
[12May2025 05:36:15.562] [main/DEBUG] [net.minecraftforge.fml.loading.moddiscovery.ModFileInfo/LOADING]: Found valid mod file Xaeros_Minimap_25.2.0_Forge_1.20.jar with {xaerominimap} mods - versions {25.2.0}
[12May2025 05:36:15.562] [main/DEBUG] [net.minecraftforge.fml.loading.moddiscovery.ModFile/LOADING]: Loading mod file /workspaces/MS-1/servidor_minecraft/mods/Xaeros_Minimap_25.2.0_Forge_1.20.jar with languages [LanguageSpec[languageName=javafml, acceptedVersions=[46,48)]]
[12May2025 05:36:15.563] [main/DEBUG] [net.minecraftforge.fml.loading.moddiscovery.ModFileParser/LOADING]: Found coremod xaerohud_core with Javascript path META-INF/xaerohud_core.js
[12May2025 05:36:15.563] [main/DEBUG] [net.minecraftforge.fml.loading.moddiscovery.ModFile/LOADING]: Found coremod META-INF/xaerohud_core.js
[12May2025 05:36:15.563] [main/DEBUG] [net.minecraftforge.fml.loading.moddiscovery.ModFileParser/LOADING]: Considering mod file candidate /workspaces/MS-1/servidor_minecraft/mods/collective-1.20.1-8.1.jar
[12May2025 05:36:15.564] [main/DEBUG] [net.minecraftforge.fml.loading.moddiscovery.ModFileInfo/LOADING]: Found valid mod file collective-1.20.1-8.1.jar with {collective} mods - versions {8.1}
[12May2025 05:36:15.564] [main/DEBUG] [net.minecraftforge.fml.loading.moddiscovery.ModFile/LOADING]: Loading mod file /workspaces/MS-1/servidor_minecraft/mods/collective-1.20.1-8.1.jar with languages [LanguageSpec[languageName=javafml, acceptedVersions=*]]
[12May2025 05:36:15.564] [main/DEBUG] [net.minecraftforge.fml.loading.moddiscovery.ModFileParser/LOADING]: Considering mod file candidate /workspaces/MS-1/servidor_minecraft/mods/gravestone-forge-1.20.1-1.0.24.jar
[12May2025 05:36:15.565] [main/DEBUG] [net.minecraftforge.fml.loading.moddiscovery.ModFileInfo/LOADING]: Found valid mod file gravestone-forge-1.20.1-1.0.24.jar with {gravestone} mods - versions {1.20.1-1.0.24}
[12May2025 05:36:15.565] [main/DEBUG] [net.minecraftforge.fml.loading.moddiscovery.ModFile/LOADING]: Loading mod file /workspaces/MS-1/servidor_minecraft/mods/gravestone-forge-1.20.1-1.0.24.jar with languages [LanguageSpec[languageName=javafml, acceptedVersions=*]]
[12May2025 05:36:15.566] [main/DEBUG] [net.minecraftforge.fml.loading.moddiscovery.ModFileParser/LOADING]: Considering mod file candidate /workspaces/MS-1/servidor_minecraft/mods/Zeta-1.0-14.jar
[12May2025 05:36:15.567] [main/DEBUG] [net.minecraftforge.fml.loading.moddiscovery.ModFileInfo/LOADING]: Found valid mod file Zeta-1.0-14.jar with {zeta} mods - versions {1.0-14}
[12May2025 05:36:15.567] [main/DEBUG] [net.minecraftforge.fml.loading.moddiscovery.ModFile/LOADING]: Loading mod file /workspaces/MS-1/servidor_minecraft/mods/Zeta-1.0-14.jar with languages [LanguageSpec[languageName=javafml, acceptedVersions=[41,)]]
[12May2025 05:36:15.567] [main/DEBUG] [net.minecraftforge.fml.loading.moddiscovery.ModFileParser/LOADING]: Considering mod file candidate /workspaces/MS-1/servidor_minecraft/mods/crittersandcompanions-forge-2.2.2.jar
[12May2025 05:36:15.567] [main/DEBUG] [net.minecraftforge.fml.loading.moddiscovery.ModFileInfo/LOADING]: Found valid mod file crittersandcompanions-forge-2.2.2.jar with {crittersandcompanions} mods - versions {2.2.2}
[12May2025 05:36:15.569] [main/DEBUG] [net.minecraftforge.fml.loading.moddiscovery.ModFile/LOADING]: Loading mod file /workspaces/MS-1/servidor_minecraft/mods/crittersandcompanions-forge-2.2.2.jar with languages [LanguageSpec[languageName=javafml, acceptedVersions=[47,)]]
[12May2025 05:36:15.569] [main/DEBUG] [net.minecraftforge.fml.loading.moddiscovery.ModFileParser/LOADING]: Considering mod file candidate /workspaces/MS-1/servidor_minecraft/mods/elevatorid-1.20.1-lex-1.9.jar
[12May2025 05:36:15.570] [main/DEBUG] [net.minecraftforge.fml.loading.moddiscovery.ModFileInfo/LOADING]: Found valid mod file elevatorid-1.20.1-lex-1.9.jar with {elevatorid} mods - versions {1.20.1-lex-1.9}
[12May2025 05:36:15.570] [main/DEBUG] [net.minecraftforge.fml.loading.moddiscovery.ModFile/LOADING]: Loading mod file /workspaces/MS-1/servidor_minecraft/mods/elevatorid-1.20.1-lex-1.9.jar with languages [LanguageSpec[languageName=javafml, acceptedVersions=[47,)]]
[12May2025 05:36:15.570] [main/DEBUG] [net.minecraftforge.fml.loading.moddiscovery.ModFileParser/LOADING]: Considering mod file candidate /workspaces/MS-1/servidor_minecraft/mods/inventoryhud.forge.1.20.1-3.4.26.jar
[12May2025 05:36:15.570] [main/DEBUG] [net.minecraftforge.fml.loading.moddiscovery.ModFileInfo/LOADING]: Found valid mod file inventoryhud.forge.1.20.1-3.4.26.jar with {inventoryhud} mods - versions {3.4.26}
[12May2025 05:36:15.571] [main/DEBUG] [net.minecraftforge.fml.loading.moddiscovery.ModFile/LOADING]: Loading mod file /workspaces/MS-1/servidor_minecraft/mods/inventoryhud.forge.1.20.1-3.4.26.jar with languages [LanguageSpec[languageName=javafml, acceptedVersions=[46,50)]]
[12May2025 05:36:15.573] [main/DEBUG] [net.minecraftforge.fml.loading.moddiscovery.ModFileParser/LOADING]: Considering mod file candidate /workspaces/MS-1/servidor_minecraft/mods/resourcefullib-forge-1.20.1-2.1.29.jar
[12May2025 05:36:15.574] [main/DEBUG] [net.minecraftforge.fml.loading.moddiscovery.ModFileInfo/LOADING]: Found valid mod file resourcefullib-forge-1.20.1-2.1.29.jar with {resourcefullib} mods - versions {2.1.29}
[12May2025 05:36:15.575] [main/DEBUG] [net.minecraftforge.fml.loading.moddiscovery.ModFile/LOADING]: Loading mod file /workspaces/MS-1/servidor_minecraft/mods/resourcefullib-forge-1.20.1-2.1.29.jar with languages [LanguageSpec[languageName=javafml, acceptedVersions=[46,)]]
[12May2025 05:36:15.575] [main/DEBUG] [net.minecraftforge.fml.loading.moddiscovery.ModFileParser/LOADING]: Considering mod file candidate /workspaces/MS-1/servidor_minecraft/mods/mvs-4.1.4-1.20-forge.jar
[12May2025 05:36:15.576] [main/DEBUG] [net.minecraftforge.fml.loading.moddiscovery.ModFileInfo/LOADING]: Found valid mod file mvs-4.1.4-1.20-forge.jar with {mvs} mods - versions {4.1.4-1.20-forge}
[12May2025 05:36:15.576] [main/DEBUG] [net.minecraftforge.fml.loading.moddiscovery.ModFile/LOADING]: Loading mod file /workspaces/MS-1/servidor_minecraft/mods/mvs-4.1.4-1.20-forge.jar with languages [LanguageSpec[languageName=javafml, acceptedVersions=[46,)]]
[12May2025 05:36:15.576] [main/DEBUG] [net.minecraftforge.fml.loading.moddiscovery.ModFileParser/LOADING]: Considering mod file candidate /workspaces/MS-1/servidor_minecraft/mods/AI-Improvements-1.20-0.5.2.jar
[12May2025 05:36:15.579] [main/DEBUG] [net.minecraftforge.fml.loading.moddiscovery.ModFileInfo/LOADING]: Found valid mod file AI-Improvements-1.20-0.5.2.jar with {aiimprovements} mods - versions {0.5.2}
[12May2025 05:36:15.580] [main/DEBUG] [net.minecraftforge.fml.loading.moddiscovery.ModFile/LOADING]: Loading mod file /workspaces/MS-1/servidor_minecraft/mods/AI-Improvements-1.20-0.5.2.jar with languages [LanguageSpec[languageName=javafml, acceptedVersions=[46,)]]
[12May2025 05:36:15.580] [main/DEBUG] [net.minecraftforge.fml.loading.moddiscovery.ModFileParser/LOADING]: Considering mod file candidate /workspaces/MS-1/servidor_minecraft/mods/ferritecore-6.0.1-forge.jar
[12May2025 05:36:15.581] [main/DEBUG] [net.minecraftforge.fml.loading.moddiscovery.ModFileInfo/LOADING]: Found valid mod file ferritecore-6.0.1-forge.jar with {ferritecore} mods - versions {6.0.1}
[12May2025 05:36:15.581] [main/DEBUG] [net.minecraftforge.fml.loading.moddiscovery.ModFile/LOADING]: Loading mod file /workspaces/MS-1/servidor_minecraft/mods/ferritecore-6.0.1-forge.jar with languages [LanguageSpec[languageName=javafml, acceptedVersions=[28,)]]
[12May2025 05:36:15.582] [main/DEBUG] [net.minecraftforge.fml.loading.moddiscovery.ModFileParser/LOADING]: Considering mod file candidate /workspaces/MS-1/servidor_minecraft/mods/lootr-forge-1.20-0.7.35.91.jar
[12May2025 05:36:15.582] [main/DEBUG] [net.minecraftforge.fml.loading.moddiscovery.ModFileInfo/LOADING]: Found valid mod file lootr-forge-1.20-0.7.35.91.jar with {lootr} mods - versions {0.7.35.91}
[12May2025 05:36:15.583] [main/DEBUG] [net.minecraftforge.fml.loading.moddiscovery.ModFile/LOADING]: Loading mod file /workspaces/MS-1/servidor_minecraft/mods/lootr-forge-1.20-0.7.35.91.jar with languages [LanguageSpec[languageName=javafml, acceptedVersions=[44,)]]
[12May2025 05:36:15.583] [main/DEBUG] [net.minecraftforge.fml.loading.moddiscovery.ModFileParser/LOADING]: Considering mod file candidate /workspaces/MS-1/servidor_minecraft/mods/cupboard-1.20.1-2.7.jar
[12May2025 05:36:15.584] [main/DEBUG] [net.minecraftforge.fml.loading.moddiscovery.ModFileInfo/LOADING]: Found valid mod file cupboard-1.20.1-2.7.jar with {cupboard} mods - versions {1.20.1-2.7}
[12May2025 05:36:15.584] [main/DEBUG] [net.minecraftforge.fml.loading.moddiscovery.ModFile/LOADING]: Loading mod file /workspaces/MS-1/servidor_minecraft/mods/cupboard-1.20.1-2.7.jar with languages [LanguageSpec[languageName=javafml, acceptedVersions=[36,)]]
[12May2025 05:36:15.587] [main/DEBUG] [net.minecraftforge.fml.loading.moddiscovery.ModFileParser/LOADING]: Considering mod file candidate /workspaces/MS-1/servidor_minecraft/mods/scaffoldingdropsnearby-1.20.1-3.4.jar
[12May2025 05:36:15.588] [main/DEBUG] [net.minecraftforge.fml.loading.moddiscovery.ModFileInfo/LOADING]: Found valid mod file scaffoldingdropsnearby-1.20.1-3.4.jar with {scaffoldingdropsnearby} mods - versions {3.4}
[12May2025 05:36:15.588] [main/DEBUG] [net.minecraftforge.fml.loading.moddiscovery.ModFile/LOADING]: Loading mod file /workspaces/MS-1/servidor_minecraft/mods/scaffoldingdropsnearby-1.20.1-3.4.jar with languages [LanguageSpec[languageName=javafml, acceptedVersions=*]]
[12May2025 05:36:15.588] [main/DEBUG] [net.minecraftforge.fml.loading.moddiscovery.ModFileParser/LOADING]: Considering mod file candidate /workspaces/MS-1/servidor_minecraft/mods/aquamirae-6.API15.jar
[12May2025 05:36:15.589] [main/DEBUG] [net.minecraftforge.fml.loading.moddiscovery.ModFileInfo/LOADING]: Found valid mod file aquamirae-6.API15.jar with {aquamirae} mods - versions {6.API15}
[12May2025 05:36:15.589] [main/DEBUG] [net.minecraftforge.fml.loading.moddiscovery.ModFile/LOADING]: Loading mod file /workspaces/MS-1/servidor_minecraft/mods/aquamirae-6.API15.jar with languages [LanguageSpec[languageName=javafml, acceptedVersions=[47,)]]
[12May2025 05:36:15.589] [main/DEBUG] [net.minecraftforge.fml.loading.moddiscovery.ModFile/LOADING]: Loading mod file  with languages []
[12May2025 05:36:15.589] [main/DEBUG] [net.minecraftforge.fml.loading.moddiscovery.ModFileParser/LOADING]: Considering mod file candidate 
[12May2025 05:36:15.589] [main/DEBUG] [net.minecraftforge.fml.loading.moddiscovery.ModFileInfo/LOADING]: Found valid mod file mixinextras-forge-0.4.1.jar with {mixinextras} mods - versions {0.4.1}
[12May2025 05:36:15.591] [main/DEBUG] [net.minecraftforge.fml.loading.moddiscovery.ModFile/LOADING]: Loading mod file  with languages [LanguageSpec[languageName=javafml, acceptedVersions=*]]
[12May2025 05:36:15.591] [main/DEBUG] [net.minecraftforge.fml.loading.moddiscovery.ModFile/LOADING]: Loading mod file  with languages []
[12May2025 05:36:15.592] [main/DEBUG] [net.minecraftforge.fml.loading.moddiscovery.ModFileParser/LOADING]: Considering mod file candidate 
[12May2025 05:36:15.592] [main/DEBUG] [net.minecraftforge.fml.loading.moddiscovery.ModFileInfo/LOADING]: Found valid mod file mixinsquared-forge-0.1.1.jar with {mixinsquared} mods - versions {0.1.1}
[12May2025 05:36:15.592] [main/DEBUG] [net.minecraftforge.fml.loading.moddiscovery.ModFile/LOADING]: Loading mod file  with languages [LanguageSpec[languageName=javafml, acceptedVersions=*]]
[12May2025 05:36:15.592] [main/DEBUG] [net.minecraftforge.fml.loading.moddiscovery.ModFile/LOADING]: Loading mod file  with languages []
[12May2025 05:36:15.592] [main/DEBUG] [net.minecraftforge.fml.loading.moddiscovery.ModFile/LOADING]: Loading mod file  with languages []
[12May2025 05:36:15.593] [main/DEBUG] [net.minecraftforge.fml.loading.moddiscovery.ModFile/LOADING]: Loading mod file  with languages []
[12May2025 05:36:15.593] [main/DEBUG] [net.minecraftforge.fml.loading.moddiscovery.ModFile/LOADING]: Loading mod file  with languages []
[12May2025 05:36:15.593] [main/DEBUG] [net.minecraftforge.fml.loading.moddiscovery.ModFileParser/LOADING]: Considering mod file candidate 
[12May2025 05:36:15.593] [main/DEBUG] [net.minecraftforge.fml.loading.moddiscovery.ModFileInfo/LOADING]: Found valid mod file mixinextras-forge-0.4.1.jar with {mixinextras} mods - versions {0.4.1}
[12May2025 05:36:15.595] [main/DEBUG] [net.minecraftforge.fml.loading.moddiscovery.ModFile/LOADING]: Loading mod file  with languages [LanguageSpec[languageName=javafml, acceptedVersions=*]]
[12May2025 05:36:15.596] [main/DEBUG] [net.minecraftforge.fml.loading.moddiscovery.ModFile/LOADING]: Loading mod file  with languages []
[12May2025 05:36:15.596] [main/DEBUG] [net.minecraftforge.fml.loading.moddiscovery.ModFileParser/LOADING]: Considering mod file candidate 
[12May2025 05:36:15.596] [main/DEBUG] [net.minecraftforge.fml.loading.moddiscovery.ModFileInfo/LOADING]: Found valid mod file mixinsquared-forge-0.1.1.jar with {mixinsquared} mods - versions {0.1.1}
[12May2025 05:36:15.596] [main/DEBUG] [net.minecraftforge.fml.loading.moddiscovery.ModFile/LOADING]: Loading mod file  with languages [LanguageSpec[languageName=javafml, acceptedVersions=*]]
[12May2025 05:36:15.596] [main/DEBUG] [net.minecraftforge.fml.loading.moddiscovery.ModFile/LOADING]: Loading mod file  with languages []
[12May2025 05:36:15.597] [main/DEBUG] [net.minecraftforge.fml.loading.moddiscovery.ModFile/LOADING]: Loading mod file  with languages []
[12May2025 05:36:15.597] [main/DEBUG] [net.minecraftforge.fml.loading.moddiscovery.ModFile/LOADING]: Loading mod file  with languages []
[12May2025 05:36:15.598] [main/DEBUG] [cpw.mods.modlauncher.TransformationServiceDecorator/MODLAUNCHER]: End scan trigger - transformation service fml
[12May2025 05:36:15.609] [main/DEBUG] [net.minecraftforge.fml.loading.LanguageLoadingProvider/CORE]: Found 3 language providers
[12May2025 05:36:15.610] [main/DEBUG] [net.minecraftforge.fml.loading.LanguageLoadingProvider/CORE]: Found language provider minecraft, version 1.0
[12May2025 05:36:15.611] [main/DEBUG] [net.minecraftforge.fml.loading.LanguageLoadingProvider/CORE]: Found language provider lowcodefml, version 47
[12May2025 05:36:15.611] [main/DEBUG] [net.minecraftforge.fml.loading.LanguageLoadingProvider/CORE]: Found language provider javafml, version 47
[12May2025 05:36:15.615] [main/DEBUG] [net.minecraftforge.fml.loading.UniqueModListBuilder/]: Found 2 mods for first modid mclib, selecting most recent based on version data
[12May2025 05:36:15.616] [main/DEBUG] [net.minecraftforge.fml.loading.UniqueModListBuilder/]: Selected file mclib-20.jar for modid mclib with version 0.0NONE
[12May2025 05:36:15.616] [main/DEBUG] [net.minecraftforge.fml.loading.UniqueModListBuilder/]: Found 2 mods for first modid mixinextras, selecting most recent based on version data
[12May2025 05:36:15.616] [main/DEBUG] [net.minecraftforge.fml.loading.UniqueModListBuilder/]: Selected file mixinextras-forge-0.4.1.jar for modid mixinextras with version 0.4.1
[12May2025 05:36:15.616] [main/DEBUG] [net.minecraftforge.fml.loading.UniqueModListBuilder/]: Found 2 mods for first modid bytecodecs, selecting most recent based on version data
[12May2025 05:36:15.616] [main/DEBUG] [net.minecraftforge.fml.loading.UniqueModListBuilder/]: Selected file bytecodecs-1.0.2.jar for modid bytecodecs with version 0.0NONE
[12May2025 05:36:15.616] [main/DEBUG] [net.minecraftforge.fml.loading.UniqueModListBuilder/]: Found 2 mods for first modid mixinsquared, selecting most recent based on version data
[12May2025 05:36:15.616] [main/DEBUG] [net.minecraftforge.fml.loading.UniqueModListBuilder/]: Selected file mixinsquared-forge-0.1.1.jar for modid mixinsquared with version 0.1.1
[12May2025 05:36:15.617] [main/DEBUG] [net.minecraftforge.fml.loading.UniqueModListBuilder/]: Found 2 mods for first modid MixinSquared, selecting most recent based on version data
[12May2025 05:36:15.617] [main/DEBUG] [net.minecraftforge.fml.loading.UniqueModListBuilder/]: Selected file MixinSquared-0.1.1.jar for modid MixinSquared with version 0.0NONE
[12May2025 05:36:15.617] [main/DEBUG] [net.minecraftforge.fml.loading.UniqueModListBuilder/]: Found 2 mods for first modid yabn, selecting most recent based on version data
[12May2025 05:36:15.617] [main/DEBUG] [net.minecraftforge.fml.loading.UniqueModListBuilder/]: Selected file yabn-1.0.3.jar for modid yabn with version 0.0NONE
[12May2025 05:36:15.617] [main/DEBUG] [net.minecraftforge.fml.loading.UniqueModListBuilder/]: Found 2 mods for first modid MixinExtras, selecting most recent based on version data
[12May2025 05:36:15.617] [main/DEBUG] [net.minecraftforge.fml.loading.UniqueModListBuilder/]: Selected file MixinExtras-0.4.1.jar for modid MixinExtras with version 0.0NONE
[12May2025 05:36:15.619] [main/DEBUG] [net.minecraftforge.fml.loading.ModSorter/]: Configured system mods: [minecraft, forge]
[12May2025 05:36:15.619] [main/DEBUG] [net.minecraftforge.fml.loading.ModSorter/]: Found system mod: minecraft
[12May2025 05:36:15.619] [main/DEBUG] [net.minecraftforge.fml.loading.ModSorter/]: Found system mod: forge
[12May2025 05:36:15.624] [main/DEBUG] [net.minecraftforge.fml.loading.ModSorter/LOADING]: Found 147 mod requirements (114 mandatory, 33 optional)
[12May2025 05:36:15.625] [main/DEBUG] [net.minecraftforge.fml.loading.ModSorter/LOADING]: Found 0 mod requirements missing (0 mandatory, 0 optional)
[12May2025 05:36:16.675] [main/DEBUG] [cpw.mods.modlauncher.TransformationServicesHandler/MODLAUNCHER]: Transformation services loading transformers
[12May2025 05:36:16.676] [main/DEBUG] [cpw.mods.modlauncher.TransformationServiceDecorator/MODLAUNCHER]: Initializing transformers for transformation service mixin
[12May2025 05:36:16.677] [main/DEBUG] [cpw.mods.modlauncher.TransformationServiceDecorator/MODLAUNCHER]: Initialized transformers for transformation service mixin
[12May2025 05:36:16.677] [main/DEBUG] [cpw.mods.modlauncher.TransformationServiceDecorator/MODLAUNCHER]: Initializing transformers for transformation service fml
[12May2025 05:36:16.677] [main/DEBUG] [net.minecraftforge.fml.loading.FMLServiceProvider/CORE]: Loading coremod transformers
[12May2025 05:36:16.677] [main/DEBUG] [net.minecraftforge.coremod.CoreModEngine/COREMOD]: Loading CoreMod from META-INF/xaeroworldmap_core.js
[12May2025 05:36:17.293] [main/DEBUG] [net.minecraftforge.coremod.CoreModEngine/COREMOD]: CoreMod loaded successfully
[12May2025 05:36:17.294] [main/DEBUG] [net.minecraftforge.coremod.CoreModEngine/COREMOD]: Loading CoreMod from coremods/field_to_method.js
[12May2025 05:36:17.377] [main/DEBUG] [net.minecraftforge.coremod.CoreModEngine/COREMOD]: CoreMod loaded successfully
[12May2025 05:36:17.377] [main/DEBUG] [net.minecraftforge.coremod.CoreModEngine/COREMOD]: Loading CoreMod from coremods/field_to_instanceof.js
[12May2025 05:36:17.477] [main/DEBUG] [net.minecraftforge.coremod.CoreModEngine/COREMOD]: CoreMod loaded successfully
[12May2025 05:36:17.477] [main/DEBUG] [net.minecraftforge.coremod.CoreModEngine/COREMOD]: Loading CoreMod from coremods/add_bouncer_method.js
[12May2025 05:36:17.533] [main/DEBUG] [net.minecraftforge.coremod.CoreModEngine/COREMOD]: CoreMod loaded successfully
[12May2025 05:36:17.533] [main/DEBUG] [net.minecraftforge.coremod.CoreModEngine/COREMOD]: Loading CoreMod from coremods/method_redirector.js
[12May2025 05:36:17.653] [main/DEBUG] [net.minecraftforge.coremod.CoreModEngine/COREMOD]: CoreMod loaded successfully
[12May2025 05:36:17.653] [main/DEBUG] [net.minecraftforge.coremod.CoreModEngine/COREMOD]: Loading CoreMod from META-INF/asm/seed.js
[12May2025 05:36:17.677] [main/DEBUG] [net.minecraftforge.coremod.CoreModEngine/COREMOD]: CoreMod loaded successfully
[12May2025 05:36:17.677] [main/DEBUG] [net.minecraftforge.coremod.CoreModEngine/COREMOD]: Loading CoreMod from META-INF/asm/maprendercontext.js
[12May2025 05:36:17.718] [main/DEBUG] [net.minecraftforge.coremod.CoreModEngine/COREMOD]: CoreMod loaded successfully
[12May2025 05:36:17.718] [main/DEBUG] [net.minecraftforge.coremod.CoreModEngine/COREMOD]: Loading CoreMod from META-INF/asm/music.js
[12May2025 05:36:17.744] [main/DEBUG] [net.minecraftforge.coremod.CoreModEngine/COREMOD]: CoreMod loaded successfully
[12May2025 05:36:17.744] [main/DEBUG] [net.minecraftforge.coremod.CoreModEngine/COREMOD]: Loading CoreMod from META-INF/asm/multipart.js
[12May2025 05:36:17.787] [main/DEBUG] [net.minecraftforge.coremod.CoreModEngine/COREMOD]: CoreMod loaded successfully
[12May2025 05:36:17.788] [main/DEBUG] [net.minecraftforge.coremod.CoreModEngine/COREMOD]: Loading CoreMod from META-INF/asm/foliage.js
[12May2025 05:36:17.826] [main/DEBUG] [net.minecraftforge.coremod.CoreModEngine/COREMOD]: CoreMod loaded successfully
[12May2025 05:36:17.827] [main/DEBUG] [net.minecraftforge.coremod.CoreModEngine/COREMOD]: Loading CoreMod from META-INF/asm/mount.js
[12May2025 05:36:17.854] [main/DEBUG] [net.minecraftforge.coremod.CoreModEngine/COREMOD]: CoreMod loaded successfully
[12May2025 05:36:17.854] [main/DEBUG] [net.minecraftforge.coremod.CoreModEngine/COREMOD]: Loading CoreMod from META-INF/asm/book.js
[12May2025 05:36:17.871] [main/DEBUG] [net.minecraftforge.coremod.CoreModEngine/COREMOD]: CoreMod loaded successfully
[12May2025 05:36:17.871] [main/DEBUG] [net.minecraftforge.coremod.CoreModEngine/COREMOD]: Loading CoreMod from META-INF/asm/conquered.js
[12May2025 05:36:17.889] [main/DEBUG] [net.minecraftforge.coremod.CoreModEngine/COREMOD]: CoreMod loaded successfully
[12May2025 05:36:17.890] [main/DEBUG] [net.minecraftforge.coremod.CoreModEngine/COREMOD]: Loading CoreMod from META-INF/asm/reach.js
[12May2025 05:36:17.906] [main/DEBUG] [net.minecraftforge.coremod.CoreModEngine/COREMOD]: CoreMod loaded successfully
[12May2025 05:36:17.907] [main/DEBUG] [net.minecraftforge.coremod.CoreModEngine/COREMOD]: Loading CoreMod from META-INF/asm/shroom.js
[12May2025 05:36:17.922] [main/DEBUG] [net.minecraftforge.coremod.CoreModEngine/COREMOD]: CoreMod loaded successfully
[12May2025 05:36:17.924] [main/DEBUG] [net.minecraftforge.coremod.CoreModEngine/COREMOD]: Loading CoreMod from META-INF/asm/cloud.js
[12May2025 05:36:17.943] [main/DEBUG] [net.minecraftforge.coremod.CoreModEngine/COREMOD]: CoreMod loaded successfully
[12May2025 05:36:17.943] [main/DEBUG] [net.minecraftforge.coremod.CoreModEngine/COREMOD]: Loading CoreMod from META-INF/asm/lead.js
[12May2025 05:36:17.960] [main/DEBUG] [net.minecraftforge.coremod.CoreModEngine/COREMOD]: CoreMod loaded successfully
[12May2025 05:36:17.962] [main/DEBUG] [net.minecraftforge.coremod.CoreModEngine/COREMOD]: Loading CoreMod from META-INF/xaerohud_core.js
[12May2025 05:36:18.098] [main/DEBUG] [net.minecraftforge.coremod.CoreModEngine/COREMOD]: CoreMod loaded successfully
[12May2025 05:36:18.120] [main/DEBUG] [cpw.mods.modlauncher.TransformStore/MODLAUNCHER]: Adding transformer net.minecraftforge.coremod.transformer.CoreModClassTransformer@743d0d44 to Target : CLASS {Lnet/minecraft/world/level/chunk/LevelChunk;} {} {V}
[12May2025 05:36:18.123] [main/DEBUG] [cpw.mods.modlauncher.TransformStore/MODLAUNCHER]: Adding transformer net.minecraftforge.coremod.transformer.CoreModClassTransformer@47058864 to Target : CLASS {Lnet/minecraft/client/multiplayer/ClientPacketListener;} {} {V}
[12May2025 05:36:18.124] [main/DEBUG] [cpw.mods.modlauncher.TransformStore/MODLAUNCHER]: Adding transformer net.minecraftforge.coremod.transformer.CoreModClassTransformer@ad3f70a to Target : CLASS {Lnet/minecraft/client/multiplayer/ClientLevel;} {} {V}
[12May2025 05:36:18.124] [main/DEBUG] [cpw.mods.modlauncher.TransformStore/MODLAUNCHER]: Adding transformer net.minecraftforge.coremod.transformer.CoreModClassTransformer@54ccb3 to Target : CLASS {Lnet/minecraft/network/protocol/game/ClientboundSectionBlocksUpdatePacket;} {} {V}
[12May2025 05:36:18.124] [main/DEBUG] [cpw.mods.modlauncher.TransformStore/MODLAUNCHER]: Adding transformer net.minecraftforge.coremod.transformer.CoreModClassTransformer@9b2dc56 to Target : CLASS {Lnet/minecraft/client/gui/components/CycleButton;} {} {V}
[12May2025 05:36:18.124] [main/DEBUG] [cpw.mods.modlauncher.TransformStore/MODLAUNCHER]: Adding transformer net.minecraftforge.coremod.transformer.CoreModClassTransformer@621f23ac to Target : CLASS {Lnet/minecraft/server/MinecraftServer;} {} {V}
[12May2025 05:36:18.124] [main/DEBUG] [cpw.mods.modlauncher.TransformStore/MODLAUNCHER]: Adding transformer net.minecraftforge.coremod.transformer.CoreModClassTransformer@7761e342 to Target : CLASS {Lnet/minecraft/server/level/ServerPlayer;} {} {V}
[12May2025 05:36:18.126] [main/DEBUG] [cpw.mods.modlauncher.TransformStore/MODLAUNCHER]: Adding transformer net.minecraftforge.coremod.transformer.CoreModClassTransformer@51f68849 to Target : CLASS {Lnet/minecraft/client/Minecraft;} {} {V}
[12May2025 05:36:18.127] [main/DEBUG] [cpw.mods.modlauncher.TransformStore/MODLAUNCHER]: Adding transformer net.minecraftforge.coremod.transformer.CoreModClassTransformer@4eb9ae4d to Target : CLASS {Lnet/minecraft/server/level/ServerLevel;} {} {V}
[12May2025 05:36:18.127] [main/DEBUG] [cpw.mods.modlauncher.TransformStore/MODLAUNCHER]: Adding transformer net.minecraftforge.coremod.transformer.CoreModClassTransformer@5520f675 to Target : CLASS {Lnet/minecraft/world/level/biome/Biome;} {} {V}
[12May2025 05:36:18.127] [main/DEBUG] [cpw.mods.modlauncher.TransformStore/MODLAUNCHER]: Adding transformer net.minecraftforge.coremod.transformer.CoreModClassTransformer@2d237460 to Target : CLASS {Lnet/minecraft/world/level/levelgen/structure/Structure;} {} {V}
[12May2025 05:36:18.132] [main/DEBUG] [cpw.mods.modlauncher.TransformStore/MODLAUNCHER]: Adding transformer net.minecraftforge.coremod.transformer.CoreModClassTransformer@48f2054d to Target : CLASS {Lnet/minecraft/world/effect/MobEffectInstance;} {} {V}
[12May2025 05:36:18.133] [main/DEBUG] [cpw.mods.modlauncher.TransformStore/MODLAUNCHER]: Adding transformer net.minecraftforge.coremod.transformer.CoreModClassTransformer@4b3a01d8 to Target : CLASS {Lnet/minecraft/world/level/block/LiquidBlock;} {} {V}
[12May2025 05:36:18.133] [main/DEBUG] [cpw.mods.modlauncher.TransformStore/MODLAUNCHER]: Adding transformer net.minecraftforge.coremod.transformer.CoreModClassTransformer@19fbc594 to Target : CLASS {Lnet/minecraft/world/item/BucketItem;} {} {V}
[12May2025 05:36:18.133] [main/DEBUG] [cpw.mods.modlauncher.TransformStore/MODLAUNCHER]: Adding transformer net.minecraftforge.coremod.transformer.CoreModClassTransformer@2f4d32bf to Target : CLASS {Lnet/minecraft/world/level/block/StairBlock;} {} {V}
[12May2025 05:36:18.133] [main/DEBUG] [cpw.mods.modlauncher.TransformStore/MODLAUNCHER]: Adding transformer net.minecraftforge.coremod.transformer.CoreModClassTransformer@774d8276 to Target : CLASS {Lnet/minecraft/world/level/block/FlowerPotBlock;} {} {V}
[12May2025 05:36:18.133] [main/DEBUG] [cpw.mods.modlauncher.TransformStore/MODLAUNCHER]: Adding transformer net.minecraftforge.coremod.transformer.CoreModClassTransformer@6ce26986 to Target : CLASS {Lnet/minecraft/world/item/ItemStack;} {} {V}
[12May2025 05:36:18.134] [main/DEBUG] [cpw.mods.modlauncher.TransformStore/MODLAUNCHER]: Adding transformer net.minecraftforge.coremod.transformer.CoreModClassTransformer@2bf2d6eb to Target : CLASS {Lnet/minecraft/network/play/client/CClientSettingsPacket;} {} {V}
[12May2025 05:36:18.134] [main/DEBUG] [cpw.mods.modlauncher.TransformStore/MODLAUNCHER]: Adding transformer net.minecraftforge.coremod.transformer.CoreModClassTransformer@6d6cd1e0 to Target : CLASS {Lnet/minecraft/world/entity/monster/Zombie;} {} {V}
[12May2025 05:36:18.134] [main/DEBUG] [cpw.mods.modlauncher.TransformStore/MODLAUNCHER]: Adding transformer net.minecraftforge.coremod.transformer.CoreModClassTransformer@6d6cd1e0 to Target : CLASS {Lnet/minecraft/world/entity/raid/Raid;} {} {V}
[12May2025 05:36:18.134] [main/DEBUG] [cpw.mods.modlauncher.TransformStore/MODLAUNCHER]: Adding transformer net.minecraftforge.coremod.transformer.CoreModClassTransformer@6d6cd1e0 to Target : CLASS {Lnet/minecraft/world/entity/ai/village/VillageSiege;} {} {V}
[12May2025 05:36:18.134] [main/DEBUG] [cpw.mods.modlauncher.TransformStore/MODLAUNCHER]: Adding transformer net.minecraftforge.coremod.transformer.CoreModClassTransformer@6d6cd1e0 to Target : CLASS {Lnet/minecraft/world/entity/animal/horse/SkeletonTrapGoal;} {} {V}
[12May2025 05:36:18.134] [main/DEBUG] [cpw.mods.modlauncher.TransformStore/MODLAUNCHER]: Adding transformer net.minecraftforge.coremod.transformer.CoreModClassTransformer@6d6cd1e0 to Target : CLASS {Lnet/minecraft/world/entity/animal/frog/Tadpole;} {} {V}
[12May2025 05:36:18.134] [main/DEBUG] [cpw.mods.modlauncher.TransformStore/MODLAUNCHER]: Adding transformer net.minecraftforge.coremod.transformer.CoreModClassTransformer@6d6cd1e0 to Target : CLASS {Lnet/minecraft/world/entity/monster/Evoker$EvokerSummonSpellGoal;} {} {V}
[12May2025 05:36:18.134] [main/DEBUG] [cpw.mods.modlauncher.TransformStore/MODLAUNCHER]: Adding transformer net.minecraftforge.coremod.transformer.CoreModClassTransformer@6d6cd1e0 to Target : CLASS {Lnet/minecraft/server/commands/RaidCommand;} {} {V}
[12May2025 05:36:18.134] [main/DEBUG] [cpw.mods.modlauncher.TransformStore/MODLAUNCHER]: Adding transformer net.minecraftforge.coremod.transformer.CoreModClassTransformer@6d6cd1e0 to Target : CLASS {Lnet/minecraft/world/level/levelgen/structure/templatesystem/StructureTemplate;} {} {V}
[12May2025 05:36:18.134] [main/DEBUG] [cpw.mods.modlauncher.TransformStore/MODLAUNCHER]: Adding transformer net.minecraftforge.coremod.transformer.CoreModClassTransformer@6d6cd1e0 to Target : CLASS {Lnet/minecraft/world/level/levelgen/structure/structures/OceanMonumentPieces$OceanMonumentPiece;} {} {V}
[12May2025 05:36:18.134] [main/DEBUG] [cpw.mods.modlauncher.TransformStore/MODLAUNCHER]: Adding transformer net.minecraftforge.coremod.transformer.CoreModClassTransformer@6d6cd1e0 to Target : CLASS {Lnet/minecraft/server/commands/SummonCommand;} {} {V}
[12May2025 05:36:18.134] [main/DEBUG] [cpw.mods.modlauncher.TransformStore/MODLAUNCHER]: Adding transformer net.minecraftforge.coremod.transformer.CoreModClassTransformer@6d6cd1e0 to Target : CLASS {Lnet/minecraft/world/entity/EntityType;} {} {V}
[12May2025 05:36:18.134] [main/DEBUG] [cpw.mods.modlauncher.TransformStore/MODLAUNCHER]: Adding transformer net.minecraftforge.coremod.transformer.CoreModClassTransformer@6d6cd1e0 to Target : CLASS {Lnet/minecraft/world/entity/npc/CatSpawner;} {} {V}
[12May2025 05:36:18.135] [main/DEBUG] [cpw.mods.modlauncher.TransformStore/MODLAUNCHER]: Adding transformer net.minecraftforge.coremod.transformer.CoreModClassTransformer@6d6cd1e0 to Target : CLASS {Lnet/minecraft/world/level/levelgen/PhantomSpawner;} {} {V}
[12May2025 05:36:18.135] [main/DEBUG] [cpw.mods.modlauncher.TransformStore/MODLAUNCHER]: Adding transformer net.minecraftforge.coremod.transformer.CoreModClassTransformer@6d6cd1e0 to Target : CLASS {Lnet/minecraft/world/entity/monster/Strider;} {} {V}
[12May2025 05:36:18.135] [main/DEBUG] [cpw.mods.modlauncher.TransformStore/MODLAUNCHER]: Adding transformer net.minecraftforge.coremod.transformer.CoreModClassTransformer@6d6cd1e0 to Target : CLASS {Lnet/minecraft/world/entity/npc/Villager;} {} {V}
[12May2025 05:36:18.135] [main/DEBUG] [cpw.mods.modlauncher.TransformStore/MODLAUNCHER]: Adding transformer net.minecraftforge.coremod.transformer.CoreModClassTransformer@6d6cd1e0 to Target : CLASS {Lnet/minecraft/world/level/levelgen/structure/structures/OceanRuinPieces$OceanRuinPiece;} {} {V}
[12May2025 05:36:18.136] [main/DEBUG] [cpw.mods.modlauncher.TransformStore/MODLAUNCHER]: Adding transformer net.minecraftforge.coremod.transformer.CoreModClassTransformer@6d6cd1e0 to Target : CLASS {Lnet/minecraft/world/level/levelgen/structure/structures/SwampHutPiece;} {} {V}
[12May2025 05:36:18.138] [main/DEBUG] [cpw.mods.modlauncher.TransformStore/MODLAUNCHER]: Adding transformer net.minecraftforge.coremod.transformer.CoreModClassTransformer@6d6cd1e0 to Target : CLASS {Lnet/minecraft/world/entity/monster/Spider;} {} {V}
[12May2025 05:36:18.138] [main/DEBUG] [cpw.mods.modlauncher.TransformStore/MODLAUNCHER]: Adding transformer net.minecraftforge.coremod.transformer.CoreModClassTransformer@6d6cd1e0 to Target : CLASS {Lnet/minecraft/world/level/NaturalSpawner;} {} {V}
[12May2025 05:36:18.138] [main/DEBUG] [cpw.mods.modlauncher.TransformStore/MODLAUNCHER]: Adding transformer net.minecraftforge.coremod.transformer.CoreModClassTransformer@6d6cd1e0 to Target : CLASS {Lnet/minecraft/world/level/levelgen/PatrolSpawner;} {} {V}
[12May2025 05:36:18.138] [main/DEBUG] [cpw.mods.modlauncher.TransformStore/MODLAUNCHER]: Adding transformer net.minecraftforge.coremod.transformer.CoreModClassTransformer@6d6cd1e0 to Target : CLASS {Lnet/minecraft/world/entity/monster/ZombieVillager;} {} {V}
[12May2025 05:36:18.138] [main/DEBUG] [cpw.mods.modlauncher.TransformStore/MODLAUNCHER]: Adding transformer net.minecraftforge.coremod.transformer.CoreModClassTransformer@6d6cd1e0 to Target : CLASS {Lnet/minecraft/world/level/levelgen/structure/structures/WoodlandMansionPieces$WoodlandMansionPiece;} {} {V}
[12May2025 05:36:18.138] [main/DEBUG] [cpw.mods.modlauncher.TransformStore/MODLAUNCHER]: Adding transformer net.minecraftforge.coremod.transformer.CoreModClassTransformer@76a9a009 to Target : CLASS {Lnet/minecraft/world/level/chunk/LevelChunk;} {} {V}
[12May2025 05:36:18.139] [main/DEBUG] [cpw.mods.modlauncher.TransformStore/MODLAUNCHER]: Adding transformer net.minecraftforge.coremod.transformer.CoreModClassTransformer@9785903 to Target : CLASS {Lnet/minecraft/client/multiplayer/ClientPacketListener;} {} {V}
[12May2025 05:36:18.139] [main/DEBUG] [cpw.mods.modlauncher.TransformStore/MODLAUNCHER]: Adding transformer net.minecraftforge.coremod.transformer.CoreModClassTransformer@34009349 to Target : CLASS {Lnet/minecraft/client/multiplayer/ClientLevel;} {} {V}
[12May2025 05:36:18.139] [main/DEBUG] [cpw.mods.modlauncher.TransformStore/MODLAUNCHER]: Adding transformer net.minecraftforge.coremod.transformer.CoreModClassTransformer@3f68a7f8 to Target : CLASS {Lnet/minecraft/network/protocol/game/ClientboundSectionBlocksUpdatePacket;} {} {V}
[12May2025 05:36:18.139] [main/DEBUG] [cpw.mods.modlauncher.TransformStore/MODLAUNCHER]: Adding transformer net.minecraftforge.coremod.transformer.CoreModClassTransformer@4faf1f4 to Target : CLASS {Lnet/minecraft/client/gui/components/CycleButton;} {} {V}
[12May2025 05:36:18.139] [main/DEBUG] [cpw.mods.modlauncher.TransformStore/MODLAUNCHER]: Adding transformer net.minecraftforge.coremod.transformer.CoreModClassTransformer@4f811029 to Target : CLASS {Lnet/minecraft/server/MinecraftServer;} {} {V}
[12May2025 05:36:18.139] [main/DEBUG] [cpw.mods.modlauncher.TransformStore/MODLAUNCHER]: Adding transformer net.minecraftforge.coremod.transformer.CoreModClassTransformer@7f2b584b to Target : CLASS {Lnet/minecraft/server/level/ServerPlayer;} {} {V}
[12May2025 05:36:18.139] [main/DEBUG] [cpw.mods.modlauncher.TransformStore/MODLAUNCHER]: Adding transformer net.minecraftforge.coremod.transformer.CoreModClassTransformer@5866731 to Target : CLASS {Lnet/minecraft/client/Minecraft;} {} {V}
[12May2025 05:36:18.141] [main/DEBUG] [cpw.mods.modlauncher.TransformStore/MODLAUNCHER]: Adding transformer net.minecraftforge.coremod.transformer.CoreModClassTransformer@56a05324 to Target : CLASS {Lnet/minecraft/client/gui/components/AbstractSelectionList;} {} {V}
[12May2025 05:36:18.141] [main/DEBUG] [cpw.mods.modlauncher.TransformStore/MODLAUNCHER]: Adding transformer net.minecraftforge.coremod.transformer.CoreModMethodTransformer@342beaf6 to Target : METHOD {Lnet/minecraft/client/multiplayer/ClientPacketListener;} {m_6773_} {(Lnet/minecraft/network/protocol/game/ClientboundBlockUpdatePacket;)V}
[12May2025 05:36:18.141] [main/DEBUG] [cpw.mods.modlauncher.TransformStore/MODLAUNCHER]: Adding transformer net.minecraftforge.coremod.transformer.CoreModMethodTransformer@222acad to Target : METHOD {Lnet/minecraft/client/multiplayer/ClientPacketListener;} {m_5771_} {(Lnet/minecraft/network/protocol/game/ClientboundSectionBlocksUpdatePacket;)V}
[12May2025 05:36:18.141] [main/DEBUG] [cpw.mods.modlauncher.TransformStore/MODLAUNCHER]: Adding transformer net.minecraftforge.coremod.transformer.CoreModMethodTransformer@56cfe6be to Target : METHOD {Lnet/minecraft/client/multiplayer/ClientPacketListener;} {m_194198_} {(IILnet/minecraft/network/protocol/game/ClientboundLevelChunkPacketData;)V}
[12May2025 05:36:18.141] [main/DEBUG] [cpw.mods.modlauncher.TransformStore/MODLAUNCHER]: Adding transformer net.minecraftforge.coremod.transformer.CoreModMethodTransformer@7f0d8eff to Target : METHOD {Lnet/minecraft/client/multiplayer/ClientPacketListener;} {m_183388_} {(Lnet/minecraft/network/protocol/game/ClientboundLevelChunkWithLightPacket;)V}
[12May2025 05:36:18.141] [main/DEBUG] [cpw.mods.modlauncher.TransformStore/MODLAUNCHER]: Adding transformer net.minecraftforge.coremod.transformer.CoreModMethodTransformer@149aa7b2 to Target : METHOD {Lnet/minecraft/client/multiplayer/ClientPacketListener;} {m_183514_} {(Lnet/minecraft/network/protocol/game/ClientboundLightUpdatePacket;)V}
[12May2025 05:36:18.142] [main/DEBUG] [cpw.mods.modlauncher.TransformStore/MODLAUNCHER]: Adding transformer net.minecraftforge.coremod.transformer.CoreModMethodTransformer@3ca3648 to Target : METHOD {Lnet/minecraft/client/multiplayer/ClientPacketListener;} {m_194252_} {(Lnet/minecraft/network/protocol/game/ClientboundForgetLevelChunkPacket;)V}
[12May2025 05:36:18.142] [main/DEBUG] [cpw.mods.modlauncher.TransformStore/MODLAUNCHER]: Adding transformer net.minecraftforge.coremod.transformer.CoreModMethodTransformer@2a99ca99 to Target : METHOD {Lnet/minecraft/client/player/AbstractClientPlayer;} {m_108561_} {()Lnet/minecraft/resources/ResourceLocation;}
[12May2025 05:36:18.142] [main/DEBUG] [cpw.mods.modlauncher.TransformStore/MODLAUNCHER]: Adding transformer net.minecraftforge.coremod.transformer.CoreModMethodTransformer@39f0c343 to Target : METHOD {Lnet/minecraft/world/entity/player/Player;} {m_36170_} {(Lnet/minecraft/world/entity/player/PlayerModelPart;)Z}
[12May2025 05:36:18.142] [main/DEBUG] [cpw.mods.modlauncher.TransformStore/MODLAUNCHER]: Adding transformer net.minecraftforge.coremod.transformer.CoreModMethodTransformer@781654f8 to Target : METHOD {Lnet/minecraft/client/multiplayer/ClientPacketListener;} {m_5998_} {(Lnet/minecraft/network/protocol/game/ClientboundLoginPacket;)V}
[12May2025 05:36:18.143] [main/DEBUG] [cpw.mods.modlauncher.TransformStore/MODLAUNCHER]: Adding transformer net.minecraftforge.coremod.transformer.CoreModMethodTransformer@2abc55c4 to Target : METHOD {Lnet/minecraft/client/multiplayer/ClientPacketListener;} {m_261044_} {()V}
[12May2025 05:36:18.143] [main/DEBUG] [cpw.mods.modlauncher.TransformStore/MODLAUNCHER]: Adding transformer net.minecraftforge.coremod.transformer.CoreModMethodTransformer@4e958f08 to Target : METHOD {Lnet/minecraft/server/players/PlayerList;} {m_11229_} {(Lnet/minecraft/server/level/ServerPlayer;Lnet/minecraft/server/level/ServerLevel;)V}
[12May2025 05:36:18.143] [main/DEBUG] [cpw.mods.modlauncher.TransformStore/MODLAUNCHER]: Adding transformer net.minecraftforge.coremod.transformer.CoreModMethodTransformer@71c0b742 to Target : METHOD {Lnet/minecraft/world/level/storage/LevelStorageSource$LevelStorageAccess;} {m_78311_} {()V}
[12May2025 05:36:18.144] [main/DEBUG] [cpw.mods.modlauncher.TransformStore/MODLAUNCHER]: Adding transformer net.minecraftforge.coremod.transformer.CoreModMethodTransformer@3bbb8c16 to Target : METHOD {Lnet/minecraft/client/Minecraft;} {m_91383_} {(Z)V}
[12May2025 05:36:18.145] [main/DEBUG] [cpw.mods.modlauncher.TransformStore/MODLAUNCHER]: Adding transformer net.minecraftforge.coremod.transformer.CoreModMethodTransformer@73e1ecd0 to Target : METHOD {Lnet/minecraft/client/Minecraft;} {m_91383_} {(Z)V}
[12May2025 05:36:18.146] [main/DEBUG] [cpw.mods.modlauncher.TransformStore/MODLAUNCHER]: Adding transformer net.minecraftforge.coremod.transformer.CoreModMethodTransformer@11eec06b to Target : METHOD {Lnet/minecraft/client/multiplayer/chat/ChatListener;} {m_240494_} {(Lnet/minecraft/network/chat/Component;Z)V}
[12May2025 05:36:18.146] [main/DEBUG] [cpw.mods.modlauncher.TransformStore/MODLAUNCHER]: Adding transformer net.minecraftforge.coremod.transformer.CoreModMethodTransformer@65600fb3 to Target : METHOD {Lnet/minecraft/client/multiplayer/chat/ChatListener;} {m_245141_} {(Lnet/minecraft/network/chat/Component;Lnet/minecraft/network/chat/ChatType$Bound;)V}
[12May2025 05:36:18.146] [main/DEBUG] [cpw.mods.modlauncher.TransformStore/MODLAUNCHER]: Adding transformer net.minecraftforge.coremod.transformer.CoreModMethodTransformer@25ce435 to Target : METHOD {Lnet/minecraft/client/multiplayer/ClientPacketListener;} {m_6571_} {(Lnet/minecraft/network/protocol/game/ClientboundSetDefaultSpawnPositionPacket;)V}
[12May2025 05:36:18.146] [main/DEBUG] [cpw.mods.modlauncher.TransformStore/MODLAUNCHER]: Adding transformer net.minecraftforge.coremod.transformer.CoreModMethodTransformer@7ea71fc2 to Target : METHOD {Lnet/minecraft/world/level/levelgen/WorldOptions;} {<init>} {(JZZLjava/util/Optional;)V}
[12May2025 05:36:18.146] [main/DEBUG] [cpw.mods.modlauncher.TransformStore/MODLAUNCHER]: Adding transformer net.minecraftforge.coremod.transformer.CoreModMethodTransformer@19ad75e5 to Target : METHOD {Lnet/minecraft/client/gui/MapRenderer$MapInstance;} {m_93291_} {(Lcom/mojang/blaze3d/vertex/PoseStack;Lnet/minecraft/client/renderer/MultiBufferSource;ZI)V}
[12May2025 05:36:18.146] [main/DEBUG] [cpw.mods.modlauncher.TransformStore/MODLAUNCHER]: Adding transformer net.minecraftforge.coremod.transformer.CoreModMethodTransformer@7cd5fcf4 to Target : METHOD {Lnet/minecraft/client/renderer/ItemInHandRenderer;} {m_109371_} {(Lnet/minecraft/client/player/AbstractClientPlayer;FFLnet/minecraft/world/InteractionHand;FLnet/minecraft/world/item/ItemStack;FLcom/mojang/blaze3d/vertex/PoseStack;Lnet/minecraft/client/renderer/MultiBufferSource;I)V}
[12May2025 05:36:18.146] [main/DEBUG] [cpw.mods.modlauncher.TransformStore/MODLAUNCHER]: Adding transformer net.minecraftforge.coremod.transformer.CoreModMethodTransformer@19cdc217 to Target : METHOD {Lnet/minecraft/world/entity/decoration/ItemFrame;} {m_218868_} {()Ljava/util/OptionalInt;}
[12May2025 05:36:18.146] [main/DEBUG] [cpw.mods.modlauncher.TransformStore/MODLAUNCHER]: Adding transformer net.minecraftforge.coremod.transformer.CoreModMethodTransformer@5f5297e3 to Target : METHOD {Lnet/minecraft/client/renderer/ItemInHandRenderer;} {m_109366_} {(Lcom/mojang/blaze3d/vertex/PoseStack;Lnet/minecraft/client/renderer/MultiBufferSource;ILnet/minecraft/world/item/ItemStack;)V}
[12May2025 05:36:18.147] [main/DEBUG] [cpw.mods.modlauncher.TransformStore/MODLAUNCHER]: Adding transformer net.minecraftforge.coremod.transformer.CoreModMethodTransformer@2d22d3b1 to Target : METHOD {Lnet/minecraft/world/item/MapItem;} {m_7373_} {(Lnet/minecraft/world/item/ItemStack;Lnet/minecraft/world/level/Level;Ljava/util/List;Lnet/minecraft/world/item/TooltipFlag;)V}
[12May2025 05:36:18.147] [main/DEBUG] [cpw.mods.modlauncher.TransformStore/MODLAUNCHER]: Adding transformer net.minecraftforge.coremod.transformer.CoreModMethodTransformer@7ec3a8bd to Target : METHOD {Lnet/minecraft/client/sounds/MusicManager;} {m_120183_} {()V}
[12May2025 05:36:18.147] [main/DEBUG] [cpw.mods.modlauncher.TransformStore/MODLAUNCHER]: Adding transformer net.minecraftforge.coremod.transformer.CoreModMethodTransformer@9690008 to Target : METHOD {Lnet/minecraft/server/level/ServerEntity;} {m_8543_} {()V}
[12May2025 05:36:18.147] [main/DEBUG] [cpw.mods.modlauncher.TransformStore/MODLAUNCHER]: Adding transformer net.minecraftforge.coremod.transformer.CoreModMethodTransformer@42cf6349 to Target : METHOD {Lnet/minecraft/client/renderer/entity/EntityRenderDispatcher;} {m_6213_} {(Lnet/minecraft/server/packs/resources/ResourceManager;)V}
[12May2025 05:36:18.147] [main/DEBUG] [cpw.mods.modlauncher.TransformStore/MODLAUNCHER]: Adding transformer net.minecraftforge.coremod.transformer.CoreModMethodTransformer@79cb8ffa to Target : METHOD {Lnet/minecraft/client/renderer/entity/EntityRenderDispatcher;} {m_114382_} {(Lnet/minecraft/world/entity/Entity;)Lnet/minecraft/client/renderer/entity/EntityRenderer;}
[12May2025 05:36:18.147] [main/DEBUG] [cpw.mods.modlauncher.TransformStore/MODLAUNCHER]: Adding transformer net.minecraftforge.coremod.transformer.CoreModMethodTransformer@1a2e563e to Target : METHOD {Lnet/minecraft/client/renderer/LevelRenderer;} {m_109599_} {(Lcom/mojang/blaze3d/vertex/PoseStack;FJZLnet/minecraft/client/Camera;Lnet/minecraft/client/renderer/GameRenderer;Lnet/minecraft/client/renderer/LightTexture;Lorg/joml/Matrix4f;)V}
[12May2025 05:36:18.147] [main/DEBUG] [cpw.mods.modlauncher.TransformStore/MODLAUNCHER]: Adding transformer net.minecraftforge.coremod.transformer.CoreModMethodTransformer@5b066c33 to Target : METHOD {Lnet/minecraft/client/renderer/BiomeColors;} {m_108807_} {(Lnet/minecraft/world/level/biome/Biome;DD)I}
[12May2025 05:36:18.148] [main/DEBUG] [cpw.mods.modlauncher.TransformStore/MODLAUNCHER]: Adding transformer net.minecraftforge.coremod.transformer.CoreModMethodTransformer@62ea8931 to Target : METHOD {Lnet/minecraft/client/player/LocalPlayer;} {m_6083_} {()V}
[12May2025 05:36:18.148] [main/DEBUG] [cpw.mods.modlauncher.TransformStore/MODLAUNCHER]: Adding transformer net.minecraftforge.coremod.transformer.CoreModMethodTransformer@47fb7ec9 to Target : METHOD {Lnet/minecraft/world/item/WrittenBookItem;} {m_7626_} {(Lnet/minecraft/world/item/ItemStack;)Lnet/minecraft/network/chat/Component;}
[12May2025 05:36:18.148] [main/DEBUG] [cpw.mods.modlauncher.TransformStore/MODLAUNCHER]: Adding transformer net.minecraftforge.coremod.transformer.CoreModMethodTransformer@2f8c4fae to Target : METHOD {Lnet/minecraft/world/level/levelgen/structure/StructureStart;} {m_226857_} {(Lnet/minecraft/world/level/levelgen/structure/pieces/StructurePieceSerializationContext;Lnet/minecraft/nbt/CompoundTag;J)Lnet/minecraft/world/level/levelgen/structure/StructureStart;}
[12May2025 05:36:18.149] [main/DEBUG] [cpw.mods.modlauncher.TransformStore/MODLAUNCHER]: Adding transformer net.minecraftforge.coremod.transformer.CoreModMethodTransformer@4703c998 to Target : METHOD {Lnet/minecraft/world/item/Item;} {m_41435_} {(Lnet/minecraft/world/level/Level;Lnet/minecraft/world/entity/player/Player;Lnet/minecraft/world/level/ClipContext$Fluid;)Lnet/minecraft/world/phys/BlockHitResult;}
[12May2025 05:36:18.149] [main/DEBUG] [cpw.mods.modlauncher.TransformStore/MODLAUNCHER]: Adding transformer net.minecraftforge.coremod.transformer.CoreModMethodTransformer@71166348 to Target : METHOD {Lnet/minecraft/world/level/block/MushroomBlock;} {m_7898_} {(Lnet/minecraft/world/level/block/state/BlockState;Lnet/minecraft/world/level/LevelReader;Lnet/minecraft/core/BlockPos;)Z}
[12May2025 05:36:18.149] [main/DEBUG] [cpw.mods.modlauncher.TransformStore/MODLAUNCHER]: Adding transformer net.minecraftforge.coremod.transformer.CoreModMethodTransformer@6d874695 to Target : METHOD {Lnet/minecraft/world/level/Level;} {m_46758_} {(Lnet/minecraft/core/BlockPos;)Z}
[12May2025 05:36:18.149] [main/DEBUG] [cpw.mods.modlauncher.TransformStore/MODLAUNCHER]: Adding transformer net.minecraftforge.coremod.transformer.CoreModMethodTransformer@20bb85b4 to Target : METHOD {Lnet/minecraft/world/entity/decoration/LeashFenceKnotEntity;} {m_7088_} {()Z}
[12May2025 05:36:18.149] [main/DEBUG] [cpw.mods.modlauncher.TransformStore/MODLAUNCHER]: Adding transformer net.minecraftforge.coremod.transformer.CoreModMethodTransformer@79add732 to Target : METHOD {Lnet/minecraft/client/multiplayer/ClientPacketListener;} {m_6773_} {(Lnet/minecraft/network/protocol/game/ClientboundBlockUpdatePacket;)V}
[12May2025 05:36:18.150] [main/DEBUG] [cpw.mods.modlauncher.TransformStore/MODLAUNCHER]: Adding transformer net.minecraftforge.coremod.transformer.CoreModMethodTransformer@3be3e76c to Target : METHOD {Lnet/minecraft/client/multiplayer/ClientPacketListener;} {m_5771_} {(Lnet/minecraft/network/protocol/game/ClientboundSectionBlocksUpdatePacket;)V}
[12May2025 05:36:18.150] [main/DEBUG] [cpw.mods.modlauncher.TransformStore/MODLAUNCHER]: Adding transformer net.minecraftforge.coremod.transformer.CoreModMethodTransformer@6c07ad6b to Target : METHOD {Lnet/minecraft/client/multiplayer/ClientPacketListener;} {m_194198_} {(IILnet/minecraft/network/protocol/game/ClientboundLevelChunkPacketData;)V}
[12May2025 05:36:18.150] [main/DEBUG] [cpw.mods.modlauncher.TransformStore/MODLAUNCHER]: Adding transformer net.minecraftforge.coremod.transformer.CoreModMethodTransformer@10ed037a to Target : METHOD {Lnet/minecraft/client/multiplayer/ClientPacketListener;} {m_183388_} {(Lnet/minecraft/network/protocol/game/ClientboundLevelChunkWithLightPacket;)V}
[12May2025 05:36:18.150] [main/DEBUG] [cpw.mods.modlauncher.TransformStore/MODLAUNCHER]: Adding transformer net.minecraftforge.coremod.transformer.CoreModMethodTransformer@76e4212 to Target : METHOD {Lnet/minecraft/client/multiplayer/ClientPacketListener;} {m_183514_} {(Lnet/minecraft/network/protocol/game/ClientboundLightUpdatePacket;)V}
[12May2025 05:36:18.150] [main/DEBUG] [cpw.mods.modlauncher.TransformStore/MODLAUNCHER]: Adding transformer net.minecraftforge.coremod.transformer.CoreModMethodTransformer@23121d14 to Target : METHOD {Lnet/minecraft/client/multiplayer/ClientPacketListener;} {m_194252_} {(Lnet/minecraft/network/protocol/game/ClientboundForgetLevelChunkPacket;)V}
[12May2025 05:36:18.151] [main/DEBUG] [cpw.mods.modlauncher.TransformStore/MODLAUNCHER]: Adding transformer net.minecraftforge.coremod.transformer.CoreModMethodTransformer@72af90e8 to Target : METHOD {Lnet/minecraft/client/multiplayer/ClientPacketListener;} {m_6571_} {(Lnet/minecraft/network/protocol/game/ClientboundSetDefaultSpawnPositionPacket;)V}
[12May2025 05:36:18.151] [main/DEBUG] [cpw.mods.modlauncher.TransformStore/MODLAUNCHER]: Adding transformer net.minecraftforge.coremod.transformer.CoreModMethodTransformer@aa1bb14 to Target : METHOD {Lnet/minecraft/client/player/AbstractClientPlayer;} {m_108561_} {()Lnet/minecraft/resources/ResourceLocation;}
[12May2025 05:36:18.151] [main/DEBUG] [cpw.mods.modlauncher.TransformStore/MODLAUNCHER]: Adding transformer net.minecraftforge.coremod.transformer.CoreModMethodTransformer@7faa0680 to Target : METHOD {Lnet/minecraft/world/entity/player/Player;} {m_36170_} {(Lnet/minecraft/world/entity/player/PlayerModelPart;)Z}
[12May2025 05:36:18.151] [main/DEBUG] [cpw.mods.modlauncher.TransformStore/MODLAUNCHER]: Adding transformer net.minecraftforge.coremod.transformer.CoreModMethodTransformer@4c635edc to Target : METHOD {Lnet/minecraft/client/multiplayer/ClientPacketListener;} {m_5998_} {(Lnet/minecraft/network/protocol/game/ClientboundLoginPacket;)V}
[12May2025 05:36:18.151] [main/DEBUG] [cpw.mods.modlauncher.TransformStore/MODLAUNCHER]: Adding transformer net.minecraftforge.coremod.transformer.CoreModMethodTransformer@4245bf68 to Target : METHOD {Lnet/minecraft/client/multiplayer/ClientPacketListener;} {m_261044_} {()V}
[12May2025 05:36:18.151] [main/DEBUG] [cpw.mods.modlauncher.TransformStore/MODLAUNCHER]: Adding transformer net.minecraftforge.coremod.transformer.CoreModMethodTransformer@45bbc52f to Target : METHOD {Lnet/minecraft/client/player/LocalPlayer;} {m_7583_} {()V}
[12May2025 05:36:18.154] [main/DEBUG] [cpw.mods.modlauncher.TransformStore/MODLAUNCHER]: Adding transformer net.minecraftforge.coremod.transformer.CoreModMethodTransformer@6a8a551e to Target : METHOD {Lnet/minecraft/server/players/PlayerList;} {m_11229_} {(Lnet/minecraft/server/level/ServerPlayer;Lnet/minecraft/server/level/ServerLevel;)V}
[12May2025 05:36:18.154] [main/DEBUG] [cpw.mods.modlauncher.TransformStore/MODLAUNCHER]: Adding transformer net.minecraftforge.coremod.transformer.CoreModMethodTransformer@3cc9632d to Target : METHOD {Lnet/minecraft/client/gui/components/BossHealthOverlay;} {m_280652_} {(Lnet/minecraft/client/gui/GuiGraphics;)V}
[12May2025 05:36:18.154] [main/DEBUG] [cpw.mods.modlauncher.TransformStore/MODLAUNCHER]: Adding transformer net.minecraftforge.coremod.transformer.CoreModMethodTransformer@53982523 to Target : METHOD {Lnet/minecraft/client/model/ListModel;} {m_7695_} {(Lcom/mojang/blaze3d/vertex/PoseStack;Lcom/mojang/blaze3d/vertex/VertexConsumer;IIFFFF)V}
[12May2025 05:36:18.154] [main/DEBUG] [cpw.mods.modlauncher.TransformStore/MODLAUNCHER]: Adding transformer net.minecraftforge.coremod.transformer.CoreModMethodTransformer@489110c2 to Target : METHOD {Lnet/minecraft/client/model/AgeableListModel;} {m_7695_} {(Lcom/mojang/blaze3d/vertex/PoseStack;Lcom/mojang/blaze3d/vertex/VertexConsumer;IIFFFF)V}
[12May2025 05:36:18.154] [main/DEBUG] [cpw.mods.modlauncher.TransformStore/MODLAUNCHER]: Adding transformer net.minecraftforge.coremod.transformer.CoreModMethodTransformer@700b9e6b to Target : METHOD {Lnet/minecraft/client/model/LlamaModel;} {m_7695_} {(Lcom/mojang/blaze3d/vertex/PoseStack;Lcom/mojang/blaze3d/vertex/VertexConsumer;IIFFFF)V}
[12May2025 05:36:18.154] [main/DEBUG] [cpw.mods.modlauncher.TransformStore/MODLAUNCHER]: Adding transformer net.minecraftforge.coremod.transformer.CoreModMethodTransformer@7ac5b4c to Target : METHOD {Lnet/minecraft/client/model/RabbitModel;} {m_7695_} {(Lcom/mojang/blaze3d/vertex/PoseStack;Lcom/mojang/blaze3d/vertex/VertexConsumer;IIFFFF)V}
[12May2025 05:36:18.154] [main/DEBUG] [cpw.mods.modlauncher.TransformStore/MODLAUNCHER]: Adding transformer net.minecraftforge.coremod.transformer.CoreModMethodTransformer@150fc7a7 to Target : METHOD {Lnet/minecraft/client/renderer/entity/EnderDragonRenderer$DragonModel;} {m_7695_} {(Lcom/mojang/blaze3d/vertex/PoseStack;Lcom/mojang/blaze3d/vertex/VertexConsumer;IIFFFF)V}
[12May2025 05:36:18.155] [main/DEBUG] [cpw.mods.modlauncher.TransformStore/MODLAUNCHER]: Adding transformer net.minecraftforge.coremod.transformer.CoreModMethodTransformer@55d8c2c4 to Target : METHOD {Lnet/minecraft/client/model/HierarchicalModel;} {m_7695_} {(Lcom/mojang/blaze3d/vertex/PoseStack;Lcom/mojang/blaze3d/vertex/VertexConsumer;IIFFFF)V}
[12May2025 05:36:18.156] [main/DEBUG] [cpw.mods.modlauncher.TransformStore/MODLAUNCHER]: Adding transformer net.minecraftforge.coremod.transformer.CoreModMethodTransformer@798cf6d2 to Target : METHOD {Lnet/minecraft/client/model/geom/ModelPart;} {m_104290_} {(Lcom/mojang/blaze3d/vertex/PoseStack$Pose;Lcom/mojang/blaze3d/vertex/VertexConsumer;IIFFFF)V}
[12May2025 05:36:18.157] [main/DEBUG] [cpw.mods.modlauncher.TransformStore/MODLAUNCHER]: Adding transformer net.minecraftforge.coremod.transformer.CoreModMethodTransformer@1c1fa494 to Target : METHOD {Lnet/minecraft/world/level/storage/LevelStorageSource$LevelStorageAccess;} {m_78311_} {()V}
[12May2025 05:36:18.157] [main/DEBUG] [cpw.mods.modlauncher.TransformStore/MODLAUNCHER]: Adding transformer net.minecraftforge.coremod.transformer.CoreModMethodTransformer@77c66a4f to Target : METHOD {Lnet/minecraft/client/multiplayer/ClientPacketListener;} {m_246623_} {(Ljava/lang/String;)V}
[12May2025 05:36:18.158] [main/DEBUG] [cpw.mods.modlauncher.TransformStore/MODLAUNCHER]: Adding transformer net.minecraftforge.coremod.transformer.CoreModMethodTransformer@649b5891 to Target : METHOD {Lnet/minecraft/client/multiplayer/ClientPacketListener;} {m_246979_} {(Ljava/lang/String;)Z}
[12May2025 05:36:18.158] [main/DEBUG] [cpw.mods.modlauncher.TransformStore/MODLAUNCHER]: Adding transformer net.minecraftforge.coremod.transformer.CoreModMethodTransformer@7a3f08b6 to Target : METHOD {Lnet/minecraft/client/multiplayer/chat/ChatListener;} {m_240494_} {(Lnet/minecraft/network/chat/Component;Z)V}
[12May2025 05:36:18.159] [main/DEBUG] [cpw.mods.modlauncher.TransformStore/MODLAUNCHER]: Adding transformer net.minecraftforge.coremod.transformer.CoreModMethodTransformer@1be52861 to Target : METHOD {Lnet/minecraft/client/multiplayer/chat/ChatListener;} {m_245141_} {(Lnet/minecraft/network/chat/Component;Lnet/minecraft/network/chat/ChatType$Bound;)V}
[12May2025 05:36:18.159] [main/DEBUG] [cpw.mods.modlauncher.TransformStore/MODLAUNCHER]: Adding transformer net.minecraftforge.coremod.transformer.CoreModMethodTransformer@5fb5ad40 to Target : METHOD {Lnet/minecraft/client/ToggleKeyMapping;} {m_90857_} {()Z}
[12May2025 05:36:18.160] [main/DEBUG] [cpw.mods.modlauncher.TransformationServiceDecorator/MODLAUNCHER]: Initialized transformers for transformation service fml
[12May2025 05:36:20.812] [main/DEBUG] [mixin/]: Processing prepare() for PlatformAgent[MixinPlatformAgentDefault:ModLauncher Root Container(ModLauncher:4f56a0a2)]
[12May2025 05:36:20.812] [main/DEBUG] [mixin/]: Processing launch tasks for PlatformAgent[MixinPlatformAgentDefault:ModLauncher Root Container(ModLauncher:4f56a0a2)]
[12May2025 05:36:20.813] [main/DEBUG] [mixin/]: Adding mixin platform agents for container SecureJarResource(kuma_api)
[12May2025 05:36:20.813] [main/DEBUG] [mixin/]: Instancing new MixinPlatformAgentMinecraftForge for SecureJarResource(kuma_api)
[12May2025 05:36:20.813] [main/DEBUG] [mixin/]: MixinPlatformAgentMinecraftForge rejected container SecureJarResource(kuma_api)
[12May2025 05:36:20.813] [main/DEBUG] [mixin/]: Instancing new MixinPlatformAgentDefault for SecureJarResource(kuma_api)
[12May2025 05:36:20.814] [main/DEBUG] [mixin/]: MixinPlatformAgentDefault accepted container SecureJarResource(kuma_api)
[12May2025 05:36:20.814] [main/DEBUG] [mixin/]: Processing prepare() for PlatformAgent[MixinPlatformAgentDefault:SecureJarResource(kuma_api)]
[12May2025 05:36:20.814] [main/DEBUG] [mixin/]: Registering mixin config: kuma_api.mixins.json
[12May2025 05:36:20.868] [main/DEBUG] [mixin/]: Compatibility level JAVA_17 specified by kuma_api.mixins.json is higher than the maximum level supported by this version of mixin (JAVA_13).
[12May2025 05:36:20.878] [main/INFO] [mixin/]: Compatibility level set to JAVA_17
[12May2025 05:36:20.880] [main/DEBUG] [mixin/]: Registering mixin config: kuma_api.forge.mixins.json
[12May2025 05:36:20.889] [main/DEBUG] [mixin/]: Adding mixin platform agents for container SecureJarResource(furnitura)
[12May2025 05:36:20.889] [main/DEBUG] [mixin/]: Instancing new MixinPlatformAgentMinecraftForge for SecureJarResource(furnitura)
[12May2025 05:36:20.889] [main/DEBUG] [mixin/]: MixinPlatformAgentMinecraftForge rejected container SecureJarResource(furnitura)
[12May2025 05:36:20.889] [main/DEBUG] [mixin/]: Instancing new MixinPlatformAgentDefault for SecureJarResource(furnitura)
[12May2025 05:36:20.889] [main/DEBUG] [mixin/]: MixinPlatformAgentDefault accepted container SecureJarResource(furnitura)
[12May2025 05:36:20.889] [main/DEBUG] [mixin/]: Processing prepare() for PlatformAgent[MixinPlatformAgentDefault:SecureJarResource(furnitura)]
[12May2025 05:36:20.889] [main/DEBUG] [mixin/]: Adding mixin platform agents for container SecureJarResource(geckolib)
[12May2025 05:36:20.889] [main/DEBUG] [mixin/]: Instancing new MixinPlatformAgentMinecraftForge for SecureJarResource(geckolib)
[12May2025 05:36:20.889] [main/DEBUG] [mixin/]: MixinPlatformAgentMinecraftForge rejected container SecureJarResource(geckolib)
[12May2025 05:36:20.890] [main/DEBUG] [mixin/]: Instancing new MixinPlatformAgentDefault for SecureJarResource(geckolib)
[12May2025 05:36:20.890] [main/DEBUG] [mixin/]: MixinPlatformAgentDefault accepted container SecureJarResource(geckolib)
[12May2025 05:36:20.890] [main/DEBUG] [mixin/]: Processing prepare() for PlatformAgent[MixinPlatformAgentDefault:SecureJarResource(geckolib)]
[12May2025 05:36:20.890] [main/DEBUG] [mixin/]: Registering mixin config: geckolib.mixins.json
[12May2025 05:36:20.895] [main/DEBUG] [mixin/]: Adding mixin platform agents for container SecureJarResource(playeranimator)
[12May2025 05:36:20.897] [main/DEBUG] [mixin/]: Instancing new MixinPlatformAgentMinecraftForge for SecureJarResource(playeranimator)
[12May2025 05:36:20.897] [main/DEBUG] [mixin/]: MixinPlatformAgentMinecraftForge rejected container SecureJarResource(playeranimator)
[12May2025 05:36:20.897] [main/DEBUG] [mixin/]: Instancing new MixinPlatformAgentDefault for SecureJarResource(playeranimator)
[12May2025 05:36:20.897] [main/DEBUG] [mixin/]: MixinPlatformAgentDefault accepted container SecureJarResource(playeranimator)
[12May2025 05:36:20.897] [main/DEBUG] [mixin/]: Processing prepare() for PlatformAgent[MixinPlatformAgentDefault:SecureJarResource(playeranimator)]
[12May2025 05:36:20.897] [main/DEBUG] [mixin/]: Registering mixin config: playerAnimator-common.mixins.json
[12May2025 05:36:20.903] [main/DEBUG] [mixin/]: Compatibility level JAVA_16 specified by playerAnimator-common.mixins.json is higher than the maximum level supported by this version of mixin (JAVA_13).
[12May2025 05:36:20.904] [main/DEBUG] [mixin/]: Adding mixin platform agents for container SecureJarResource(lithostitched)
[12May2025 05:36:20.904] [main/DEBUG] [mixin/]: Instancing new MixinPlatformAgentMinecraftForge for SecureJarResource(lithostitched)
[12May2025 05:36:20.904] [main/DEBUG] [mixin/]: MixinPlatformAgentMinecraftForge rejected container SecureJarResource(lithostitched)
[12May2025 05:36:20.904] [main/DEBUG] [mixin/]: Instancing new MixinPlatformAgentDefault for SecureJarResource(lithostitched)
[12May2025 05:36:20.905] [main/DEBUG] [mixin/]: MixinPlatformAgentDefault accepted container SecureJarResource(lithostitched)
[12May2025 05:36:20.905] [main/DEBUG] [mixin/]: Processing prepare() for PlatformAgent[MixinPlatformAgentDefault:SecureJarResource(lithostitched)]
[12May2025 05:36:20.906] [main/DEBUG] [mixin/]: Registering mixin config: lithostitched.mixins.json
[12May2025 05:36:20.911] [main/DEBUG] [mixin/]: Registering mixin config: lithostitched.forge.mixins.json
[12May2025 05:36:20.916] [main/DEBUG] [mixin/]: Adding mixin platform agents for container SecureJarResource(obscure_api)
[12May2025 05:36:20.916] [main/DEBUG] [mixin/]: Instancing new MixinPlatformAgentMinecraftForge for SecureJarResource(obscure_api)
[12May2025 05:36:20.916] [main/DEBUG] [mixin/]: MixinPlatformAgentMinecraftForge rejected container SecureJarResource(obscure_api)
[12May2025 05:36:20.916] [main/DEBUG] [mixin/]: Instancing new MixinPlatformAgentDefault for SecureJarResource(obscure_api)
[12May2025 05:36:20.916] [main/DEBUG] [mixin/]: MixinPlatformAgentDefault accepted container SecureJarResource(obscure_api)
[12May2025 05:36:20.916] [main/DEBUG] [mixin/]: Processing prepare() for PlatformAgent[MixinPlatformAgentDefault:SecureJarResource(obscure_api)]
[12May2025 05:36:20.916] [main/DEBUG] [mixin/]: Registering mixin config: obscure_api.mixins.json
[12May2025 05:36:20.922] [main/DEBUG] [mixin/]: Adding mixin platform agents for container SecureJarResource(sophisticatedcore)
[12May2025 05:36:20.924] [main/DEBUG] [mixin/]: Instancing new MixinPlatformAgentMinecraftForge for SecureJarResource(sophisticatedcore)
[12May2025 05:36:20.924] [main/DEBUG] [mixin/]: MixinPlatformAgentMinecraftForge rejected container SecureJarResource(sophisticatedcore)
[12May2025 05:36:20.924] [main/DEBUG] [mixin/]: Instancing new MixinPlatformAgentDefault for SecureJarResource(sophisticatedcore)
[12May2025 05:36:20.924] [main/DEBUG] [mixin/]: MixinPlatformAgentDefault accepted container SecureJarResource(sophisticatedcore)
[12May2025 05:36:20.924] [main/DEBUG] [mixin/]: Processing prepare() for PlatformAgent[MixinPlatformAgentDefault:SecureJarResource(sophisticatedcore)]
[12May2025 05:36:20.924] [main/DEBUG] [mixin/]: Adding mixin platform agents for container SecureJarResource(waystones)
[12May2025 05:36:20.924] [main/DEBUG] [mixin/]: Instancing new MixinPlatformAgentMinecraftForge for SecureJarResource(waystones)
[12May2025 05:36:20.924] [main/DEBUG] [mixin/]: MixinPlatformAgentMinecraftForge rejected container SecureJarResource(waystones)
[12May2025 05:36:20.924] [main/DEBUG] [mixin/]: Instancing new MixinPlatformAgentDefault for SecureJarResource(waystones)
[12May2025 05:36:20.924] [main/DEBUG] [mixin/]: MixinPlatformAgentDefault accepted container SecureJarResource(waystones)
[12May2025 05:36:20.924] [main/DEBUG] [mixin/]: Processing prepare() for PlatformAgent[MixinPlatformAgentDefault:SecureJarResource(waystones)]
[12May2025 05:36:20.924] [main/DEBUG] [mixin/]: Registering mixin config: waystones.mixins.json
[12May2025 05:36:20.930] [main/DEBUG] [mixin/]: Adding mixin platform agents for container SecureJarResource(xaeroworldmap)
[12May2025 05:36:20.931] [main/DEBUG] [mixin/]: Instancing new MixinPlatformAgentMinecraftForge for SecureJarResource(xaeroworldmap)
[12May2025 05:36:20.931] [main/DEBUG] [mixin/]: MixinPlatformAgentMinecraftForge rejected container SecureJarResource(xaeroworldmap)
[12May2025 05:36:20.931] [main/DEBUG] [mixin/]: Instancing new MixinPlatformAgentDefault for SecureJarResource(xaeroworldmap)
[12May2025 05:36:20.931] [main/DEBUG] [mixin/]: MixinPlatformAgentDefault accepted container SecureJarResource(xaeroworldmap)
[12May2025 05:36:20.931] [main/DEBUG] [mixin/]: Processing prepare() for PlatformAgent[MixinPlatformAgentDefault:SecureJarResource(xaeroworldmap)]
[12May2025 05:36:20.931] [main/DEBUG] [mixin/]: Adding mixin platform agents for container SecureJarResource(modernfix)
[12May2025 05:36:20.931] [main/DEBUG] [mixin/]: Instancing new MixinPlatformAgentMinecraftForge for SecureJarResource(modernfix)
[12May2025 05:36:20.931] [main/DEBUG] [mixin/]: MixinPlatformAgentMinecraftForge rejected container SecureJarResource(modernfix)
[12May2025 05:36:20.931] [main/DEBUG] [mixin/]: Instancing new MixinPlatformAgentDefault for SecureJarResource(modernfix)
[12May2025 05:36:20.931] [main/DEBUG] [mixin/]: MixinPlatformAgentDefault accepted container SecureJarResource(modernfix)
[12May2025 05:36:20.931] [main/DEBUG] [mixin/]: Processing prepare() for PlatformAgent[MixinPlatformAgentDefault:SecureJarResource(modernfix)]
[12May2025 05:36:20.932] [main/DEBUG] [mixin/]: Registering mixin config: modernfix-common.mixins.json
[12May2025 05:36:20.937] [main/DEBUG] [mixin/]: Registering mixin config: modernfix-forge.mixins.json
[12May2025 05:36:20.945] [main/DEBUG] [mixin/]: Adding mixin platform agents for container SecureJarResource(jei)
[12May2025 05:36:20.945] [main/DEBUG] [mixin/]: Instancing new MixinPlatformAgentMinecraftForge for SecureJarResource(jei)
[12May2025 05:36:20.948] [main/DEBUG] [mixin/]: MixinPlatformAgentMinecraftForge rejected container SecureJarResource(jei)
[12May2025 05:36:20.948] [main/DEBUG] [mixin/]: Instancing new MixinPlatformAgentDefault for SecureJarResource(jei)
[12May2025 05:36:20.948] [main/DEBUG] [mixin/]: MixinPlatformAgentDefault accepted container SecureJarResource(jei)
[12May2025 05:36:20.948] [main/DEBUG] [mixin/]: Processing prepare() for PlatformAgent[MixinPlatformAgentDefault:SecureJarResource(jei)]
[12May2025 05:36:20.948] [main/DEBUG] [mixin/]: Adding mixin platform agents for container SecureJarResource(yungsapi)
[12May2025 05:36:20.948] [main/DEBUG] [mixin/]: Instancing new MixinPlatformAgentMinecraftForge for SecureJarResource(yungsapi)
[12May2025 05:36:20.948] [main/DEBUG] [mixin/]: MixinPlatformAgentMinecraftForge rejected container SecureJarResource(yungsapi)
[12May2025 05:36:20.948] [main/DEBUG] [mixin/]: Instancing new MixinPlatformAgentDefault for SecureJarResource(yungsapi)
[12May2025 05:36:20.948] [main/DEBUG] [mixin/]: MixinPlatformAgentDefault accepted container SecureJarResource(yungsapi)
[12May2025 05:36:20.948] [main/DEBUG] [mixin/]: Processing prepare() for PlatformAgent[MixinPlatformAgentDefault:SecureJarResource(yungsapi)]
[12May2025 05:36:20.948] [main/DEBUG] [mixin/]: Registering mixin config: yungsapi.mixins.json
[12May2025 05:36:20.952] [main/DEBUG] [mixin/]: Registering mixin config: yungsapi_forge.mixins.json
[12May2025 05:36:20.958] [main/DEBUG] [mixin/]: Adding mixin platform agents for container SecureJarResource(decorative_blocks)
[12May2025 05:36:20.958] [main/DEBUG] [mixin/]: Instancing new MixinPlatformAgentMinecraftForge for SecureJarResource(decorative_blocks)
[12May2025 05:36:20.958] [main/DEBUG] [mixin/]: MixinPlatformAgentMinecraftForge rejected container SecureJarResource(decorative_blocks)
[12May2025 05:36:20.959] [main/DEBUG] [mixin/]: Instancing new MixinPlatformAgentDefault for SecureJarResource(decorative_blocks)
[12May2025 05:36:20.959] [main/DEBUG] [mixin/]: MixinPlatformAgentDefault accepted container SecureJarResource(decorative_blocks)
[12May2025 05:36:20.959] [main/DEBUG] [mixin/]: Processing prepare() for PlatformAgent[MixinPlatformAgentDefault:SecureJarResource(decorative_blocks)]
[12May2025 05:36:20.959] [main/DEBUG] [mixin/]: Registering mixin config: decorative_blocks.mixins.json
[12May2025 05:36:20.960] [main/DEBUG] [mixin/]: Registering mixin config: decorative_blocks.forge.mixins.json
[12May2025 05:36:20.968] [main/DEBUG] [mixin/]: Adding mixin platform agents for container SecureJarResource(mixinextras)
[12May2025 05:36:20.970] [main/DEBUG] [mixin/]: Instancing new MixinPlatformAgentMinecraftForge for SecureJarResource(mixinextras)
[12May2025 05:36:20.970] [main/DEBUG] [mixin/]: MixinPlatformAgentMinecraftForge rejected container SecureJarResource(mixinextras)
[12May2025 05:36:20.970] [main/DEBUG] [mixin/]: Instancing new MixinPlatformAgentDefault for SecureJarResource(mixinextras)
[12May2025 05:36:20.970] [main/DEBUG] [mixin/]: MixinPlatformAgentDefault accepted container SecureJarResource(mixinextras)
[12May2025 05:36:20.971] [main/DEBUG] [mixin/]: Processing prepare() for PlatformAgent[MixinPlatformAgentDefault:SecureJarResource(mixinextras)]
[12May2025 05:36:20.971] [main/DEBUG] [mixin/]: Registering mixin config: mixinextras.init.mixins.json
[12May2025 05:36:20.973] [main/DEBUG] [mixin/]: Adding mixin platform agents for container SecureJarResource(glitchcore)
[12May2025 05:36:20.975] [main/DEBUG] [mixin/]: Instancing new MixinPlatformAgentMinecraftForge for SecureJarResource(glitchcore)
[12May2025 05:36:20.975] [main/DEBUG] [mixin/]: MixinPlatformAgentMinecraftForge rejected container SecureJarResource(glitchcore)
[12May2025 05:36:20.975] [main/DEBUG] [mixin/]: Instancing new MixinPlatformAgentDefault for SecureJarResource(glitchcore)
[12May2025 05:36:20.975] [main/DEBUG] [mixin/]: MixinPlatformAgentDefault accepted container SecureJarResource(glitchcore)
[12May2025 05:36:20.977] [main/DEBUG] [mixin/]: Processing prepare() for PlatformAgent[MixinPlatformAgentDefault:SecureJarResource(glitchcore)]
[12May2025 05:36:20.977] [main/DEBUG] [mixin/]: Registering mixin config: glitchcore.mixins.json
[12May2025 05:36:20.982] [main/DEBUG] [mixin/]: Registering mixin config: glitchcore.forge.mixins.json
[12May2025 05:36:20.985] [main/DEBUG] [mixin/]: Adding mixin platform agents for container SecureJarResource(sophisticatedbackpacks)
[12May2025 05:36:20.988] [main/DEBUG] [mixin/]: Instancing new MixinPlatformAgentMinecraftForge for SecureJarResource(sophisticatedbackpacks)
[12May2025 05:36:20.988] [main/DEBUG] [mixin/]: MixinPlatformAgentMinecraftForge rejected container SecureJarResource(sophisticatedbackpacks)
[12May2025 05:36:20.988] [main/DEBUG] [mixin/]: Instancing new MixinPlatformAgentDefault for SecureJarResource(sophisticatedbackpacks)
[12May2025 05:36:20.988] [main/DEBUG] [mixin/]: MixinPlatformAgentDefault accepted container SecureJarResource(sophisticatedbackpacks)
[12May2025 05:36:20.988] [main/DEBUG] [mixin/]: Processing prepare() for PlatformAgent[MixinPlatformAgentDefault:SecureJarResource(sophisticatedbackpacks)]
[12May2025 05:36:20.988] [main/DEBUG] [mixin/]: Adding mixin platform agents for container SecureJarResource(bettermobs)
[12May2025 05:36:20.988] [main/DEBUG] [mixin/]: Instancing new MixinPlatformAgentMinecraftForge for SecureJarResource(bettermobs)
[12May2025 05:36:20.988] [main/DEBUG] [mixin/]: MixinPlatformAgentMinecraftForge rejected container SecureJarResource(bettermobs)
[12May2025 05:36:20.988] [main/DEBUG] [mixin/]: Instancing new MixinPlatformAgentDefault for SecureJarResource(bettermobs)
[12May2025 05:36:20.988] [main/DEBUG] [mixin/]: MixinPlatformAgentDefault accepted container SecureJarResource(bettermobs)
[12May2025 05:36:20.988] [main/DEBUG] [mixin/]: Processing prepare() for PlatformAgent[MixinPlatformAgentDefault:SecureJarResource(bettermobs)]
[12May2025 05:36:20.988] [main/DEBUG] [mixin/]: Adding mixin platform agents for container SecureJarResource(balm)
[12May2025 05:36:20.988] [main/DEBUG] [mixin/]: Instancing new MixinPlatformAgentMinecraftForge for SecureJarResource(balm)
[12May2025 05:36:20.988] [main/DEBUG] [mixin/]: MixinPlatformAgentMinecraftForge rejected container SecureJarResource(balm)
[12May2025 05:36:20.989] [main/DEBUG] [mixin/]: Instancing new MixinPlatformAgentDefault for SecureJarResource(balm)
[12May2025 05:36:20.989] [main/DEBUG] [mixin/]: MixinPlatformAgentDefault accepted container SecureJarResource(balm)
[12May2025 05:36:20.989] [main/DEBUG] [mixin/]: Processing prepare() for PlatformAgent[MixinPlatformAgentDefault:SecureJarResource(balm)]
[12May2025 05:36:20.989] [main/DEBUG] [mixin/]: Registering mixin config: balm.mixins.json
[12May2025 05:36:20.992] [main/DEBUG] [mixin/]: Adding mixin platform agents for container SecureJarResource(blueprint)
[12May2025 05:36:20.992] [main/DEBUG] [mixin/]: Instancing new MixinPlatformAgentMinecraftForge for SecureJarResource(blueprint)
[12May2025 05:36:20.992] [main/DEBUG] [mixin/]: MixinPlatformAgentMinecraftForge rejected container SecureJarResource(blueprint)
[12May2025 05:36:20.992] [main/DEBUG] [mixin/]: Instancing new MixinPlatformAgentDefault for SecureJarResource(blueprint)
[12May2025 05:36:20.994] [main/DEBUG] [mixin/]: MixinPlatformAgentDefault accepted container SecureJarResource(blueprint)
[12May2025 05:36:20.994] [main/DEBUG] [mixin/]: Processing prepare() for PlatformAgent[MixinPlatformAgentDefault:SecureJarResource(blueprint)]
[12May2025 05:36:20.994] [main/DEBUG] [mixin/]: Registering mixin config: blueprint.mixins.json
[12May2025 05:36:21.004] [main/DEBUG] [mixin/]: Adding mixin platform agents for container SecureJarResource(jeresources)
[12May2025 05:36:21.006] [main/DEBUG] [mixin/]: Instancing new MixinPlatformAgentMinecraftForge for SecureJarResource(jeresources)
[12May2025 05:36:21.007] [main/DEBUG] [mixin/]: MixinPlatformAgentMinecraftForge rejected container SecureJarResource(jeresources)
[12May2025 05:36:21.007] [main/DEBUG] [mixin/]: Instancing new MixinPlatformAgentDefault for SecureJarResource(jeresources)
[12May2025 05:36:21.007] [main/DEBUG] [mixin/]: MixinPlatformAgentDefault accepted container SecureJarResource(jeresources)
[12May2025 05:36:21.007] [main/DEBUG] [mixin/]: Processing prepare() for PlatformAgent[MixinPlatformAgentDefault:SecureJarResource(jeresources)]
[12May2025 05:36:21.007] [main/DEBUG] [mixin/]: Adding mixin platform agents for container SecureJarResource(betterfortresses)
[12May2025 05:36:21.007] [main/DEBUG] [mixin/]: Instancing new MixinPlatformAgentMinecraftForge for SecureJarResource(betterfortresses)
[12May2025 05:36:21.007] [main/DEBUG] [mixin/]: MixinPlatformAgentMinecraftForge rejected container SecureJarResource(betterfortresses)
[12May2025 05:36:21.007] [main/DEBUG] [mixin/]: Instancing new MixinPlatformAgentDefault for SecureJarResource(betterfortresses)
[12May2025 05:36:21.007] [main/DEBUG] [mixin/]: MixinPlatformAgentDefault accepted container SecureJarResource(betterfortresses)
[12May2025 05:36:21.007] [main/DEBUG] [mixin/]: Processing prepare() for PlatformAgent[MixinPlatformAgentDefault:SecureJarResource(betterfortresses)]
[12May2025 05:36:21.007] [main/DEBUG] [mixin/]: Registering mixin config: betterfortresses.mixins.json
[12May2025 05:36:21.011] [main/DEBUG] [mixin/]: Registering mixin config: betterfortresses_forge.mixins.json
[12May2025 05:36:21.019] [main/DEBUG] [mixin/]: Adding mixin platform agents for container SecureJarResource(cloth_config)
[12May2025 05:36:21.019] [main/DEBUG] [mixin/]: Instancing new MixinPlatformAgentMinecraftForge for SecureJarResource(cloth_config)
[12May2025 05:36:21.019] [main/DEBUG] [mixin/]: MixinPlatformAgentMinecraftForge rejected container SecureJarResource(cloth_config)
[12May2025 05:36:21.019] [main/DEBUG] [mixin/]: Instancing new MixinPlatformAgentDefault for SecureJarResource(cloth_config)
[12May2025 05:36:21.019] [main/DEBUG] [mixin/]: MixinPlatformAgentDefault accepted container SecureJarResource(cloth_config)
[12May2025 05:36:21.019] [main/DEBUG] [mixin/]: Processing prepare() for PlatformAgent[MixinPlatformAgentDefault:SecureJarResource(cloth_config)]
[12May2025 05:36:21.019] [main/DEBUG] [mixin/]: Adding mixin platform agents for container SecureJarResource(sound_physics_remastered)
[12May2025 05:36:21.020] [main/DEBUG] [mixin/]: Instancing new MixinPlatformAgentMinecraftForge for SecureJarResource(sound_physics_remastered)
[12May2025 05:36:21.020] [main/DEBUG] [mixin/]: MixinPlatformAgentMinecraftForge rejected container SecureJarResource(sound_physics_remastered)
[12May2025 05:36:21.020] [main/DEBUG] [mixin/]: Instancing new MixinPlatformAgentDefault for SecureJarResource(sound_physics_remastered)
[12May2025 05:36:21.020] [main/DEBUG] [mixin/]: MixinPlatformAgentDefault accepted container SecureJarResource(sound_physics_remastered)
[12May2025 05:36:21.020] [main/DEBUG] [mixin/]: Processing prepare() for PlatformAgent[MixinPlatformAgentDefault:SecureJarResource(sound_physics_remastered)]
[12May2025 05:36:21.020] [main/DEBUG] [mixin/]: Adding mixin platform agents for container SecureJarResource(forge)
[12May2025 05:36:21.022] [main/DEBUG] [mixin/]: Instancing new MixinPlatformAgentMinecraftForge for SecureJarResource(forge)
[12May2025 05:36:21.022] [main/DEBUG] [mixin/]: MixinPlatformAgentMinecraftForge rejected container SecureJarResource(forge)
[12May2025 05:36:21.023] [main/DEBUG] [mixin/]: Instancing new MixinPlatformAgentDefault for SecureJarResource(forge)
[12May2025 05:36:21.023] [main/DEBUG] [mixin/]: MixinPlatformAgentDefault accepted container SecureJarResource(forge)
[12May2025 05:36:21.023] [main/DEBUG] [mixin/]: Processing prepare() for PlatformAgent[MixinPlatformAgentDefault:SecureJarResource(forge)]
[12May2025 05:36:21.023] [main/DEBUG] [mixin/]: Adding mixin platform agents for container SecureJarResource(ctov)
[12May2025 05:36:21.023] [main/DEBUG] [mixin/]: Instancing new MixinPlatformAgentMinecraftForge for SecureJarResource(ctov)
[12May2025 05:36:21.023] [main/DEBUG] [mixin/]: MixinPlatformAgentMinecraftForge rejected container SecureJarResource(ctov)
[12May2025 05:36:21.023] [main/DEBUG] [mixin/]: Instancing new MixinPlatformAgentDefault for SecureJarResource(ctov)
[12May2025 05:36:21.023] [main/DEBUG] [mixin/]: MixinPlatformAgentDefault accepted container SecureJarResource(ctov)
[12May2025 05:36:21.023] [main/DEBUG] [mixin/]: Processing prepare() for PlatformAgent[MixinPlatformAgentDefault:SecureJarResource(ctov)]
[12May2025 05:36:21.023] [main/DEBUG] [mixin/]: Adding mixin platform agents for container SecureJarResource(twilightforest)
[12May2025 05:36:21.023] [main/DEBUG] [mixin/]: Instancing new MixinPlatformAgentMinecraftForge for SecureJarResource(twilightforest)
[12May2025 05:36:21.023] [main/DEBUG] [mixin/]: MixinPlatformAgentMinecraftForge rejected container SecureJarResource(twilightforest)
[12May2025 05:36:21.023] [main/DEBUG] [mixin/]: Instancing new MixinPlatformAgentDefault for SecureJarResource(twilightforest)
[12May2025 05:36:21.026] [main/DEBUG] [mixin/]: MixinPlatformAgentDefault accepted container SecureJarResource(twilightforest)
[12May2025 05:36:21.026] [main/DEBUG] [mixin/]: Processing prepare() for PlatformAgent[MixinPlatformAgentDefault:SecureJarResource(twilightforest)]
[12May2025 05:36:21.026] [main/DEBUG] [mixin/]: Adding mixin platform agents for container SecureJarResource(athena)
[12May2025 05:36:21.026] [main/DEBUG] [mixin/]: Instancing new MixinPlatformAgentMinecraftForge for SecureJarResource(athena)
[12May2025 05:36:21.026] [main/DEBUG] [mixin/]: MixinPlatformAgentMinecraftForge rejected container SecureJarResource(athena)
[12May2025 05:36:21.026] [main/DEBUG] [mixin/]: Instancing new MixinPlatformAgentDefault for SecureJarResource(athena)
[12May2025 05:36:21.026] [main/DEBUG] [mixin/]: MixinPlatformAgentDefault accepted container SecureJarResource(athena)
[12May2025 05:36:21.026] [main/DEBUG] [mixin/]: Processing prepare() for PlatformAgent[MixinPlatformAgentDefault:SecureJarResource(athena)]
[12May2025 05:36:21.026] [main/DEBUG] [mixin/]: Registering mixin config: athena.mixins.json
[12May2025 05:36:21.032] [main/DEBUG] [mixin/]: Registering mixin config: athena-forge.mixins.json
[12May2025 05:36:21.037] [main/DEBUG] [mixin/]: Adding mixin platform agents for container SecureJarResource(dungeons_arise)
[12May2025 05:36:21.040] [main/DEBUG] [mixin/]: Instancing new MixinPlatformAgentMinecraftForge for SecureJarResource(dungeons_arise)
[12May2025 05:36:21.040] [main/DEBUG] [mixin/]: MixinPlatformAgentMinecraftForge rejected container SecureJarResource(dungeons_arise)
[12May2025 05:36:21.040] [main/DEBUG] [mixin/]: Instancing new MixinPlatformAgentDefault for SecureJarResource(dungeons_arise)
[12May2025 05:36:21.040] [main/DEBUG] [mixin/]: MixinPlatformAgentDefault accepted container SecureJarResource(dungeons_arise)
[12May2025 05:36:21.040] [main/DEBUG] [mixin/]: Processing prepare() for PlatformAgent[MixinPlatformAgentDefault:SecureJarResource(dungeons_arise)]
[12May2025 05:36:21.040] [main/DEBUG] [mixin/]: Adding mixin platform agents for container SecureJarResource(chipped)
[12May2025 05:36:21.040] [main/DEBUG] [mixin/]: Instancing new MixinPlatformAgentMinecraftForge for SecureJarResource(chipped)
[12May2025 05:36:21.040] [main/DEBUG] [mixin/]: MixinPlatformAgentMinecraftForge rejected container SecureJarResource(chipped)
[12May2025 05:36:21.040] [main/DEBUG] [mixin/]: Instancing new MixinPlatformAgentDefault for SecureJarResource(chipped)
[12May2025 05:36:21.040] [main/DEBUG] [mixin/]: MixinPlatformAgentDefault accepted container SecureJarResource(chipped)
[12May2025 05:36:21.040] [main/DEBUG] [mixin/]: Processing prepare() for PlatformAgent[MixinPlatformAgentDefault:SecureJarResource(chipped)]
[12May2025 05:36:21.040] [main/DEBUG] [mixin/]: Registering mixin config: chipped-common.mixins.json
[12May2025 05:36:21.044] [main/DEBUG] [mixin/]: Adding mixin platform agents for container SecureJarResource(minecraft)
[12May2025 05:36:21.046] [main/DEBUG] [mixin/]: Instancing new MixinPlatformAgentMinecraftForge for SecureJarResource(minecraft)
[12May2025 05:36:21.046] [main/DEBUG] [mixin/]: MixinPlatformAgentMinecraftForge rejected container SecureJarResource(minecraft)
[12May2025 05:36:21.047] [main/DEBUG] [mixin/]: Instancing new MixinPlatformAgentDefault for SecureJarResource(minecraft)
[12May2025 05:36:21.047] [main/DEBUG] [mixin/]: MixinPlatformAgentDefault accepted container SecureJarResource(minecraft)
[12May2025 05:36:21.047] [main/DEBUG] [mixin/]: Processing prepare() for PlatformAgent[MixinPlatformAgentDefault:SecureJarResource(minecraft)]
[12May2025 05:36:21.047] [main/DEBUG] [mixin/]: Adding mixin platform agents for container SecureJarResource(torchmaster)
[12May2025 05:36:21.047] [main/DEBUG] [mixin/]: Instancing new MixinPlatformAgentMinecraftForge for SecureJarResource(torchmaster)
[12May2025 05:36:21.047] [main/DEBUG] [mixin/]: MixinPlatformAgentMinecraftForge rejected container SecureJarResource(torchmaster)
[12May2025 05:36:21.047] [main/DEBUG] [mixin/]: Instancing new MixinPlatformAgentDefault for SecureJarResource(torchmaster)
[12May2025 05:36:21.047] [main/DEBUG] [mixin/]: MixinPlatformAgentDefault accepted container SecureJarResource(torchmaster)
[12May2025 05:36:21.047] [main/DEBUG] [mixin/]: Processing prepare() for PlatformAgent[MixinPlatformAgentDefault:SecureJarResource(torchmaster)]
[12May2025 05:36:21.047] [main/DEBUG] [mixin/]: Adding mixin platform agents for container SecureJarResource(bcc)
[12May2025 05:36:21.047] [main/DEBUG] [mixin/]: Instancing new MixinPlatformAgentMinecraftForge for SecureJarResource(bcc)
[12May2025 05:36:21.047] [main/DEBUG] [mixin/]: MixinPlatformAgentMinecraftForge rejected container SecureJarResource(bcc)
[12May2025 05:36:21.047] [main/DEBUG] [mixin/]: Instancing new MixinPlatformAgentDefault for SecureJarResource(bcc)
[12May2025 05:36:21.047] [main/DEBUG] [mixin/]: MixinPlatformAgentDefault accepted container SecureJarResource(bcc)
[12May2025 05:36:21.047] [main/DEBUG] [mixin/]: Processing prepare() for PlatformAgent[MixinPlatformAgentDefault:SecureJarResource(bcc)]
[12May2025 05:36:21.047] [main/DEBUG] [mixin/]: Registering mixin config: bcc.mixins.json
[12May2025 05:36:21.052] [main/DEBUG] [mixin/]: Registering mixin config: bcc.forge.mixins.json
[12May2025 05:36:21.056] [main/DEBUG] [mixin/]: Adding mixin platform agents for container SecureJarResource(terrablender)
[12May2025 05:36:21.058] [main/DEBUG] [mixin/]: Instancing new MixinPlatformAgentMinecraftForge for SecureJarResource(terrablender)
[12May2025 05:36:21.058] [main/DEBUG] [mixin/]: MixinPlatformAgentMinecraftForge rejected container SecureJarResource(terrablender)
[12May2025 05:36:21.058] [main/DEBUG] [mixin/]: Instancing new MixinPlatformAgentDefault for SecureJarResource(terrablender)
[12May2025 05:36:21.058] [main/DEBUG] [mixin/]: MixinPlatformAgentDefault accepted container SecureJarResource(terrablender)
[12May2025 05:36:21.058] [main/DEBUG] [mixin/]: Processing prepare() for PlatformAgent[MixinPlatformAgentDefault:SecureJarResource(terrablender)]
[12May2025 05:36:21.059] [main/DEBUG] [mixin/]: Registering mixin config: terrablender.mixins.json
[12May2025 05:36:21.064] [main/DEBUG] [mixin/]: Registering mixin config: terrablender_forge.mixins.json
[12May2025 05:36:21.068] [main/DEBUG] [mixin/]: Adding mixin platform agents for container SecureJarResource(moonlight)
[12May2025 05:36:21.068] [main/DEBUG] [mixin/]: Instancing new MixinPlatformAgentMinecraftForge for SecureJarResource(moonlight)
[12May2025 05:36:21.068] [main/DEBUG] [mixin/]: MixinPlatformAgentMinecraftForge rejected container SecureJarResource(moonlight)
[12May2025 05:36:21.068] [main/DEBUG] [mixin/]: Instancing new MixinPlatformAgentDefault for SecureJarResource(moonlight)
[12May2025 05:36:21.068] [main/DEBUG] [mixin/]: MixinPlatformAgentDefault accepted container SecureJarResource(moonlight)
[12May2025 05:36:21.068] [main/DEBUG] [mixin/]: Processing prepare() for PlatformAgent[MixinPlatformAgentDefault:SecureJarResource(moonlight)]
[12May2025 05:36:21.069] [main/DEBUG] [mixin/]: Registering mixin config: moonlight-common.mixins.json
[12May2025 05:36:21.074] [main/DEBUG] [mixin/]: Registering mixin config: moonlight.mixins.json
[12May2025 05:36:21.081] [main/DEBUG] [mixin/]: Adding mixin platform agents for container SecureJarResource(bettercombat)
[12May2025 05:36:21.083] [main/DEBUG] [mixin/]: Instancing new MixinPlatformAgentMinecraftForge for SecureJarResource(bettercombat)
[12May2025 05:36:21.083] [main/DEBUG] [mixin/]: MixinPlatformAgentMinecraftForge rejected container SecureJarResource(bettercombat)
[12May2025 05:36:21.083] [main/DEBUG] [mixin/]: Instancing new MixinPlatformAgentDefault for SecureJarResource(bettercombat)
[12May2025 05:36:21.083] [main/DEBUG] [mixin/]: MixinPlatformAgentDefault accepted container SecureJarResource(bettercombat)
[12May2025 05:36:21.084] [main/DEBUG] [mixin/]: Processing prepare() for PlatformAgent[MixinPlatformAgentDefault:SecureJarResource(bettercombat)]
[12May2025 05:36:21.085] [main/DEBUG] [mixin/]: Registering mixin config: bettercombat.mixins.json
[12May2025 05:36:21.088] [main/DEBUG] [mixin/]: Adding mixin platform agents for container SecureJarResource(immersiveengineering)
[12May2025 05:36:21.089] [main/DEBUG] [mixin/]: Instancing new MixinPlatformAgentMinecraftForge for SecureJarResource(immersiveengineering)
[12May2025 05:36:21.089] [main/DEBUG] [mixin/]: MixinPlatformAgentMinecraftForge rejected container SecureJarResource(immersiveengineering)
[12May2025 05:36:21.089] [main/DEBUG] [mixin/]: Instancing new MixinPlatformAgentDefault for SecureJarResource(immersiveengineering)
[12May2025 05:36:21.089] [main/DEBUG] [mixin/]: MixinPlatformAgentDefault accepted container SecureJarResource(immersiveengineering)
[12May2025 05:36:21.091] [main/DEBUG] [mixin/]: Processing prepare() for PlatformAgent[MixinPlatformAgentDefault:SecureJarResource(immersiveengineering)]
[12May2025 05:36:21.091] [main/DEBUG] [mixin/]: Registering mixin config: immersiveengineering.mixins.json
[12May2025 05:36:21.097] [main/DEBUG] [mixin/]: Adding mixin platform agents for container SecureJarResource(choups_drakvyrn_mod)
[12May2025 05:36:21.097] [main/DEBUG] [mixin/]: Instancing new MixinPlatformAgentMinecraftForge for SecureJarResource(choups_drakvyrn_mod)
[12May2025 05:36:21.097] [main/DEBUG] [mixin/]: MixinPlatformAgentMinecraftForge rejected container SecureJarResource(choups_drakvyrn_mod)
[12May2025 05:36:21.097] [main/DEBUG] [mixin/]: Instancing new MixinPlatformAgentDefault for SecureJarResource(choups_drakvyrn_mod)
[12May2025 05:36:21.097] [main/DEBUG] [mixin/]: MixinPlatformAgentDefault accepted container SecureJarResource(choups_drakvyrn_mod)
[12May2025 05:36:21.097] [main/DEBUG] [mixin/]: Processing prepare() for PlatformAgent[MixinPlatformAgentDefault:SecureJarResource(choups_drakvyrn_mod)]
[12May2025 05:36:21.097] [main/DEBUG] [mixin/]: Adding mixin platform agents for container SecureJarResource(biomesoplenty)
[12May2025 05:36:21.097] [main/DEBUG] [mixin/]: Instancing new MixinPlatformAgentMinecraftForge for SecureJarResource(biomesoplenty)
[12May2025 05:36:21.097] [main/DEBUG] [mixin/]: MixinPlatformAgentMinecraftForge rejected container SecureJarResource(biomesoplenty)
[12May2025 05:36:21.097] [main/DEBUG] [mixin/]: Instancing new MixinPlatformAgentDefault for SecureJarResource(biomesoplenty)
[12May2025 05:36:21.097] [main/DEBUG] [mixin/]: MixinPlatformAgentDefault accepted container SecureJarResource(biomesoplenty)
[12May2025 05:36:21.097] [main/DEBUG] [mixin/]: Processing prepare() for PlatformAgent[MixinPlatformAgentDefault:SecureJarResource(biomesoplenty)]
[12May2025 05:36:21.097] [main/DEBUG] [mixin/]: Registering mixin config: biomesoplenty.mixins.json
[12May2025 05:36:21.101] [main/DEBUG] [mixin/]: Registering mixin config: biomesoplenty.forge.mixins.json
[12May2025 05:36:21.103] [main/DEBUG] [mixin/]: Adding mixin platform agents for container SecureJarResource(mixinsquared)
[12May2025 05:36:21.103] [main/DEBUG] [mixin/]: Instancing new MixinPlatformAgentMinecraftForge for SecureJarResource(mixinsquared)
[12May2025 05:36:21.103] [main/DEBUG] [mixin/]: MixinPlatformAgentMinecraftForge rejected container SecureJarResource(mixinsquared)
[12May2025 05:36:21.106] [main/DEBUG] [mixin/]: Instancing new MixinPlatformAgentDefault for SecureJarResource(mixinsquared)
[12May2025 05:36:21.106] [main/DEBUG] [mixin/]: MixinPlatformAgentDefault accepted container SecureJarResource(mixinsquared)
[12May2025 05:36:21.106] [main/DEBUG] [mixin/]: Processing prepare() for PlatformAgent[MixinPlatformAgentDefault:SecureJarResource(mixinsquared)]
[12May2025 05:36:21.106] [main/DEBUG] [mixin/]: Registering mixin config: mixinsquared.init.mixins.json
[12May2025 05:36:21.109] [main/DEBUG] [mixin/]: Adding mixin platform agents for container SecureJarResource(jade)
[12May2025 05:36:21.109] [main/DEBUG] [mixin/]: Instancing new MixinPlatformAgentMinecraftForge for SecureJarResource(jade)
[12May2025 05:36:21.109] [main/DEBUG] [mixin/]: MixinPlatformAgentMinecraftForge rejected container SecureJarResource(jade)
[12May2025 05:36:21.109] [main/DEBUG] [mixin/]: Instancing new MixinPlatformAgentDefault for SecureJarResource(jade)
[12May2025 05:36:21.109] [main/DEBUG] [mixin/]: MixinPlatformAgentDefault accepted container SecureJarResource(jade)
[12May2025 05:36:21.109] [main/DEBUG] [mixin/]: Processing prepare() for PlatformAgent[MixinPlatformAgentDefault:SecureJarResource(jade)]
[12May2025 05:36:21.109] [main/DEBUG] [mixin/]: Registering mixin config: jade.mixins.json
[12May2025 05:36:21.112] [main/DEBUG] [mixin/]: Compatibility level JAVA_16 specified by jade.mixins.json is higher than the maximum level supported by this version of mixin (JAVA_13).
[12May2025 05:36:21.112] [main/DEBUG] [mixin/]: Adding mixin platform agents for container SecureJarResource(ae2)
[12May2025 05:36:21.112] [main/DEBUG] [mixin/]: Instancing new MixinPlatformAgentMinecraftForge for SecureJarResource(ae2)
[12May2025 05:36:21.112] [main/DEBUG] [mixin/]: MixinPlatformAgentMinecraftForge rejected container SecureJarResource(ae2)
[12May2025 05:36:21.112] [main/DEBUG] [mixin/]: Instancing new MixinPlatformAgentDefault for SecureJarResource(ae2)
[12May2025 05:36:21.112] [main/DEBUG] [mixin/]: MixinPlatformAgentDefault accepted container SecureJarResource(ae2)
[12May2025 05:36:21.113] [main/DEBUG] [mixin/]: Processing prepare() for PlatformAgent[MixinPlatformAgentDefault:SecureJarResource(ae2)]
[12May2025 05:36:21.113] [main/DEBUG] [mixin/]: Registering mixin config: ae2.mixins.json
[12May2025 05:36:21.114] [main/DEBUG] [mixin/]: Compatibility level JAVA_11 specified by ae2.mixins.json is lower than the default level supported by the current mixin service (JAVA_16).
[12May2025 05:36:21.115] [main/DEBUG] [mixin/]: Adding mixin platform agents for container SecureJarResource(explorify)
[12May2025 05:36:21.115] [main/DEBUG] [mixin/]: Instancing new MixinPlatformAgentMinecraftForge for SecureJarResource(explorify)
[12May2025 05:36:21.115] [main/DEBUG] [mixin/]: MixinPlatformAgentMinecraftForge rejected container SecureJarResource(explorify)
[12May2025 05:36:21.115] [main/DEBUG] [mixin/]: Instancing new MixinPlatformAgentDefault for SecureJarResource(explorify)
[12May2025 05:36:21.115] [main/DEBUG] [mixin/]: MixinPlatformAgentDefault accepted container SecureJarResource(explorify)
[12May2025 05:36:21.115] [main/DEBUG] [mixin/]: Processing prepare() for PlatformAgent[MixinPlatformAgentDefault:SecureJarResource(explorify)]
[12May2025 05:36:21.115] [main/DEBUG] [mixin/]: Adding mixin platform agents for container SecureJarResource(unusualend)
[12May2025 05:36:21.115] [main/DEBUG] [mixin/]: Instancing new MixinPlatformAgentMinecraftForge for SecureJarResource(unusualend)
[12May2025 05:36:21.115] [main/DEBUG] [mixin/]: MixinPlatformAgentMinecraftForge rejected container SecureJarResource(unusualend)
[12May2025 05:36:21.115] [main/DEBUG] [mixin/]: Instancing new MixinPlatformAgentDefault for SecureJarResource(unusualend)
[12May2025 05:36:21.115] [main/DEBUG] [mixin/]: MixinPlatformAgentDefault accepted container SecureJarResource(unusualend)
[12May2025 05:36:21.115] [main/DEBUG] [mixin/]: Processing prepare() for PlatformAgent[MixinPlatformAgentDefault:SecureJarResource(unusualend)]
[12May2025 05:36:21.115] [main/DEBUG] [mixin/]: Registering mixin config: mixins.unusualend.json
[12May2025 05:36:21.117] [main/DEBUG] [mixin/]: Adding mixin platform agents for container SecureJarResource(botania)
[12May2025 05:36:21.117] [main/DEBUG] [mixin/]: Instancing new MixinPlatformAgentMinecraftForge for SecureJarResource(botania)
[12May2025 05:36:21.117] [main/DEBUG] [mixin/]: MixinPlatformAgentMinecraftForge rejected container SecureJarResource(botania)
[12May2025 05:36:21.117] [main/DEBUG] [mixin/]: Instancing new MixinPlatformAgentDefault for SecureJarResource(botania)
[12May2025 05:36:21.117] [main/DEBUG] [mixin/]: MixinPlatformAgentDefault accepted container SecureJarResource(botania)
[12May2025 05:36:21.117] [main/DEBUG] [mixin/]: Processing prepare() for PlatformAgent[MixinPlatformAgentDefault:SecureJarResource(botania)]
[12May2025 05:36:21.117] [main/DEBUG] [mixin/]: Registering mixin config: botania_xplat.mixins.json
[12May2025 05:36:21.121] [main/DEBUG] [mixin/]: Registering mixin config: botania_forge.mixins.json
[12May2025 05:36:21.124] [main/DEBUG] [mixin/]: Adding mixin platform agents for container SecureJarResource(betterfpsdist)
[12May2025 05:36:21.135] [main/DEBUG] [mixin/]: Instancing new MixinPlatformAgentMinecraftForge for SecureJarResource(betterfpsdist)
[12May2025 05:36:21.135] [main/DEBUG] [mixin/]: MixinPlatformAgentMinecraftForge rejected container SecureJarResource(betterfpsdist)
[12May2025 05:36:21.135] [main/DEBUG] [mixin/]: Instancing new MixinPlatformAgentDefault for SecureJarResource(betterfpsdist)
[12May2025 05:36:21.135] [main/DEBUG] [mixin/]: MixinPlatformAgentDefault accepted container SecureJarResource(betterfpsdist)
[12May2025 05:36:21.135] [main/DEBUG] [mixin/]: Processing prepare() for PlatformAgent[MixinPlatformAgentDefault:SecureJarResource(betterfpsdist)]
[12May2025 05:36:21.135] [main/DEBUG] [mixin/]: Registering mixin config: betterfpsdist.mixins.json
[12May2025 05:36:21.138] [main/DEBUG] [mixin/]: Adding mixin platform agents for container SecureJarResource(curios)
[12May2025 05:36:21.140] [main/DEBUG] [mixin/]: Instancing new MixinPlatformAgentMinecraftForge for SecureJarResource(curios)
[12May2025 05:36:21.140] [main/DEBUG] [mixin/]: MixinPlatformAgentMinecraftForge rejected container SecureJarResource(curios)
[12May2025 05:36:21.140] [main/DEBUG] [mixin/]: Instancing new MixinPlatformAgentDefault for SecureJarResource(curios)
[12May2025 05:36:21.140] [main/DEBUG] [mixin/]: MixinPlatformAgentDefault accepted container SecureJarResource(curios)
[12May2025 05:36:21.140] [main/DEBUG] [mixin/]: Processing prepare() for PlatformAgent[MixinPlatformAgentDefault:SecureJarResource(curios)]
[12May2025 05:36:21.140] [main/DEBUG] [mixin/]: Registering mixin config: curios.mixins.json
[12May2025 05:36:21.142] [main/DEBUG] [mixin/]: Adding mixin platform agents for container SecureJarResource(patchouli)
[12May2025 05:36:21.142] [main/DEBUG] [mixin/]: Instancing new MixinPlatformAgentMinecraftForge for SecureJarResource(patchouli)
[12May2025 05:36:21.142] [main/DEBUG] [mixin/]: MixinPlatformAgentMinecraftForge rejected container SecureJarResource(patchouli)
[12May2025 05:36:21.142] [main/DEBUG] [mixin/]: Instancing new MixinPlatformAgentDefault for SecureJarResource(patchouli)
[12May2025 05:36:21.143] [main/DEBUG] [mixin/]: MixinPlatformAgentDefault accepted container SecureJarResource(patchouli)
[12May2025 05:36:21.143] [main/DEBUG] [mixin/]: Processing prepare() for PlatformAgent[MixinPlatformAgentDefault:SecureJarResource(patchouli)]
[12May2025 05:36:21.143] [main/DEBUG] [mixin/]: Registering mixin config: patchouli_xplat.mixins.json
[12May2025 05:36:21.145] [main/DEBUG] [mixin/]: Adding mixin platform agents for container SecureJarResource(xaerominimap)
[12May2025 05:36:21.145] [main/DEBUG] [mixin/]: Instancing new MixinPlatformAgentMinecraftForge for SecureJarResource(xaerominimap)
[12May2025 05:36:21.145] [main/DEBUG] [mixin/]: MixinPlatformAgentMinecraftForge rejected container SecureJarResource(xaerominimap)
[12May2025 05:36:21.145] [main/DEBUG] [mixin/]: Instancing new MixinPlatformAgentDefault for SecureJarResource(xaerominimap)
[12May2025 05:36:21.145] [main/DEBUG] [mixin/]: MixinPlatformAgentDefault accepted container SecureJarResource(xaerominimap)
[12May2025 05:36:21.145] [main/DEBUG] [mixin/]: Processing prepare() for PlatformAgent[MixinPlatformAgentDefault:SecureJarResource(xaerominimap)]
[12May2025 05:36:21.145] [main/DEBUG] [mixin/]: Adding mixin platform agents for container SecureJarResource(gravestone)
[12May2025 05:36:21.145] [main/DEBUG] [mixin/]: Instancing new MixinPlatformAgentMinecraftForge for SecureJarResource(gravestone)
[12May2025 05:36:21.145] [main/DEBUG] [mixin/]: MixinPlatformAgentMinecraftForge rejected container SecureJarResource(gravestone)
[12May2025 05:36:21.145] [main/DEBUG] [mixin/]: Instancing new MixinPlatformAgentDefault for SecureJarResource(gravestone)
[12May2025 05:36:21.145] [main/DEBUG] [mixin/]: MixinPlatformAgentDefault accepted container SecureJarResource(gravestone)
[12May2025 05:36:21.145] [main/DEBUG] [mixin/]: Processing prepare() for PlatformAgent[MixinPlatformAgentDefault:SecureJarResource(gravestone)]
[12May2025 05:36:21.145] [main/DEBUG] [mixin/]: Adding mixin platform agents for container SecureJarResource(collective)
[12May2025 05:36:21.145] [main/DEBUG] [mixin/]: Instancing new MixinPlatformAgentMinecraftForge for SecureJarResource(collective)
[12May2025 05:36:21.145] [main/DEBUG] [mixin/]: MixinPlatformAgentMinecraftForge rejected container SecureJarResource(collective)
[12May2025 05:36:21.145] [main/DEBUG] [mixin/]: Instancing new MixinPlatformAgentDefault for SecureJarResource(collective)
[12May2025 05:36:21.145] [main/DEBUG] [mixin/]: MixinPlatformAgentDefault accepted container SecureJarResource(collective)
[12May2025 05:36:21.145] [main/DEBUG] [mixin/]: Processing prepare() for PlatformAgent[MixinPlatformAgentDefault:SecureJarResource(collective)]
[12May2025 05:36:21.146] [main/DEBUG] [mixin/]: Registering mixin config: collective_forge.mixins.json
[12May2025 05:36:21.147] [main/DEBUG] [mixin/]: Adding mixin platform agents for container SecureJarResource(zeta)
[12May2025 05:36:21.147] [main/DEBUG] [mixin/]: Instancing new MixinPlatformAgentMinecraftForge for SecureJarResource(zeta)
[12May2025 05:36:21.147] [main/DEBUG] [mixin/]: MixinPlatformAgentMinecraftForge rejected container SecureJarResource(zeta)
[12May2025 05:36:21.147] [main/DEBUG] [mixin/]: Instancing new MixinPlatformAgentDefault for SecureJarResource(zeta)
[12May2025 05:36:21.147] [main/DEBUG] [mixin/]: MixinPlatformAgentDefault accepted container SecureJarResource(zeta)
[12May2025 05:36:21.147] [main/DEBUG] [mixin/]: Processing prepare() for PlatformAgent[MixinPlatformAgentDefault:SecureJarResource(zeta)]
[12May2025 05:36:21.147] [main/DEBUG] [mixin/]: Registering mixin config: zeta.mixins.json
[12May2025 05:36:21.149] [main/DEBUG] [mixin/]: Registering mixin config: zeta_forge.mixins.json
[12May2025 05:36:21.150] [main/DEBUG] [mixin/]: Adding mixin platform agents for container SecureJarResource(crittersandcompanions)
[12May2025 05:36:21.150] [main/DEBUG] [mixin/]: Instancing new MixinPlatformAgentMinecraftForge for SecureJarResource(crittersandcompanions)
[12May2025 05:36:21.150] [main/DEBUG] [mixin/]: MixinPlatformAgentMinecraftForge rejected container SecureJarResource(crittersandcompanions)
[12May2025 05:36:21.152] [main/DEBUG] [mixin/]: Instancing new MixinPlatformAgentDefault for SecureJarResource(crittersandcompanions)
[12May2025 05:36:21.152] [main/DEBUG] [mixin/]: MixinPlatformAgentDefault accepted container SecureJarResource(crittersandcompanions)
[12May2025 05:36:21.152] [main/DEBUG] [mixin/]: Processing prepare() for PlatformAgent[MixinPlatformAgentDefault:SecureJarResource(crittersandcompanions)]
[12May2025 05:36:21.152] [main/DEBUG] [mixin/]: Registering mixin config: crittersandcompanions.mixins.json
[12May2025 05:36:21.161] [main/DEBUG] [mixin/]: Adding mixin platform agents for container SecureJarResource(elevatorid)
[12May2025 05:36:21.165] [main/DEBUG] [mixin/]: Instancing new MixinPlatformAgentMinecraftForge for SecureJarResource(elevatorid)
[12May2025 05:36:21.165] [main/DEBUG] [mixin/]: MixinPlatformAgentMinecraftForge rejected container SecureJarResource(elevatorid)
[12May2025 05:36:21.165] [main/DEBUG] [mixin/]: Instancing new MixinPlatformAgentDefault for SecureJarResource(elevatorid)
[12May2025 05:36:21.165] [main/DEBUG] [mixin/]: MixinPlatformAgentDefault accepted container SecureJarResource(elevatorid)
[12May2025 05:36:21.165] [main/DEBUG] [mixin/]: Processing prepare() for PlatformAgent[MixinPlatformAgentDefault:SecureJarResource(elevatorid)]
[12May2025 05:36:21.165] [main/DEBUG] [mixin/]: Adding mixin platform agents for container SecureJarResource(inventoryhud)
[12May2025 05:36:21.165] [main/DEBUG] [mixin/]: Instancing new MixinPlatformAgentMinecraftForge for SecureJarResource(inventoryhud)
[12May2025 05:36:21.165] [main/DEBUG] [mixin/]: MixinPlatformAgentMinecraftForge rejected container SecureJarResource(inventoryhud)
[12May2025 05:36:21.165] [main/DEBUG] [mixin/]: Instancing new MixinPlatformAgentDefault for SecureJarResource(inventoryhud)
[12May2025 05:36:21.165] [main/DEBUG] [mixin/]: MixinPlatformAgentDefault accepted container SecureJarResource(inventoryhud)
[12May2025 05:36:21.165] [main/DEBUG] [mixin/]: Processing prepare() for PlatformAgent[MixinPlatformAgentDefault:SecureJarResource(inventoryhud)]
[12May2025 05:36:21.165] [main/DEBUG] [mixin/]: Adding mixin platform agents for container SecureJarResource(resourcefullib)
[12May2025 05:36:21.165] [main/DEBUG] [mixin/]: Instancing new MixinPlatformAgentMinecraftForge for SecureJarResource(resourcefullib)
[12May2025 05:36:21.165] [main/DEBUG] [mixin/]: MixinPlatformAgentMinecraftForge rejected container SecureJarResource(resourcefullib)
[12May2025 05:36:21.165] [main/DEBUG] [mixin/]: Instancing new MixinPlatformAgentDefault for SecureJarResource(resourcefullib)
[12May2025 05:36:21.165] [main/DEBUG] [mixin/]: MixinPlatformAgentDefault accepted container SecureJarResource(resourcefullib)
[12May2025 05:36:21.165] [main/DEBUG] [mixin/]: Processing prepare() for PlatformAgent[MixinPlatformAgentDefault:SecureJarResource(resourcefullib)]
[12May2025 05:36:21.165] [main/DEBUG] [mixin/]: Adding mixin platform agents for container SecureJarResource(mvs)
[12May2025 05:36:21.165] [main/DEBUG] [mixin/]: Instancing new MixinPlatformAgentMinecraftForge for SecureJarResource(mvs)
[12May2025 05:36:21.165] [main/DEBUG] [mixin/]: MixinPlatformAgentMinecraftForge rejected container SecureJarResource(mvs)
[12May2025 05:36:21.165] [main/DEBUG] [mixin/]: Instancing new MixinPlatformAgentDefault for SecureJarResource(mvs)
[12May2025 05:36:21.165] [main/DEBUG] [mixin/]: MixinPlatformAgentDefault accepted container SecureJarResource(mvs)
[12May2025 05:36:21.165] [main/DEBUG] [mixin/]: Processing prepare() for PlatformAgent[MixinPlatformAgentDefault:SecureJarResource(mvs)]
[12May2025 05:36:21.165] [main/DEBUG] [mixin/]: Registering mixin config: mvs-common.mixins.json
[12May2025 05:36:21.174] [main/DEBUG] [mixin/]: Registering mixin config: mvs-forge.mixins.json
[12May2025 05:36:21.185] [main/DEBUG] [mixin/]: Adding mixin platform agents for container SecureJarResource(lootr)
[12May2025 05:36:21.186] [main/DEBUG] [mixin/]: Instancing new MixinPlatformAgentMinecraftForge for SecureJarResource(lootr)
[12May2025 05:36:21.186] [main/DEBUG] [mixin/]: MixinPlatformAgentMinecraftForge rejected container SecureJarResource(lootr)
[12May2025 05:36:21.186] [main/DEBUG] [mixin/]: Instancing new MixinPlatformAgentDefault for SecureJarResource(lootr)
[12May2025 05:36:21.186] [main/DEBUG] [mixin/]: MixinPlatformAgentDefault accepted container SecureJarResource(lootr)
[12May2025 05:36:21.186] [main/DEBUG] [mixin/]: Processing prepare() for PlatformAgent[MixinPlatformAgentDefault:SecureJarResource(lootr)]
[12May2025 05:36:21.186] [main/DEBUG] [mixin/]: Registering mixin config: lootr.mixins.json
[12May2025 05:36:21.189] [main/DEBUG] [mixin/]: Adding mixin platform agents for container SecureJarResource(quark)
[12May2025 05:36:21.190] [main/DEBUG] [mixin/]: Instancing new MixinPlatformAgentMinecraftForge for SecureJarResource(quark)
[12May2025 05:36:21.190] [main/DEBUG] [mixin/]: MixinPlatformAgentMinecraftForge rejected container SecureJarResource(quark)
[12May2025 05:36:21.190] [main/DEBUG] [mixin/]: Instancing new MixinPlatformAgentDefault for SecureJarResource(quark)
[12May2025 05:36:21.190] [main/DEBUG] [mixin/]: MixinPlatformAgentDefault accepted container SecureJarResource(quark)
[12May2025 05:36:21.190] [main/DEBUG] [mixin/]: Processing prepare() for PlatformAgent[MixinPlatformAgentDefault:SecureJarResource(quark)]
[12May2025 05:36:21.190] [main/DEBUG] [mixin/]: Registering mixin config: quark.mixins.json
[12May2025 05:36:21.200] [main/DEBUG] [mixin/]: Registering mixin config: quark_integrations.mixins.json
[12May2025 05:36:21.206] [main/DEBUG] [mixin/]: Adding mixin platform agents for container SecureJarResource(supplementaries)
[12May2025 05:36:21.207] [main/DEBUG] [mixin/]: Instancing new MixinPlatformAgentMinecraftForge for SecureJarResource(supplementaries)
[12May2025 05:36:21.207] [main/DEBUG] [mixin/]: MixinPlatformAgentMinecraftForge rejected container SecureJarResource(supplementaries)
[12May2025 05:36:21.207] [main/DEBUG] [mixin/]: Instancing new MixinPlatformAgentDefault for SecureJarResource(supplementaries)
[12May2025 05:36:21.207] [main/DEBUG] [mixin/]: MixinPlatformAgentDefault accepted container SecureJarResource(supplementaries)
[12May2025 05:36:21.207] [main/DEBUG] [mixin/]: Processing prepare() for PlatformAgent[MixinPlatformAgentDefault:SecureJarResource(supplementaries)]
[12May2025 05:36:21.207] [main/DEBUG] [mixin/]: Registering mixin config: supplementaries-common.mixins.json
[12May2025 05:36:21.210] [main/DEBUG] [mixin/]: Registering mixin config: supplementaries.mixins.json
[12May2025 05:36:21.214] [main/DEBUG] [mixin/]: Adding mixin platform agents for container SecureJarResource(ferritecore)
[12May2025 05:36:21.215] [main/DEBUG] [mixin/]: Instancing new MixinPlatformAgentMinecraftForge for SecureJarResource(ferritecore)
[12May2025 05:36:21.215] [main/DEBUG] [mixin/]: MixinPlatformAgentMinecraftForge rejected container SecureJarResource(ferritecore)
[12May2025 05:36:21.215] [main/DEBUG] [mixin/]: Instancing new MixinPlatformAgentDefault for SecureJarResource(ferritecore)
[12May2025 05:36:21.215] [main/DEBUG] [mixin/]: MixinPlatformAgentDefault accepted container SecureJarResource(ferritecore)
[12May2025 05:36:21.215] [main/DEBUG] [mixin/]: Processing prepare() for PlatformAgent[MixinPlatformAgentDefault:SecureJarResource(ferritecore)]
[12May2025 05:36:21.215] [main/DEBUG] [mixin/]: Registering mixin config: ferritecore.predicates.mixin.json
[12May2025 05:36:21.220] [main/DEBUG] [mixin/]: Registering mixin config: ferritecore.fastmap.mixin.json
[12May2025 05:36:21.225] [main/DEBUG] [mixin/]: Registering mixin config: ferritecore.mrl.mixin.json
[12May2025 05:36:21.227] [main/DEBUG] [mixin/]: Registering mixin config: ferritecore.dedupmultipart.mixin.json
[12May2025 05:36:21.239] [main/DEBUG] [mixin/]: Registering mixin config: ferritecore.blockstatecache.mixin.json
[12May2025 05:36:21.243] [main/DEBUG] [mixin/]: Registering mixin config: ferritecore.dedupbakedquad.mixin.json
[12May2025 05:36:21.245] [main/DEBUG] [mixin/]: Registering mixin config: ferritecore.threaddetec.mixin.json
[12May2025 05:36:21.246] [main/DEBUG] [mixin/]: Registering mixin config: ferritecore.modelsides.mixin.json
[12May2025 05:36:21.251] [main/DEBUG] [mixin/]: Adding mixin platform agents for container SecureJarResource(aiimprovements)
[12May2025 05:36:21.251] [main/DEBUG] [mixin/]: Instancing new MixinPlatformAgentMinecraftForge for SecureJarResource(aiimprovements)
[12May2025 05:36:21.251] [main/DEBUG] [mixin/]: MixinPlatformAgentMinecraftForge rejected container SecureJarResource(aiimprovements)
[12May2025 05:36:21.251] [main/DEBUG] [mixin/]: Instancing new MixinPlatformAgentDefault for SecureJarResource(aiimprovements)
[12May2025 05:36:21.251] [main/DEBUG] [mixin/]: MixinPlatformAgentDefault accepted container SecureJarResource(aiimprovements)
[12May2025 05:36:21.251] [main/DEBUG] [mixin/]: Processing prepare() for PlatformAgent[MixinPlatformAgentDefault:SecureJarResource(aiimprovements)]
[12May2025 05:36:21.251] [main/DEBUG] [mixin/]: Adding mixin platform agents for container SecureJarResource(cupboard)
[12May2025 05:36:21.251] [main/DEBUG] [mixin/]: Instancing new MixinPlatformAgentMinecraftForge for SecureJarResource(cupboard)
[12May2025 05:36:21.251] [main/DEBUG] [mixin/]: MixinPlatformAgentMinecraftForge rejected container SecureJarResource(cupboard)
[12May2025 05:36:21.251] [main/DEBUG] [mixin/]: Instancing new MixinPlatformAgentDefault for SecureJarResource(cupboard)
[12May2025 05:36:21.251] [main/DEBUG] [mixin/]: MixinPlatformAgentDefault accepted container SecureJarResource(cupboard)
[12May2025 05:36:21.251] [main/DEBUG] [mixin/]: Processing prepare() for PlatformAgent[MixinPlatformAgentDefault:SecureJarResource(cupboard)]
[12May2025 05:36:21.252] [main/DEBUG] [mixin/]: Registering mixin config: cupboard.mixins.json
[12May2025 05:36:21.253] [main/DEBUG] [mixin/]: Adding mixin platform agents for container SecureJarResource(scaffoldingdropsnearby)
[12May2025 05:36:21.253] [main/DEBUG] [mixin/]: Instancing new MixinPlatformAgentMinecraftForge for SecureJarResource(scaffoldingdropsnearby)
[12May2025 05:36:21.253] [main/DEBUG] [mixin/]: MixinPlatformAgentMinecraftForge rejected container SecureJarResource(scaffoldingdropsnearby)
[12May2025 05:36:21.254] [main/DEBUG] [mixin/]: Instancing new MixinPlatformAgentDefault for SecureJarResource(scaffoldingdropsnearby)
[12May2025 05:36:21.254] [main/DEBUG] [mixin/]: MixinPlatformAgentDefault accepted container SecureJarResource(scaffoldingdropsnearby)
[12May2025 05:36:21.254] [main/DEBUG] [mixin/]: Processing prepare() for PlatformAgent[MixinPlatformAgentDefault:SecureJarResource(scaffoldingdropsnearby)]
[12May2025 05:36:21.254] [main/DEBUG] [mixin/]: Registering mixin config: scaffoldingdropsnearby_forge.mixins.json
[12May2025 05:36:21.255] [main/DEBUG] [mixin/]: Adding mixin platform agents for container SecureJarResource(aquamirae)
[12May2025 05:36:21.257] [main/DEBUG] [mixin/]: Instancing new MixinPlatformAgentMinecraftForge for SecureJarResource(aquamirae)
[12May2025 05:36:21.257] [main/DEBUG] [mixin/]: MixinPlatformAgentMinecraftForge rejected container SecureJarResource(aquamirae)
[12May2025 05:36:21.257] [main/DEBUG] [mixin/]: Instancing new MixinPlatformAgentDefault for SecureJarResource(aquamirae)
[12May2025 05:36:21.257] [main/DEBUG] [mixin/]: MixinPlatformAgentDefault accepted container SecureJarResource(aquamirae)
[12May2025 05:36:21.257] [main/DEBUG] [mixin/]: Processing prepare() for PlatformAgent[MixinPlatformAgentDefault:SecureJarResource(aquamirae)]
[12May2025 05:36:21.257] [main/DEBUG] [mixin/]: Registering mixin config: aquamirae.mixins.json
[12May2025 05:36:21.259] [main/DEBUG] [mixin/]: Compatibility level JAVA_8 specified by aquamirae.mixins.json is lower than the default level supported by the current mixin service (JAVA_16).
[12May2025 05:36:21.261] [main/DEBUG] [mixin/]: Adding mixin platform agents for container SecureJarResource(mclib)
[12May2025 05:36:21.261] [main/DEBUG] [mixin/]: Instancing new MixinPlatformAgentMinecraftForge for SecureJarResource(mclib)
[12May2025 05:36:21.261] [main/DEBUG] [mixin/]: MixinPlatformAgentMinecraftForge rejected container SecureJarResource(mclib)
[12May2025 05:36:21.261] [main/DEBUG] [mixin/]: Instancing new MixinPlatformAgentDefault for SecureJarResource(mclib)
[12May2025 05:36:21.261] [main/DEBUG] [mixin/]: MixinPlatformAgentDefault accepted container SecureJarResource(mclib)
[12May2025 05:36:21.261] [main/DEBUG] [mixin/]: Processing prepare() for PlatformAgent[MixinPlatformAgentDefault:SecureJarResource(mclib)]
[12May2025 05:36:21.261] [main/DEBUG] [mixin/]: Adding mixin platform agents for container SecureJarResource(bytecodecs)
[12May2025 05:36:21.261] [main/DEBUG] [mixin/]: Instancing new MixinPlatformAgentMinecraftForge for SecureJarResource(bytecodecs)
[12May2025 05:36:21.262] [main/DEBUG] [mixin/]: MixinPlatformAgentMinecraftForge rejected container SecureJarResource(bytecodecs)
[12May2025 05:36:21.262] [main/DEBUG] [mixin/]: Instancing new MixinPlatformAgentDefault for SecureJarResource(bytecodecs)
[12May2025 05:36:21.262] [main/DEBUG] [mixin/]: MixinPlatformAgentDefault accepted container SecureJarResource(bytecodecs)
[12May2025 05:36:21.262] [main/DEBUG] [mixin/]: Processing prepare() for PlatformAgent[MixinPlatformAgentDefault:SecureJarResource(bytecodecs)]
[12May2025 05:36:21.262] [main/DEBUG] [mixin/]: Adding mixin platform agents for container SecureJarResource(MixinSquared)
[12May2025 05:36:21.262] [main/DEBUG] [mixin/]: Instancing new MixinPlatformAgentMinecraftForge for SecureJarResource(MixinSquared)
[12May2025 05:36:21.262] [main/DEBUG] [mixin/]: MixinPlatformAgentMinecraftForge rejected container SecureJarResource(MixinSquared)
[12May2025 05:36:21.262] [main/DEBUG] [mixin/]: Instancing new MixinPlatformAgentDefault for SecureJarResource(MixinSquared)
[12May2025 05:36:21.262] [main/DEBUG] [mixin/]: MixinPlatformAgentDefault accepted container SecureJarResource(MixinSquared)
[12May2025 05:36:21.262] [main/DEBUG] [mixin/]: Processing prepare() for PlatformAgent[MixinPlatformAgentDefault:SecureJarResource(MixinSquared)]
[12May2025 05:36:21.262] [main/DEBUG] [mixin/]: Adding mixin platform agents for container SecureJarResource(yabn)
[12May2025 05:36:21.262] [main/DEBUG] [mixin/]: Instancing new MixinPlatformAgentMinecraftForge for SecureJarResource(yabn)
[12May2025 05:36:21.262] [main/DEBUG] [mixin/]: MixinPlatformAgentMinecraftForge rejected container SecureJarResource(yabn)
[12May2025 05:36:21.262] [main/DEBUG] [mixin/]: Instancing new MixinPlatformAgentDefault for SecureJarResource(yabn)
[12May2025 05:36:21.262] [main/DEBUG] [mixin/]: MixinPlatformAgentDefault accepted container SecureJarResource(yabn)
[12May2025 05:36:21.263] [main/DEBUG] [mixin/]: Processing prepare() for PlatformAgent[MixinPlatformAgentDefault:SecureJarResource(yabn)]
[12May2025 05:36:21.263] [main/DEBUG] [mixin/]: Adding mixin platform agents for container SecureJarResource(MixinExtras)
[12May2025 05:36:21.263] [main/DEBUG] [mixin/]: Instancing new MixinPlatformAgentMinecraftForge for SecureJarResource(MixinExtras)
[12May2025 05:36:21.263] [main/DEBUG] [mixin/]: MixinPlatformAgentMinecraftForge rejected container SecureJarResource(MixinExtras)
[12May2025 05:36:21.263] [main/DEBUG] [mixin/]: Instancing new MixinPlatformAgentDefault for SecureJarResource(MixinExtras)
[12May2025 05:36:21.263] [main/DEBUG] [mixin/]: MixinPlatformAgentDefault accepted container SecureJarResource(MixinExtras)
[12May2025 05:36:21.263] [main/DEBUG] [mixin/]: Processing prepare() for PlatformAgent[MixinPlatformAgentDefault:SecureJarResource(MixinExtras)]
[12May2025 05:36:21.264] [main/DEBUG] [mixin/]: inject() running with 70 agents
[12May2025 05:36:21.264] [main/DEBUG] [mixin/]: Processing inject() for PlatformAgent[MixinPlatformAgentDefault:ModLauncher Root Container(ModLauncher:4f56a0a2)]
[12May2025 05:36:21.264] [main/DEBUG] [mixin/]: Processing inject() for PlatformAgent[MixinPlatformAgentDefault:SecureJarResource(kuma_api)]
[12May2025 05:36:21.264] [main/DEBUG] [mixin/]: Processing inject() for PlatformAgent[MixinPlatformAgentDefault:SecureJarResource(furnitura)]
[12May2025 05:36:21.264] [main/DEBUG] [mixin/]: Processing inject() for PlatformAgent[MixinPlatformAgentDefault:SecureJarResource(geckolib)]
[12May2025 05:36:21.264] [main/DEBUG] [mixin/]: Processing inject() for PlatformAgent[MixinPlatformAgentDefault:SecureJarResource(playeranimator)]
[12May2025 05:36:21.264] [main/DEBUG] [mixin/]: Processing inject() for PlatformAgent[MixinPlatformAgentDefault:SecureJarResource(lithostitched)]
[12May2025 05:36:21.264] [main/DEBUG] [mixin/]: Processing inject() for PlatformAgent[MixinPlatformAgentDefault:SecureJarResource(obscure_api)]
[12May2025 05:36:21.264] [main/DEBUG] [mixin/]: Processing inject() for PlatformAgent[MixinPlatformAgentDefault:SecureJarResource(sophisticatedcore)]
[12May2025 05:36:21.264] [main/DEBUG] [mixin/]: Processing inject() for PlatformAgent[MixinPlatformAgentDefault:SecureJarResource(waystones)]
[12May2025 05:36:21.264] [main/DEBUG] [mixin/]: Processing inject() for PlatformAgent[MixinPlatformAgentDefault:SecureJarResource(xaeroworldmap)]
[12May2025 05:36:21.264] [main/DEBUG] [mixin/]: Processing inject() for PlatformAgent[MixinPlatformAgentDefault:SecureJarResource(modernfix)]
[12May2025 05:36:21.264] [main/DEBUG] [mixin/]: Processing inject() for PlatformAgent[MixinPlatformAgentDefault:SecureJarResource(jei)]
[12May2025 05:36:21.264] [main/DEBUG] [mixin/]: Processing inject() for PlatformAgent[MixinPlatformAgentDefault:SecureJarResource(yungsapi)]
[12May2025 05:36:21.264] [main/DEBUG] [mixin/]: Processing inject() for PlatformAgent[MixinPlatformAgentDefault:SecureJarResource(decorative_blocks)]
[12May2025 05:36:21.264] [main/DEBUG] [mixin/]: Processing inject() for PlatformAgent[MixinPlatformAgentDefault:SecureJarResource(mixinextras)]
[12May2025 05:36:21.264] [main/DEBUG] [mixin/]: Processing inject() for PlatformAgent[MixinPlatformAgentDefault:SecureJarResource(glitchcore)]
[12May2025 05:36:21.264] [main/DEBUG] [mixin/]: Processing inject() for PlatformAgent[MixinPlatformAgentDefault:SecureJarResource(sophisticatedbackpacks)]
[12May2025 05:36:21.264] [main/DEBUG] [mixin/]: Processing inject() for PlatformAgent[MixinPlatformAgentDefault:SecureJarResource(bettermobs)]
[12May2025 05:36:21.264] [main/DEBUG] [mixin/]: Processing inject() for PlatformAgent[MixinPlatformAgentDefault:SecureJarResource(balm)]
[12May2025 05:36:21.264] [main/DEBUG] [mixin/]: Processing inject() for PlatformAgent[MixinPlatformAgentDefault:SecureJarResource(blueprint)]
[12May2025 05:36:21.264] [main/DEBUG] [mixin/]: Processing inject() for PlatformAgent[MixinPlatformAgentDefault:SecureJarResource(jeresources)]
[12May2025 05:36:21.264] [main/DEBUG] [mixin/]: Processing inject() for PlatformAgent[MixinPlatformAgentDefault:SecureJarResource(betterfortresses)]
[12May2025 05:36:21.264] [main/DEBUG] [mixin/]: Processing inject() for PlatformAgent[MixinPlatformAgentDefault:SecureJarResource(cloth_config)]
[12May2025 05:36:21.265] [main/DEBUG] [mixin/]: Processing inject() for PlatformAgent[MixinPlatformAgentDefault:SecureJarResource(sound_physics_remastered)]
[12May2025 05:36:21.265] [main/DEBUG] [mixin/]: Processing inject() for PlatformAgent[MixinPlatformAgentDefault:SecureJarResource(forge)]
[12May2025 05:36:21.265] [main/DEBUG] [mixin/]: Processing inject() for PlatformAgent[MixinPlatformAgentDefault:SecureJarResource(ctov)]
[12May2025 05:36:21.265] [main/DEBUG] [mixin/]: Processing inject() for PlatformAgent[MixinPlatformAgentDefault:SecureJarResource(twilightforest)]
[12May2025 05:36:21.265] [main/DEBUG] [mixin/]: Processing inject() for PlatformAgent[MixinPlatformAgentDefault:SecureJarResource(athena)]
[12May2025 05:36:21.265] [main/DEBUG] [mixin/]: Processing inject() for PlatformAgent[MixinPlatformAgentDefault:SecureJarResource(dungeons_arise)]
[12May2025 05:36:21.265] [main/DEBUG] [mixin/]: Processing inject() for PlatformAgent[MixinPlatformAgentDefault:SecureJarResource(chipped)]
[12May2025 05:36:21.265] [main/DEBUG] [mixin/]: Processing inject() for PlatformAgent[MixinPlatformAgentDefault:SecureJarResource(minecraft)]
[12May2025 05:36:21.265] [main/DEBUG] [mixin/]: Processing inject() for PlatformAgent[MixinPlatformAgentDefault:SecureJarResource(torchmaster)]
[12May2025 05:36:21.265] [main/DEBUG] [mixin/]: Processing inject() for PlatformAgent[MixinPlatformAgentDefault:SecureJarResource(bcc)]
[12May2025 05:36:21.267] [main/DEBUG] [mixin/]: Processing inject() for PlatformAgent[MixinPlatformAgentDefault:SecureJarResource(terrablender)]
[12May2025 05:36:21.267] [main/DEBUG] [mixin/]: Processing inject() for PlatformAgent[MixinPlatformAgentDefault:SecureJarResource(moonlight)]
[12May2025 05:36:21.267] [main/DEBUG] [mixin/]: Processing inject() for PlatformAgent[MixinPlatformAgentDefault:SecureJarResource(bettercombat)]
[12May2025 05:36:21.267] [main/DEBUG] [mixin/]: Processing inject() for PlatformAgent[MixinPlatformAgentDefault:SecureJarResource(immersiveengineering)]
[12May2025 05:36:21.267] [main/DEBUG] [mixin/]: Processing inject() for PlatformAgent[MixinPlatformAgentDefault:SecureJarResource(choups_drakvyrn_mod)]
[12May2025 05:36:21.267] [main/DEBUG] [mixin/]: Processing inject() for PlatformAgent[MixinPlatformAgentDefault:SecureJarResource(biomesoplenty)]
[12May2025 05:36:21.267] [main/DEBUG] [mixin/]: Processing inject() for PlatformAgent[MixinPlatformAgentDefault:SecureJarResource(mixinsquared)]
[12May2025 05:36:21.267] [main/DEBUG] [mixin/]: Processing inject() for PlatformAgent[MixinPlatformAgentDefault:SecureJarResource(jade)]
[12May2025 05:36:21.267] [main/DEBUG] [mixin/]: Processing inject() for PlatformAgent[MixinPlatformAgentDefault:SecureJarResource(ae2)]
[12May2025 05:36:21.267] [main/DEBUG] [mixin/]: Processing inject() for PlatformAgent[MixinPlatformAgentDefault:SecureJarResource(explorify)]
[12May2025 05:36:21.267] [main/DEBUG] [mixin/]: Processing inject() for PlatformAgent[MixinPlatformAgentDefault:SecureJarResource(unusualend)]
[12May2025 05:36:21.267] [main/DEBUG] [mixin/]: Processing inject() for PlatformAgent[MixinPlatformAgentDefault:SecureJarResource(botania)]
[12May2025 05:36:21.267] [main/DEBUG] [mixin/]: Processing inject() for PlatformAgent[MixinPlatformAgentDefault:SecureJarResource(betterfpsdist)]
[12May2025 05:36:21.267] [main/DEBUG] [mixin/]: Processing inject() for PlatformAgent[MixinPlatformAgentDefault:SecureJarResource(curios)]
[12May2025 05:36:21.267] [main/DEBUG] [mixin/]: Processing inject() for PlatformAgent[MixinPlatformAgentDefault:SecureJarResource(patchouli)]
[12May2025 05:36:21.267] [main/DEBUG] [mixin/]: Processing inject() for PlatformAgent[MixinPlatformAgentDefault:SecureJarResource(xaerominimap)]
[12May2025 05:36:21.267] [main/DEBUG] [mixin/]: Processing inject() for PlatformAgent[MixinPlatformAgentDefault:SecureJarResource(gravestone)]
[12May2025 05:36:21.268] [main/DEBUG] [mixin/]: Processing inject() for PlatformAgent[MixinPlatformAgentDefault:SecureJarResource(collective)]
[12May2025 05:36:21.268] [main/DEBUG] [mixin/]: Processing inject() for PlatformAgent[MixinPlatformAgentDefault:SecureJarResource(zeta)]
[12May2025 05:36:21.268] [main/DEBUG] [mixin/]: Processing inject() for PlatformAgent[MixinPlatformAgentDefault:SecureJarResource(crittersandcompanions)]
[12May2025 05:36:21.268] [main/DEBUG] [mixin/]: Processing inject() for PlatformAgent[MixinPlatformAgentDefault:SecureJarResource(elevatorid)]
[12May2025 05:36:21.268] [main/DEBUG] [mixin/]: Processing inject() for PlatformAgent[MixinPlatformAgentDefault:SecureJarResource(inventoryhud)]
[12May2025 05:36:21.268] [main/DEBUG] [mixin/]: Processing inject() for PlatformAgent[MixinPlatformAgentDefault:SecureJarResource(resourcefullib)]
[12May2025 05:36:21.268] [main/DEBUG] [mixin/]: Processing inject() for PlatformAgent[MixinPlatformAgentDefault:SecureJarResource(mvs)]
[12May2025 05:36:21.268] [main/DEBUG] [mixin/]: Processing inject() for PlatformAgent[MixinPlatformAgentDefault:SecureJarResource(lootr)]
[12May2025 05:36:21.268] [main/DEBUG] [mixin/]: Processing inject() for PlatformAgent[MixinPlatformAgentDefault:SecureJarResource(quark)]
[12May2025 05:36:21.268] [main/DEBUG] [mixin/]: Processing inject() for PlatformAgent[MixinPlatformAgentDefault:SecureJarResource(supplementaries)]
[12May2025 05:36:21.268] [main/DEBUG] [mixin/]: Processing inject() for PlatformAgent[MixinPlatformAgentDefault:SecureJarResource(ferritecore)]
[12May2025 05:36:21.268] [main/DEBUG] [mixin/]: Processing inject() for PlatformAgent[MixinPlatformAgentDefault:SecureJarResource(aiimprovements)]
[12May2025 05:36:21.268] [main/DEBUG] [mixin/]: Processing inject() for PlatformAgent[MixinPlatformAgentDefault:SecureJarResource(cupboard)]
[12May2025 05:36:21.268] [main/DEBUG] [mixin/]: Processing inject() for PlatformAgent[MixinPlatformAgentDefault:SecureJarResource(scaffoldingdropsnearby)]
[12May2025 05:36:21.268] [main/DEBUG] [mixin/]: Processing inject() for PlatformAgent[MixinPlatformAgentDefault:SecureJarResource(aquamirae)]
[12May2025 05:36:21.268] [main/DEBUG] [mixin/]: Processing inject() for PlatformAgent[MixinPlatformAgentDefault:SecureJarResource(mclib)]
[12May2025 05:36:21.268] [main/DEBUG] [mixin/]: Processing inject() for PlatformAgent[MixinPlatformAgentDefault:SecureJarResource(bytecodecs)]
[12May2025 05:36:21.268] [main/DEBUG] [mixin/]: Processing inject() for PlatformAgent[MixinPlatformAgentDefault:SecureJarResource(MixinSquared)]
[12May2025 05:36:21.268] [main/DEBUG] [mixin/]: Processing inject() for PlatformAgent[MixinPlatformAgentDefault:SecureJarResource(yabn)]
[12May2025 05:36:21.268] [main/DEBUG] [mixin/]: Processing inject() for PlatformAgent[MixinPlatformAgentDefault:SecureJarResource(MixinExtras)]
[12May2025 05:36:21.342] [main/DEBUG] [mixin/]: Error cleaning class output directory: .mixin.out
[12May2025 05:36:21.344] [main/DEBUG] [mixin/]: Preparing mixins for MixinEnvironment[PREINIT]
[12May2025 05:36:21.355] [main/INFO] [mixin/]: Successfully loaded Mixin Connector [com.sonicether.soundphysics.MixinConnector]
[12May2025 05:36:21.361] [main/INFO] [cpw.mods.modlauncher.LaunchServiceHandler/MODLAUNCHER]: Launching target 'forgeserver' with arguments [nogui]
[12May2025 05:36:21.367] [main/DEBUG] [mixin/]: Preparing mixins for MixinEnvironment[DEFAULT]
[12May2025 05:36:21.368] [main/DEBUG] [mixin/]: Selecting config kuma_api.mixins.json
[12May2025 05:36:21.375] [main/DEBUG] [mixin/]: Selecting config kuma_api.forge.mixins.json
[12May2025 05:36:21.377] [main/DEBUG] [mixin/]: Selecting config geckolib.mixins.json
[12May2025 05:36:21.381] [main/DEBUG] [mixin/]: Selecting config playerAnimator-common.mixins.json
[12May2025 05:36:21.389] [main/DEBUG] [mixin/]: Selecting config lithostitched.mixins.json
[12May2025 05:36:21.393] [main/DEBUG] [mixin/]: Selecting config lithostitched.forge.mixins.json
[12May2025 05:36:21.397] [main/DEBUG] [mixin/]: Selecting config obscure_api.mixins.json
[12May2025 05:36:21.402] [main/DEBUG] [mixin/]: Selecting config waystones.mixins.json
[12May2025 05:36:21.406] [main/DEBUG] [mixin/]: Selecting config modernfix-common.mixins.json
[12May2025 05:36:21.615] [main/INFO] [ModernFix/]: Loaded configuration file for ModernFix 5.21.0+mc1.20.1: 88 options available, 0 override(s) found
[12May2025 05:36:21.622] [main/INFO] [ModernFix/]: Applying Nashorn fix
[12May2025 05:36:21.662] [main/INFO] [ModernFix/]: Applied Forge config corruption patch
[12May2025 05:36:21.676] [main/DEBUG] [mixin/]: Selecting config modernfix-forge.mixins.json
[12May2025 05:36:21.683] [main/DEBUG] [mixin/]: Selecting config yungsapi.mixins.json
[12May2025 05:36:21.689] [main/DEBUG] [mixin/]: Selecting config yungsapi_forge.mixins.json
[12May2025 05:36:21.693] [main/DEBUG] [mixin/]: Selecting config decorative_blocks.mixins.json
[12May2025 05:36:21.694] [main/DEBUG] [mixin/]: Selecting config decorative_blocks.forge.mixins.json
[12May2025 05:36:21.697] [main/DEBUG] [mixin/]: Selecting config mixinextras.init.mixins.json
[12May2025 05:36:21.749] [main/DEBUG] [MixinExtras|Service/]: com.llamalad7.mixinextras.service.MixinExtrasServiceImpl(version=0.4.1) is taking over from null
[12May2025 05:36:21.807] [main/DEBUG] [mixin/]: Registering new injector for @Inject with org.spongepowered.asm.mixin.injection.struct.CallbackInjectionInfo
[12May2025 05:36:21.809] [main/DEBUG] [mixin/]: Registering new injector for @ModifyArg with org.spongepowered.asm.mixin.injection.struct.ModifyArgInjectionInfo
[12May2025 05:36:21.812] [main/DEBUG] [mixin/]: Registering new injector for @ModifyArgs with org.spongepowered.asm.mixin.injection.struct.ModifyArgsInjectionInfo
[12May2025 05:36:21.813] [main/DEBUG] [mixin/]: Registering new injector for @Redirect with org.spongepowered.asm.mixin.injection.struct.RedirectInjectionInfo
[12May2025 05:36:21.817] [main/DEBUG] [mixin/]: Registering new injector for @ModifyVariable with org.spongepowered.asm.mixin.injection.struct.ModifyVariableInjectionInfo
[12May2025 05:36:21.818] [main/DEBUG] [mixin/]: Registering new injector for @ModifyConstant with org.spongepowered.asm.mixin.injection.struct.ModifyConstantInjectionInfo
[12May2025 05:36:21.840] [main/DEBUG] [mixin/]: Selecting config glitchcore.mixins.json
[12May2025 05:36:21.844] [main/DEBUG] [mixin/]: Selecting config glitchcore.forge.mixins.json
[12May2025 05:36:21.848] [main/DEBUG] [mixin/]: Selecting config balm.mixins.json
[12May2025 05:36:21.850] [main/DEBUG] [mixin/]: Selecting config blueprint.mixins.json
[12May2025 05:36:21.855] [main/DEBUG] [mixin/]: Selecting config betterfortresses.mixins.json
[12May2025 05:36:21.860] [main/DEBUG] [mixin/]: Selecting config betterfortresses_forge.mixins.json
[12May2025 05:36:21.861] [main/DEBUG] [mixin/]: Selecting config athena.mixins.json
[12May2025 05:36:21.863] [main/DEBUG] [mixin/]: Selecting config athena-forge.mixins.json
[12May2025 05:36:21.868] [main/DEBUG] [mixin/]: Selecting config chipped-common.mixins.json
[12May2025 05:36:21.869] [main/DEBUG] [mixin/]: Selecting config bcc.mixins.json
[12May2025 05:36:21.872] [main/DEBUG] [mixin/]: Selecting config bcc.forge.mixins.json
[12May2025 05:36:21.874] [main/DEBUG] [mixin/]: Selecting config terrablender.mixins.json
[12May2025 05:36:21.877] [main/DEBUG] [mixin/]: Selecting config terrablender_forge.mixins.json
[12May2025 05:36:21.880] [main/DEBUG] [mixin/]: Selecting config moonlight-common.mixins.json
[12May2025 05:36:21.888] [main/DEBUG] [mixin/]: Selecting config moonlight.mixins.json
[12May2025 05:36:21.890] [main/DEBUG] [mixin/]: Selecting config bettercombat.mixins.json
[12May2025 05:36:21.905] [main/DEBUG] [mixin/]: Selecting config immersiveengineering.mixins.json
[12May2025 05:36:21.913] [main/DEBUG] [mixin/]: Registering new injector for @CaptureOwner with blusunrize.immersiveengineering.common.mixin.CaptureOwnerInjectionInfo
[12May2025 05:36:21.919] [main/DEBUG] [mixin/]: Selecting config biomesoplenty.mixins.json
[12May2025 05:36:21.923] [main/DEBUG] [mixin/]: Selecting config biomesoplenty.forge.mixins.json
[12May2025 05:36:21.924] [main/DEBUG] [mixin/]: Selecting config mixinsquared.init.mixins.json
[12May2025 05:36:21.943] [main/DEBUG] [mixin/]: Registering new target selector for @mixinsquared:handler with com.bawnorton.mixinsquared.selector.DynamicSelectorHandler
[12May2025 05:36:21.958] [main/DEBUG] [mixin/]: Selecting config jade.mixins.json
[12May2025 05:36:21.960] [main/DEBUG] [mixin/]: Selecting config ae2.mixins.json
[12May2025 05:36:21.966] [main/DEBUG] [mixin/]: Selecting config mixins.unusualend.json
[12May2025 05:36:21.970] [main/DEBUG] [mixin/]: Selecting config botania_xplat.mixins.json
[12May2025 05:36:21.974] [main/DEBUG] [mixin/]: Selecting config botania_forge.mixins.json
[12May2025 05:36:21.984] [main/DEBUG] [mixin/]: Selecting config betterfpsdist.mixins.json
[12May2025 05:36:21.986] [main/DEBUG] [mixin/]: Selecting config curios.mixins.json
[12May2025 05:36:21.991] [main/DEBUG] [mixin/]: Selecting config patchouli_xplat.mixins.json
[12May2025 05:36:21.996] [main/DEBUG] [mixin/]: Selecting config collective_forge.mixins.json
[12May2025 05:36:21.997] [main/DEBUG] [mixin/]: Selecting config zeta.mixins.json
[12May2025 05:36:22.002] [main/DEBUG] [mixin/]: Selecting config zeta_forge.mixins.json
[12May2025 05:36:22.005] [main/DEBUG] [mixin/]: Selecting config crittersandcompanions.mixins.json
[12May2025 05:36:22.009] [main/DEBUG] [mixin/]: Selecting config mvs-common.mixins.json
[12May2025 05:36:22.011] [main/DEBUG] [mixin/]: Selecting config mvs-forge.mixins.json
[12May2025 05:36:22.012] [main/WARN] [mixin/]: Reference map 'mvs-forge-refmap.json' for mvs-forge.mixins.json could not be read. If this is a development environment you can ignore this message
[12May2025 05:36:22.015] [main/DEBUG] [mixin/]: Selecting config lootr.mixins.json
[12May2025 05:36:22.018] [main/DEBUG] [mixin/]: Selecting config quark.mixins.json
[12May2025 05:36:22.024] [main/DEBUG] [mixin/]: Selecting config quark_integrations.mixins.json
[12May2025 05:36:22.031] [main/DEBUG] [mixin/]: Selecting config supplementaries-common.mixins.json
[12May2025 05:36:22.038] [main/DEBUG] [mixin/]: Selecting config supplementaries.mixins.json
[12May2025 05:36:22.043] [main/DEBUG] [mixin/]: Selecting config ferritecore.predicates.mixin.json
[12May2025 05:36:22.071] [main/DEBUG] [mixin/]: Selecting config ferritecore.fastmap.mixin.json
[12May2025 05:36:22.078] [main/DEBUG] [mixin/]: Selecting config ferritecore.mrl.mixin.json
[12May2025 05:36:22.083] [main/DEBUG] [mixin/]: Selecting config ferritecore.dedupmultipart.mixin.json
[12May2025 05:36:22.086] [main/DEBUG] [mixin/]: Selecting config ferritecore.blockstatecache.mixin.json
[12May2025 05:36:22.091] [main/DEBUG] [mixin/]: Selecting config ferritecore.dedupbakedquad.mixin.json
[12May2025 05:36:22.096] [main/DEBUG] [mixin/]: Selecting config ferritecore.threaddetec.mixin.json
[12May2025 05:36:22.100] [main/DEBUG] [mixin/]: Selecting config ferritecore.modelsides.mixin.json
[12May2025 05:36:22.106] [main/DEBUG] [mixin/]: Selecting config cupboard.mixins.json
[12May2025 05:36:22.107] [main/DEBUG] [mixin/]: Selecting config scaffoldingdropsnearby_forge.mixins.json
[12May2025 05:36:22.112] [main/DEBUG] [mixin/]: Selecting config aquamirae.mixins.json
[12May2025 05:36:22.116] [main/WARN] [mixin/]: Reference map 'Aquamirae.refmap.json' for aquamirae.mixins.json could not be read. If this is a development environment you can ignore this message
[12May2025 05:36:22.119] [main/DEBUG] [mixin/]: Selecting config sound_physics_remastered.mixins.json
[12May2025 05:36:22.123] [main/DEBUG] [mixin/]: Preparing kuma_api.mixins.json (1)
[12May2025 05:36:22.124] [main/DEBUG] [mixin/]: Preparing kuma_api.forge.mixins.json (0)
[12May2025 05:36:22.124] [main/DEBUG] [mixin/]: Preparing geckolib.mixins.json (1)
[12May2025 05:36:22.124] [main/DEBUG] [mixin/]: Preparing playerAnimator-common.mixins.json (14)
[12May2025 05:36:22.124] [main/DEBUG] [mixin/]: Preparing lithostitched.mixins.json (18)
[12May2025 05:36:22.324] [main/DEBUG] [net.minecraftforge.coremod.transformer.CoreModBaseTransformer/COREMOD]: Transforming net/minecraft/world/level/levelgen/structure/templatesystem/StructureTemplate
[12May2025 05:36:22.955] [main/DEBUG] [mixin/]: Preparing lithostitched.forge.mixins.json (2)
[12May2025 05:36:22.967] [main/DEBUG] [mixin/]: Preparing obscure_api.mixins.json (6)
[12May2025 05:36:23.016] [main/DEBUG] [mixin/]: Preparing waystones.mixins.json (3)
[12May2025 05:36:23.022] [main/DEBUG] [mixin/]: Preparing modernfix-common.mixins.json (102)
[12May2025 05:36:23.053] [main/DEBUG] [ModernFix/]: No rules matched mixin 'perf.compact_mojang_registries.MappedRegistryMixin', treating as foreign and disabling!
[12May2025 05:36:23.070] [main/DEBUG] [net.minecraftforge.coremod.transformer.CoreModBaseTransformer/COREMOD]: Transforming net/minecraft/server/MinecraftServer
[12May2025 05:36:23.183] [main/DEBUG] [net.minecraftforge.coremod.transformer.CoreModBaseTransformer/COREMOD]: Transforming net/minecraft/server/MinecraftServer
[12May2025 05:36:23.325] [main/DEBUG] [net.minecraftforge.coremod.transformer.CoreModBaseTransformer/COREMOD]: Transforming net/minecraft/server/level/ServerLevel
[12May2025 05:36:23.370] [main/DEBUG] [net.minecraftforge.coremod.transformer.CoreModBaseTransformer/COREMOD]: Transforming m_46758_ with desc (Lnet/minecraft/core/BlockPos;)Z
[12May2025 05:36:23.854] [main/DEBUG] [net.minecraftforge.coremod.transformer.CoreModBaseTransformer/COREMOD]: Transforming net/minecraft/world/level/biome/Biome
[12May2025 05:36:23.877] [main/DEBUG] [mixin/]: Preparing modernfix-forge.mixins.json (48)
[12May2025 05:36:24.000] [main/DEBUG] [net.minecraftforge.coremod.transformer.CoreModBaseTransformer/COREMOD]: Transforming m_41435_ with desc (Lnet/minecraft/world/level/Level;Lnet/minecraft/world/entity/player/Player;Lnet/minecraft/world/level/ClipContext$Fluid;)Lnet/minecraft/world/phys/BlockHitResult;
[12May2025 05:36:24.030] [main/DEBUG] [mixin/]: Preparing yungsapi.mixins.json (11)
[12May2025 05:36:24.036] [main/DEBUG] [yungsapi/]: Loaded com.yungnickyoung.minecraft.yungsapi.services.ForgePlatformHelper@73be4cdd for service interface com.yungnickyoung.minecraft.yungsapi.services.IPlatformHelper
[12May2025 05:36:24.039] [main/DEBUG] [yungsapi/]: Loaded com.yungnickyoung.minecraft.yungsapi.services.ForgeAutoRegisterHelper@77f03916 for service interface com.yungnickyoung.minecraft.yungsapi.services.IAutoRegisterHelper
[12May2025 05:36:24.040] [main/DEBUG] [yungsapi/]: Loaded com.yungnickyoung.minecraft.yungsapi.services.ForgeBlockEntityTypeHelper@6d9428f3 for service interface com.yungnickyoung.minecraft.yungsapi.services.IBlockEntityTypeHelper
[12May2025 05:36:24.042] [main/DEBUG] [yungsapi/]: Loaded com.yungnickyoung.minecraft.yungsapi.services.ForgeParticleTypeHelper@7ecb9e17 for service interface com.yungnickyoung.minecraft.yungsapi.services.IParticleTypeHelper
[12May2025 05:36:24.048] [main/DEBUG] [net.minecraftforge.coremod.transformer.CoreModBaseTransformer/COREMOD]: Transforming net/minecraft/server/level/ServerPlayer
[12May2025 05:36:24.056] [main/DEBUG] [net.minecraftforge.coremod.transformer.CoreModBaseTransformer/COREMOD]: Transforming net/minecraft/server/level/ServerPlayer
[12May2025 05:36:24.082] [main/DEBUG] [net.minecraftforge.coremod.transformer.CoreModBaseTransformer/COREMOD]: Transforming m_36170_ with desc (Lnet/minecraft/world/entity/player/PlayerModelPart;)Z
[12May2025 05:36:24.085] [main/DEBUG] [net.minecraftforge.coremod.transformer.CoreModBaseTransformer/COREMOD]: Transforming m_36170_ with desc (Lnet/minecraft/world/entity/player/PlayerModelPart;)Z
[12May2025 05:36:24.150] [main/DEBUG] [mixin/]: Preparing yungsapi_forge.mixins.json (1)
[12May2025 05:36:24.152] [main/DEBUG] [mixin/]: Preparing decorative_blocks.mixins.json (4)
[12May2025 05:36:24.176] [main/DEBUG] [mixin/]: Preparing decorative_blocks.forge.mixins.json (1)
[12May2025 05:36:24.180] [main/DEBUG] [mixin/]: Preparing mixinextras.init.mixins.json (0)
[12May2025 05:36:24.180] [main/DEBUG] [mixin/]: Preparing glitchcore.mixins.json (4)
[12May2025 05:36:24.186] [main/DEBUG] [net.minecraftforge.coremod.transformer.CoreModBaseTransformer/COREMOD]: Transforming net/minecraft/world/item/ItemStack
[12May2025 05:36:24.214] [main/DEBUG] [mixin/]: Preparing glitchcore.forge.mixins.json (7)
[12May2025 05:36:24.217] [main/DEBUG] [mixin/]: Preparing balm.mixins.json (16)
[12May2025 05:36:24.232] [main/DEBUG] [net.minecraftforge.coremod.transformer.CoreModBaseTransformer/COREMOD]: Transforming m_11229_ with desc (Lnet/minecraft/server/level/ServerPlayer;Lnet/minecraft/server/level/ServerLevel;)V
[12May2025 05:36:24.245] [main/DEBUG] [net.minecraftforge.coremod.transformer.CoreModBaseTransformer/COREMOD]: Transforming m_11229_ with desc (Lnet/minecraft/server/level/ServerPlayer;Lnet/minecraft/server/level/ServerLevel;)V
[12May2025 05:36:24.267] [main/DEBUG] [mixin/]: Preparing blueprint.mixins.json (34)
[12May2025 05:36:24.295] [main/DEBUG] [net.minecraftforge.coremod.transformer.CoreModBaseTransformer/COREMOD]: Transforming m_8543_ with desc ()V
[12May2025 05:36:24.314] [main/DEBUG] [net.minecraftforge.coremod.transformer.CoreModBaseTransformer/COREMOD]: Transforming m_226857_ with desc (Lnet/minecraft/world/level/levelgen/structure/pieces/StructurePieceSerializationContext;Lnet/minecraft/nbt/CompoundTag;J)Lnet/minecraft/world/level/levelgen/structure/StructureStart;
[12May2025 05:36:24.326] [main/DEBUG] [mixin/]: Preparing betterfortresses.mixins.json (6)
[12May2025 05:36:24.339] [main/DEBUG] [mixin/]: Preparing betterfortresses_forge.mixins.json (0)
[12May2025 05:36:24.339] [main/DEBUG] [mixin/]: Preparing athena.mixins.json (1)
[12May2025 05:36:24.339] [main/DEBUG] [mixin/]: Preparing athena-forge.mixins.json (1)
[12May2025 05:36:24.339] [main/DEBUG] [mixin/]: Preparing chipped-common.mixins.json (2)
[12May2025 05:36:24.344] [main/DEBUG] [mixin/]: Preparing bcc.mixins.json (4)
[12May2025 05:36:24.345] [main/DEBUG] [mixin/]: Preparing bcc.forge.mixins.json (1)
[12May2025 05:36:24.345] [main/DEBUG] [mixin/]: Preparing terrablender.mixins.json (7)
[12May2025 05:36:24.354] [main/DEBUG] [mixin/]: Preparing terrablender_forge.mixins.json (0)
[12May2025 05:36:24.354] [main/DEBUG] [mixin/]: Preparing moonlight-common.mixins.json (35)
[12May2025 05:36:24.408] [main/DEBUG] [net.minecraftforge.coremod.transformer.CoreModBaseTransformer/COREMOD]: Transforming net/minecraft/world/level/chunk/LevelChunk
[12May2025 05:36:24.415] [main/DEBUG] [net.minecraftforge.coremod.transformer.CoreModBaseTransformer/COREMOD]: Transforming net/minecraft/world/level/chunk/LevelChunk
[12May2025 05:36:24.436] [main/DEBUG] [net.minecraftforge.coremod.transformer.CoreModBaseTransformer/COREMOD]: Transforming m_7373_ with desc (Lnet/minecraft/world/item/ItemStack;Lnet/minecraft/world/level/Level;Ljava/util/List;Lnet/minecraft/world/item/TooltipFlag;)V
[12May2025 05:36:24.468] [main/DEBUG] [net.minecraftforge.coremod.transformer.CoreModBaseTransformer/COREMOD]: Transforming net/minecraft/world/entity/npc/Villager
[12May2025 05:36:24.816] [main/DEBUG] [mixin/]: Preparing moonlight.mixins.json (11)
[12May2025 05:36:24.826] [main/DEBUG] [mixin/]: Preparing bettercombat.mixins.json (17)
[12May2025 05:36:24.847] [main/DEBUG] [net.minecraftforge.coremod.transformer.CoreModBaseTransformer/COREMOD]: Transforming m_36170_ with desc (Lnet/minecraft/world/entity/player/PlayerModelPart;)Z
[12May2025 05:36:24.847] [main/DEBUG] [net.minecraftforge.coremod.transformer.CoreModBaseTransformer/COREMOD]: Transforming m_36170_ with desc (Lnet/minecraft/world/entity/player/PlayerModelPart;)Z
[12May2025 05:36:24.877] [main/DEBUG] [mixin/]: Preparing immersiveengineering.mixins.json (37)
[12May2025 05:36:24.949] [main/DEBUG] [mixin/]: @Mixin target net/minecraft/data/models/ItemModelGenerators$TrimModelData is public in immersiveengineering.mixins.json:accessors.TrimModelDataAccess and should be specified in value
[12May2025 05:36:24.949] [main/DEBUG] [mixin/]: Preparing biomesoplenty.mixins.json (0)
[12May2025 05:36:24.949] [main/DEBUG] [mixin/]: Preparing biomesoplenty.forge.mixins.json (2)
[12May2025 05:36:24.953] [main/DEBUG] [mixin/]: Preparing mixinsquared.init.mixins.json (0)
[12May2025 05:36:24.953] [main/DEBUG] [mixin/]: Preparing jade.mixins.json (2)
[12May2025 05:36:24.953] [main/DEBUG] [mixin/]: Preparing ae2.mixins.json (18)
[12May2025 05:36:24.972] [main/DEBUG] [mixin/]: Preparing mixins.unusualend.json (3)
[12May2025 05:36:25.000] [main/DEBUG] [net.minecraftforge.coremod.transformer.CoreModBaseTransformer/COREMOD]: Transforming net/minecraft/world/level/levelgen/structure/Structure
[12May2025 05:36:25.013] [main/DEBUG] [mixin/]: Preparing botania_xplat.mixins.json (73)
[12May2025 05:36:25.239] [main/DEBUG] [net.minecraftforge.coremod.transformer.CoreModBaseTransformer/COREMOD]: Transforming m_46758_ with desc (Lnet/minecraft/core/BlockPos;)Z
[12May2025 05:36:25.308] [main/DEBUG] [net.minecraftforge.coremod.transformer.CoreModBaseTransformer/COREMOD]: Transforming net/minecraft/world/level/NaturalSpawner
[12May2025 05:36:25.545] [main/DEBUG] [mixin/]: Preparing botania_forge.mixins.json (6)
[12May2025 05:36:25.549] [main/DEBUG] [mixin/]: Preparing betterfpsdist.mixins.json (5)
[12May2025 05:36:25.549] [main/DEBUG] [mixin/]: Preparing curios.mixins.json (8)
[12May2025 05:36:25.592] [main/DEBUG] [mixin/]: Preparing patchouli_xplat.mixins.json (10)
[12May2025 05:36:25.597] [main/DEBUG] [mixin/]: Preparing collective_forge.mixins.json (5)
[12May2025 05:36:25.601] [main/DEBUG] [mixin/]: Preparing zeta.mixins.json (7)
[12May2025 05:36:25.604] [main/DEBUG] [mixin/]: Preparing zeta_forge.mixins.json (9)
[12May2025 05:36:25.626] [main/DEBUG] [mixin/]: Preparing crittersandcompanions.mixins.json (13)
[12May2025 05:36:25.649] [main/DEBUG] [net.minecraftforge.coremod.transformer.CoreModBaseTransformer/COREMOD]: Transforming net/minecraft/world/entity/monster/Spider
[12May2025 05:36:25.693] [main/DEBUG] [mixin/]: Preparing mvs-common.mixins.json (12)
[12May2025 05:36:25.702] [main/DEBUG] [mixin/]: Preparing mvs-forge.mixins.json (0)
[12May2025 05:36:25.702] [main/DEBUG] [mixin/]: Preparing lootr.mixins.json (6)
[12May2025 05:36:25.706] [main/DEBUG] [mixin/]: Preparing quark.mixins.json (106)
[12May2025 05:36:25.887] [main/DEBUG] [mixin/]: Preparing quark_integrations.mixins.json (1)
[12May2025 05:36:25.897] [main/DEBUG] [mixin/]: Preparing supplementaries-common.mixins.json (78)
[12May2025 05:36:25.977] [main/DEBUG] [mixin/]: Preparing supplementaries.mixins.json (28)
[12May2025 05:36:25.989] [main/WARN] [mixin/]: Error loading class: vectorwing/farmersdelight/common/block/TomatoVineBlock (java.lang.ClassNotFoundException: vectorwing.farmersdelight.common.block.TomatoVineBlock)
[12May2025 05:36:25.989] [main/DEBUG] [mixin/]: Skipping virtual target vectorwing.farmersdelight.common.block.TomatoVineBlock for supplementaries.mixins.json:CompatFarmersDelightTomatoMixin
[12May2025 05:36:25.995] [main/DEBUG] [mixin/]: @Mixin target net/minecraft/world/entity/npc/VillagerTrades$TreasureMapForEmeralds is public in supplementaries.mixins.json:TreasureMapForEmeraldsMixin and should be specified in value
[12May2025 05:36:26.030] [main/DEBUG] [mixin/]: Preparing ferritecore.predicates.mixin.json (3)
[12May2025 05:36:26.030] [main/DEBUG] [mixin/]: Preparing ferritecore.fastmap.mixin.json (1)
[12May2025 05:36:26.031] [main/DEBUG] [mixin/]: Preparing ferritecore.mrl.mixin.json (2)
[12May2025 05:36:26.032] [main/DEBUG] [mixin/]: Preparing ferritecore.dedupmultipart.mixin.json (2)
[12May2025 05:36:26.032] [main/DEBUG] [mixin/]: Preparing ferritecore.blockstatecache.mixin.json (8)
[12May2025 05:36:26.034] [main/DEBUG] [mixin/]: @Mixin target net/minecraft/world/level/block/state/BlockBehaviour$BlockStateBase$Cache is public in ferritecore.blockstatecache.mixin.json:BlockStateCacheMixin and should be specified in value
[12May2025 05:36:26.037] [main/DEBUG] [mixin/]: Preparing ferritecore.dedupbakedquad.mixin.json (2)
[12May2025 05:36:26.037] [main/DEBUG] [mixin/]: Preparing ferritecore.threaddetec.mixin.json (1)
[12May2025 05:36:26.037] [main/DEBUG] [mixin/]: Preparing ferritecore.modelsides.mixin.json (1)
[12May2025 05:36:26.037] [main/DEBUG] [mixin/]: Preparing cupboard.mixins.json (5)
[12May2025 05:36:26.040] [main/DEBUG] [mixin/]: Preparing scaffoldingdropsnearby_forge.mixins.json (0)
[12May2025 05:36:26.040] [main/DEBUG] [mixin/]: Preparing aquamirae.mixins.json (0)
[12May2025 05:36:26.040] [main/DEBUG] [mixin/]: Preparing sound_physics_remastered.mixins.json (11)
[12May2025 05:36:26.076] [main/DEBUG] [net.minecraftforge.coremod.transformer.CoreModBaseTransformer/COREMOD]: Transforming m_78311_ with desc ()V
[12May2025 05:36:26.105] [main/DEBUG] [net.minecraftforge.coremod.transformer.CoreModBaseTransformer/COREMOD]: Transforming m_78311_ with desc ()V
[12May2025 05:36:26.203] [main/DEBUG] [mixin/]: Inner class glitchcore/forge/mixin/impl/MixinPacketHandler$1 in glitchcore/forge/mixin/impl/MixinPacketHandler on glitchcore/network/PacketHandler gets unique name glitchcore/network/PacketHandler$Anonymous$7814a28ea14e4abd8ab8e687505e4fbd
[12May2025 05:36:26.395] [main/DEBUG] [net.minecraftforge.coremod.transformer.CoreModBaseTransformer/COREMOD]: Transforming net/minecraft/world/entity/monster/Zombie
[12May2025 05:36:26.702] [main/DEBUG] [mixin/]: Inner class net/mehvahdjukaar/supplementaries/mixins/forge/self/SelfFlammableFluidBlockMixin$1 in net/mehvahdjukaar/supplementaries/mixins/forge/self/SelfFlammableFluidBlockMixin on net/mehvahdjukaar/supplementaries/common/fluids/FlammableLiquidBlock gets unique name net/mehvahdjukaar/supplementaries/common/fluids/FlammableLiquidBlock$Anonymous$4baf26ce025a4072b44c8f33c32c558e
[12May2025 05:36:26.720] [main/DEBUG] [mixin/]: Prepared 501 mixins in 5.349 sec (10.7ms avg) (0ms load, 0ms transform, 0ms plugin)
[12May2025 05:36:26.733] [main/DEBUG] [net.minecraftforge.coremod.transformer.CoreModBaseTransformer/COREMOD]: Transforming net/minecraft/server/MinecraftServer
[12May2025 05:36:26.734] [main/DEBUG] [net.minecraftforge.coremod.transformer.CoreModBaseTransformer/COREMOD]: Transforming net/minecraft/server/MinecraftServer
[12May2025 05:36:26.741] [main/INFO] [MixinExtras|Service/]: Initializing MixinExtras via com.llamalad7.mixinextras.service.MixinExtrasServiceImpl(version=0.4.1).
[12May2025 05:36:26.742] [main/DEBUG] [mixin/]: Registering new injector for @SugarWrapper with com.llamalad7.mixinextras.sugar.impl.SugarWrapperInjectionInfo
[12May2025 05:36:26.744] [main/DEBUG] [mixin/]: Registering new injector for @FactoryRedirectWrapper with com.llamalad7.mixinextras.wrapper.factory.FactoryRedirectWrapperInjectionInfo
[12May2025 05:36:26.752] [main/DEBUG] [mixin/]: Mixing core.MinecraftServerMixin from modernfix-common.mixins.json into net.minecraft.server.MinecraftServer
[12May2025 05:36:26.765] [main/DEBUG] [mixin/]: Mixing perf.dedicated_reload_executor.MinecraftServerMixin from modernfix-common.mixins.json into net.minecraft.server.MinecraftServer
[12May2025 05:36:26.770] [main/DEBUG] [mixin/]: Mixing MinecraftServerMixin from balm.mixins.json into net.minecraft.server.MinecraftServer
[12May2025 05:36:26.776] [main/DEBUG] [mixin/]: Renaming synthetic method lambda$reloadResources$0(Ljava/lang/Void;)V to md5e188f$lambda$reloadResources$0$0 in balm.mixins.json:MinecraftServerMixin
[12May2025 05:36:26.793] [main/DEBUG] [mixin/]: Mixing MinecraftServerMixin from blueprint.mixins.json into net.minecraft.server.MinecraftServer
[12May2025 05:36:26.800] [main/DEBUG] [mixin/]: Mixing spatial.MinecraftServerMixin from ae2.mixins.json into net.minecraft.server.MinecraftServer
[12May2025 05:36:26.801] [main/DEBUG] [mixin/]: ae2.mixins.json:spatial.MinecraftServerMixin: Class version 61 required is higher than the class version supported by the current version of Mixin (JAVA_11 supports class version 55)
[12May2025 05:36:26.834] [main/DEBUG] [net.minecraftforge.coremod.transformer.CoreModBaseTransformer/COREMOD]: Transforming <init> with desc (JZZLjava/util/Optional;)V
[12May2025 05:36:27.094] [main/DEBUG] [mixin/]: Mixing perf.fix_loop_spin_waiting.BlockableEventLoopMixin from modernfix-common.mixins.json into net.minecraft.util.thread.BlockableEventLoop
[12May2025 05:36:27.109] [main/DEBUG] [mixin/]: Mixing common.GameTestServerMixin from lithostitched.mixins.json into net.minecraft.gametest.framework.GameTestServer
[12May2025 05:36:27.112] [main/DEBUG] [mixin/]: Mixing GameTestServerMixin from blueprint.mixins.json into net.minecraft.gametest.framework.GameTestServer
[12May2025 05:36:27.128] [main/DEBUG] [mixin/]: Mixing server.DedicatedServerMixin from lithostitched.mixins.json into net.minecraft.server.dedicated.DedicatedServer
[12May2025 05:36:27.129] [main/DEBUG] [mixin/]: Mixing DedicatedServerMixin from blueprint.mixins.json into net.minecraft.server.dedicated.DedicatedServer
[12May2025 05:36:27.165] [main/DEBUG] [io.netty.util.internal.logging.InternalLoggerFactory/]: Using SLF4J as the default logging framework
[12May2025 05:36:27.169] [main/DEBUG] [io.netty.util.ResourceLeakDetector/]: -Dio.netty.leakDetection.level: simple
[12May2025 05:36:27.169] [main/DEBUG] [io.netty.util.ResourceLeakDetector/]: -Dio.netty.leakDetection.targetRecords: 4
[12May2025 05:36:27.336] [main/DEBUG] [mixin/]: Mixing perf.tag_id_caching.TagOrElementLocationMixin from modernfix-forge.mixins.json into net.minecraft.util.ExtraCodecs$TagOrElementLocation
[12May2025 05:36:27.488] [main/DEBUG] [oshi.util.FileUtil/]: No oshi.properties file found from ClassLoader cpw.mods.modlauncher.TransformingClassLoader@58c42c8c
[12May2025 05:36:27.489] [main/DEBUG] [oshi.util.FileUtil/]: No oshi.properties file found from ClassLoader jdk.internal.loader.ClassLoaders$AppClassLoader@76ed5528
[12May2025 05:36:27.673] [main/DEBUG] [oshi.util.FileUtil/]: Reading file /proc/self/auxv
[12May2025 05:36:27.675] [main/DEBUG] [oshi.util.FileUtil/]: Reading file /proc/self/auxv
[12May2025 05:36:27.683] [main/DEBUG] [oshi.util.FileUtil/]: Reading file /proc/stat
[12May2025 05:36:27.694] [main/DEBUG] [oshi.util.FileUtil/]: Reading file /sys/devices/system/cpu/cpu0/topology/core_id
[12May2025 05:36:27.695] [main/DEBUG] [oshi.util.FileUtil/]: Reading file /sys/devices/system/cpu/cpu0/topology/core_id
[12May2025 05:36:27.696] [main/DEBUG] [oshi.util.FileUtil/]: Reading file /sys/devices/system/cpu/cpu0/topology/physical_package_id
[12May2025 05:36:27.696] [main/DEBUG] [oshi.util.FileUtil/]: Reading file /sys/devices/system/cpu/cpu0/topology/physical_package_id
[12May2025 05:36:27.696] [main/DEBUG] [oshi.util.FileUtil/]: Reading file /sys/devices/system/cpu/cpu0/cpu_capacity
[12May2025 05:36:27.698] [main/DEBUG] [oshi.util.FileUtil/]: Reading file /sys/devices/system/cpu/cpu1/topology/core_id
[12May2025 05:36:27.698] [main/DEBUG] [oshi.util.FileUtil/]: Reading file /sys/devices/system/cpu/cpu1/topology/core_id
[12May2025 05:36:27.700] [main/DEBUG] [oshi.util.FileUtil/]: Reading file /sys/devices/system/cpu/cpu1/topology/physical_package_id
[12May2025 05:36:27.700] [main/DEBUG] [oshi.util.FileUtil/]: Reading file /sys/devices/system/cpu/cpu1/topology/physical_package_id
[12May2025 05:36:27.700] [main/DEBUG] [oshi.util.FileUtil/]: Reading file /sys/devices/system/cpu/cpu1/cpu_capacity
[12May2025 05:36:27.705] [main/DEBUG] [oshi.util.FileUtil/]: Reading file /proc/cpuinfo
[12May2025 05:36:27.719] [main/DEBUG] [oshi.util.FileUtil/]: Reading file /proc/self/auxv
[12May2025 05:36:27.722] [main/DEBUG] [oshi.util.FileUtil/]: No oshi.architecture.properties file found from ClassLoader cpw.mods.modlauncher.TransformingClassLoader@58c42c8c
[12May2025 05:36:27.723] [main/DEBUG] [oshi.util.FileUtil/]: No oshi.architecture.properties file found from ClassLoader jdk.internal.loader.ClassLoaders$AppClassLoader@76ed5528
[12May2025 05:36:27.743] [main/DEBUG] [oshi.util.FileUtil/]: Reading file /proc/meminfo
[12May2025 05:36:27.744] [main/DEBUG] [oshi.util.FileUtil/]: Reading file /proc/meminfo
[12May2025 05:36:27.748] [main/DEBUG] [mixin/]: Mixing perf.thread_priorities.UtilMixin from modernfix-common.mixins.json into net.minecraft.Util
[12May2025 05:36:27.748] [main/DEBUG] [mixin/]: Renaming synthetic method lambda$adjustPriorityOfThreadFactory$0(Ljava/util/concurrent/ForkJoinPool$ForkJoinWorkerThreadFactory;Ljava/util/concurrent/ForkJoinPool;)Ljava/util/concurrent/ForkJoinWorkerThread; to md5e188f$lambda$adjustPriorityOfThreadFactory$0$0 in modernfix-common.mixins.json:perf.thread_priorities.UtilMixin
[12May2025 05:36:27.822] [main/DEBUG] [mixin/]: Mixing feature.measure_time.BootstrapMixin from modernfix-common.mixins.json into net.minecraft.server.Bootstrap
[12May2025 05:36:27.829] [main/DEBUG] [mixin/]: Mixing core.BootstrapMixin from modernfix-forge.mixins.json into net.minecraft.server.Bootstrap
[12May2025 05:36:27.841] [main/DEBUG] [mixin/]: Mixing EarlyStartupMixin from ae2.mixins.json into net.minecraft.server.Bootstrap
[12May2025 05:36:27.841] [main/DEBUG] [mixin/]: ae2.mixins.json:EarlyStartupMixin: Class version 61 required is higher than the class version supported by the current version of Mixin (JAVA_11 supports class version 55)
[12May2025 05:36:27.868] [main/INFO] [net.minecraft.server.Bootstrap/]: ModernFix reached bootstrap stage (19.88 s after launch)
[12May2025 05:36:27.877] [main/DEBUG] [mixin/]: Mixing MixinBuiltInRegistries from terrablender.mixins.json into net.minecraft.core.registries.BuiltInRegistries
[12May2025 05:36:27.878] [main/DEBUG] [mixin/]: Renaming synthetic method lambda$registerSimple$0(Lnet/minecraft/core/registries/BuiltInRegistries$RegistryBootstrap;Lnet/minecraft/core/Registry;)Ljava/lang/Object; to md5e188f$lambda$registerSimple$0$0 in terrablender.mixins.json:MixinBuiltInRegistries
[12May2025 05:36:27.885] [main/DEBUG] [mixin/]: Mixing BuiltInRegistriesForgeAccessor from botania_forge.mixins.json into net.minecraft.core.registries.BuiltInRegistries
[12May2025 05:36:27.885] [main/DEBUG] [mixin/]: Renaming @Invoker method callRegisterDefaulted(Lnet/minecraft/resources/ResourceKey;Ljava/lang/String;Lnet/minecraft/core/registries/BuiltInRegistries$RegistryBootstrap;)Lnet/minecraft/core/DefaultedRegistry; to callRegisterDefaulted_$md$5e188f$1 in botania_forge.mixins.json:BuiltInRegistriesForgeAccessor
[12May2025 05:36:27.914] [main/DEBUG] [mixin/]: Mixing common.MappedRegistryAccessor from lithostitched.mixins.json into net.minecraft.core.MappedRegistry
[12May2025 05:36:27.916] [main/DEBUG] [mixin/]: Mixing perf.mojang_registry_size.MappedRegistryMixin from modernfix-common.mixins.json into net.minecraft.core.MappedRegistry
[12May2025 05:36:27.965] [main/DEBUG] [mixin/]: Mixing perf.mojang_registry_size.ResourceKeyMixin from modernfix-common.mixins.json into net.minecraft.resources.ResourceKey
[12May2025 05:36:27.965] [main/DEBUG] [mixin/]: Renaming synthetic method lambda$createEfficient$0(Lnet/minecraft/resources/ResourceLocation;)Ljava/util/Map; to md5e188f$lambda$createEfficient$0$0 in modernfix-common.mixins.json:perf.mojang_registry_size.ResourceKeyMixin
[12May2025 05:36:28.055] [main/DEBUG] [mixin/]: Mixing common.HolderReferenceAccessor from lithostitched.mixins.json into net.minecraft.core.Holder$Reference
[12May2025 05:36:28.061] [main/DEBUG] [mixin/]: Mixing SoundEventMixin from sound_physics_remastered.mixins.json into net.minecraft.sounds.SoundEvent
[12May2025 05:36:28.092] [main/DEBUG] [mixin/]: Mixing perf.reduce_blockstate_cache_rebuilds.GameDataMixin from modernfix-forge.mixins.json into net.minecraftforge.registries.GameData
[12May2025 05:36:28.125] [main/DEBUG] [mixin/]: Mixing perf.forge_registry_alloc.ForgeRegistryMixin from modernfix-forge.mixins.json into net.minecraftforge.registries.ForgeRegistry
[12May2025 05:36:28.142] [main/DEBUG] [mixin/]: Mixing perf.fast_registry_validation.ForgeRegistryMixin from modernfix-forge.mixins.json into net.minecraftforge.registries.ForgeRegistry
[12May2025 05:36:28.155] [main/WARN] [mixin/]: @Final field delegatesByName:Ljava/util/Map; in modernfix-forge.mixins.json:perf.forge_registry_alloc.ForgeRegistryMixin should be final
[12May2025 05:36:28.156] [main/WARN] [mixin/]: @Final field delegatesByValue:Ljava/util/Map; in modernfix-forge.mixins.json:perf.forge_registry_alloc.ForgeRegistryMixin should be final
[12May2025 05:36:28.210] [main/DEBUG] [mixin/]: Mixing perf.reduce_blockstate_cache_rebuilds.BlockCallbacksMixin from modernfix-forge.mixins.json into net.minecraftforge.registries.GameData$BlockCallbacks
[12May2025 05:36:28.231] [main/DEBUG] [mixin/]: Mixing perf.forge_registry_alloc.DelegateHolderMixin from modernfix-forge.mixins.json into net.minecraft.world.level.block.Block
[12May2025 05:36:28.252] [main/DEBUG] [mixin/]: Mixing BlockBehaviourMixin from chipped-common.mixins.json into net.minecraft.world.level.block.state.BlockBehaviour
[12May2025 05:36:28.289] [main/DEBUG] [mixin/]: Mixing perf.model_optimizations.PropertyMixin from modernfix-common.mixins.json into net.minecraft.world.level.block.state.properties.Property
[12May2025 05:36:28.314] [main/DEBUG] [mixin/]: Mixing bugfix.chunk_deadlock.BlockStateBaseMixin from modernfix-common.mixins.json into net.minecraft.world.level.block.state.BlockBehaviour$BlockStateBase
[12May2025 05:36:28.316] [main/DEBUG] [mixin/]: Mixing perf.reduce_blockstate_cache_rebuilds.BlockStateBaseMixin from modernfix-common.mixins.json into net.minecraft.world.level.block.state.BlockBehaviour$BlockStateBase
[12May2025 05:36:28.335] [main/DEBUG] [mixin/]: Mixing coremods.AbstractBlockStateMixin from immersiveengineering.mixins.json into net.minecraft.world.level.block.state.BlockBehaviour$BlockStateBase
[12May2025 05:36:28.336] [main/DEBUG] [mixin/]: Mixing BlockStateBaseMixin from ferritecore.blockstatecache.mixin.json into net.minecraft.world.level.block.state.BlockBehaviour$BlockStateBase
[12May2025 05:36:28.389] [main/DEBUG] [mixin/]: Mixing FastMapStateHolderMixin from ferritecore.fastmap.mixin.json into net.minecraft.world.level.block.state.StateHolder
[12May2025 05:36:28.433] [main/DEBUG] [mixin/]: Mixing EntityLoadMixin from cupboard.mixins.json into net.minecraft.world.entity.Entity
[12May2025 05:36:28.461] [main/DEBUG] [mixin/]: Mixing bugfix.chunk_deadlock.EntityMixin from modernfix-common.mixins.json into net.minecraft.world.entity.Entity
[12May2025 05:36:28.472] [main/DEBUG] [mixin/]: Mixing EntityMixin from balm.mixins.json into net.minecraft.world.entity.Entity
[12May2025 05:36:28.480] [main/DEBUG] [mixin/]: Mixing EntityMixin from blueprint.mixins.json into net.minecraft.world.entity.Entity
[12May2025 05:36:28.485] [main/DEBUG] [mixin/]: Renaming synthetic method lambda$read$1(Lnet/minecraft/nbt/Tag;)V to md5e188f$lambda$read$1$0 in blueprint.mixins.json:EntityMixin
[12May2025 05:36:28.486] [main/DEBUG] [mixin/]: Renaming synthetic method lambda$writeTrackedData$0(Lnet/minecraft/nbt/ListTag;Lcom/teamabnormals/blueprint/common/world/storage/tracking/TrackedData;Lcom/teamabnormals/blueprint/common/world/storage/tracking/IDataManager$DataEntry;)V to md5e188f$lambda$writeTrackedData$0$1 in blueprint.mixins.json:EntityMixin
[12May2025 05:36:28.517] [main/DEBUG] [mixin/]: Mixing EntityAccessor from botania_xplat.mixins.json into net.minecraft.world.entity.Entity
[12May2025 05:36:28.518] [main/DEBUG] [mixin/]: Mixing EntityMixin from botania_xplat.mixins.json into net.minecraft.world.entity.Entity
[12May2025 05:36:28.532] [main/DEBUG] [net.minecraftforge.coremod.transformer.CoreModBaseTransformer/COREMOD]: Transforming net/minecraft/world/entity/EntityType
[12May2025 05:36:28.669] [main/DEBUG] [mixin/]: Mixing AccessorEntity from curios.mixins.json into net.minecraft.world.entity.Entity
[12May2025 05:36:28.670] [main/DEBUG] [mixin/]: Mixing EntityAccessor from crittersandcompanions.mixins.json into net.minecraft.world.entity.Entity
[12May2025 05:36:28.670] [main/DEBUG] [mixin/]: Mixing EntityMixin from quark.mixins.json into net.minecraft.world.entity.Entity
[12May2025 05:36:28.681] [main/DEBUG] [mixin/]: Mixing EntityMixin from supplementaries-common.mixins.json into net.minecraft.world.entity.Entity
[12May2025 05:36:28.685] [main/DEBUG] [mixin/]: Mixing EntityMixin from sound_physics_remastered.mixins.json into net.minecraft.world.entity.Entity
[12May2025 05:36:28.846] [main/DEBUG] [mixin/]: Mixing perf.forge_cap_retrieval.LivingEntityMixin from modernfix-forge.mixins.json into net.minecraft.world.entity.LivingEntity
[12May2025 05:36:28.847] [main/DEBUG] [mixin/]: Mixing LivingEntityAccessor from bettercombat.mixins.json into net.minecraft.world.entity.LivingEntity
[12May2025 05:36:28.848] [main/DEBUG] [mixin/]: Mixing LivingEntityMixin from bettercombat.mixins.json into net.minecraft.world.entity.LivingEntity
[12May2025 05:36:28.849] [main/DEBUG] [mixin/]: Renaming synthetic method lambda$getAttributeValue_Inject$0(Lnet/minecraft/world/entity/player/Player;Lnet/minecraft/world/entity/ai/attributes/Attribute;Lorg/spongepowered/asm/mixin/injection/callback/CallbackInfoReturnable;)V to md5e188f$lambda$getAttributeValue_Inject$0$0 in bettercombat.mixins.json:LivingEntityMixin
[12May2025 05:36:28.854] [main/DEBUG] [mixin/]: Mixing LivingEntityAccessor from botania_xplat.mixins.json into net.minecraft.world.entity.LivingEntity
[12May2025 05:36:28.854] [main/DEBUG] [mixin/]: Mixing MixinLivingEntity from curios.mixins.json into net.minecraft.world.entity.LivingEntity
[12May2025 05:36:28.862] [main/DEBUG] [mixin/]: Mixing LivingEntityMixin from crittersandcompanions.mixins.json into net.minecraft.world.entity.LivingEntity
[12May2025 05:36:28.868] [main/DEBUG] [mixin/]: Renaming synthetic method lambda$onTick$0(Lnet/minecraft/world/entity/LivingEntity;)Z to md5e188f$lambda$onTick$0$1 in crittersandcompanions.mixins.json:LivingEntityMixin
[12May2025 05:36:28.971] [main/DEBUG] [mixin/]: Mixing accessor.AccessorLivingEntity from quark.mixins.json into net.minecraft.world.entity.LivingEntity
[12May2025 05:36:28.973] [main/DEBUG] [mixin/]: Mixing LivingEntityAccessor from supplementaries-common.mixins.json into net.minecraft.world.entity.LivingEntity
[12May2025 05:36:28.973] [main/DEBUG] [mixin/]: Mixing LivingEntityMixin from supplementaries-common.mixins.json into net.minecraft.world.entity.LivingEntity
[12May2025 05:36:28.998] [main/DEBUG] [net.minecraftforge.coremod.transformer.CoreModBaseTransformer/COREMOD]: Transforming net/minecraft/world/effect/MobEffectInstance
[12May2025 05:36:29.048] [main/DEBUG] [mixin/]: Mixing LivingEntityMixin from supplementaries.mixins.json into net.minecraft.world.entity.LivingEntity
[12May2025 05:36:29.065] [main/DEBUG] [mixin/]: Mixing LivingEntityMixin from obscure_api.mixins.json into net.minecraft.world.entity.LivingEntity
[12May2025 05:36:29.172] [main/WARN] [mixin/]: @Inject(@At("INVOKE")) Shift.BY=1 on crittersandcompanions.mixins.json:LivingEntityMixin::handler$zmh000$onDie exceeds the maximum allowed value: 0. Increase the value of maxShiftBy to suppress this warning.
[12May2025 05:36:29.295] [main/DEBUG] [net.minecraftforge.coremod.transformer.CoreModBaseTransformer/COREMOD]: Transforming m_41435_ with desc (Lnet/minecraft/world/level/Level;Lnet/minecraft/world/entity/player/Player;Lnet/minecraft/world/level/ClipContext$Fluid;)Lnet/minecraft/world/phys/BlockHitResult;
[12May2025 05:36:29.309] [main/DEBUG] [mixin/]: Mixing perf.model_optimizations.BooleanPropertyMixin from modernfix-common.mixins.json into net.minecraft.world.level.block.state.properties.BooleanProperty
[12May2025 05:36:29.318] [main/DEBUG] [net.minecraftforge.coremod.transformer.CoreModBaseTransformer/COREMOD]: Transforming m_46758_ with desc (Lnet/minecraft/core/BlockPos;)Z
[12May2025 05:36:29.324] [main/DEBUG] [mixin/]: Mixing LevelAccessor from botania_xplat.mixins.json into net.minecraft.world.level.Level
[12May2025 05:36:29.357] [main/DEBUG] [net.minecraftforge.coremod.transformer.CoreModBaseTransformer/COREMOD]: Transforming net/minecraft/server/level/ServerLevel
[12May2025 05:36:29.359] [main/DEBUG] [mixin/]: Mixing ServerAddEntityMixin from cupboard.mixins.json into net.minecraft.server.level.ServerLevel
[12May2025 05:36:29.382] [main/DEBUG] [mixin/]: Mixing bugfix.chunk_deadlock.ServerLevelMixin from modernfix-common.mixins.json into net.minecraft.server.level.ServerLevel
[12May2025 05:36:29.384] [main/DEBUG] [mixin/]: Mixing perf.cache_strongholds.ServerLevelMixin from modernfix-common.mixins.json into net.minecraft.server.level.ServerLevel
[12May2025 05:36:29.392] [main/DEBUG] [mixin/]: Mixing perf.faster_structure_location.ServerLevelMixin from modernfix-common.mixins.json into net.minecraft.server.level.ServerLevel
[12May2025 05:36:29.393] [main/DEBUG] [mixin/]: Mixing MixinServerLevel from glitchcore.mixins.json into net.minecraft.server.level.ServerLevel
[12May2025 05:36:29.394] [main/DEBUG] [mixin/]: Mixing ServerLevelMixin from blueprint.mixins.json into net.minecraft.server.level.ServerLevel
[12May2025 05:36:29.395] [main/DEBUG] [mixin/]: Mixing ServerLevelMixin from moonlight-common.mixins.json into net.minecraft.server.level.ServerLevel
[12May2025 05:36:29.396] [main/DEBUG] [mixin/]: Discarding sythetic bridge method synthetic in m_6325_ because existing method in moonlight-common.mixins.json:ServerLevelMixin is compatible
[12May2025 05:36:29.401] [main/DEBUG] [mixin/]: Mixing coremods.ServerWorldMixin from immersiveengineering.mixins.json into net.minecraft.server.level.ServerLevel
[12May2025 05:36:29.401] [main/DEBUG] [mixin/]: Mixing ServerLevelMixin from botania_xplat.mixins.json into net.minecraft.server.level.ServerLevel
[12May2025 05:36:29.403] [main/DEBUG] [mixin/]: Mixing ServerLevelMixin from supplementaries-common.mixins.json into net.minecraft.server.level.ServerLevel
[12May2025 05:36:29.404] [main/DEBUG] [mixin/]: Discarding sythetic bridge method synthetic in m_6325_ because existing method in supplementaries-common.mixins.json:ServerLevelMixin is compatible
[12May2025 05:36:29.404] [main/DEBUG] [mixin/]: Renaming synthetic method lambda$unluckyLightning$0(Lnet/minecraft/world/entity/LivingEntity;)Z to md5e188f$lambda$unluckyLightning$0$0 in supplementaries-common.mixins.json:ServerLevelMixin
[12May2025 05:36:29.469] [main/DEBUG] [mixin/]: Mixing ItemEntityMixin from decorative_blocks.mixins.json into net.minecraft.world.entity.item.ItemEntity
[12May2025 05:36:29.485] [main/DEBUG] [mixin/]: Mixing accessors.ItemEntityAccess from immersiveengineering.mixins.json into net.minecraft.world.entity.item.ItemEntity
[12May2025 05:36:29.486] [main/DEBUG] [mixin/]: Mixing ItemEntityMixin from ae2.mixins.json into net.minecraft.world.entity.item.ItemEntity
[12May2025 05:36:29.486] [main/DEBUG] [mixin/]: ae2.mixins.json:ItemEntityMixin: Class version 61 required is higher than the class version supported by the current version of Mixin (JAVA_11 supports class version 55)
[12May2025 05:36:29.487] [main/DEBUG] [mixin/]: Renaming synthetic method lambda$handleEntityTransform$0(Lnet/minecraft/world/level/material/FluidState;Lappeng/recipes/transform/TransformCircumstance;)Z to md5e188f$lambda$handleEntityTransform$0$0 in ae2.mixins.json:ItemEntityMixin
[12May2025 05:36:29.502] [main/DEBUG] [mixin/]: Mixing ItemEntityAccessor from botania_xplat.mixins.json into net.minecraft.world.entity.item.ItemEntity
[12May2025 05:36:29.503] [main/DEBUG] [mixin/]: Mixing ItemEntityMixin from botania_xplat.mixins.json into net.minecraft.world.entity.item.ItemEntity
[12May2025 05:36:29.531] [main/DEBUG] [mixin/]: Unexpected: Registered method setAge(I)V in net.minecraft.world.entity.item.ItemEntity was not merged
[12May2025 05:36:29.542] [main/DEBUG] [net.minecraftforge.coremod.transformer.CoreModBaseTransformer/COREMOD]: Transforming m_36170_ with desc (Lnet/minecraft/world/entity/player/PlayerModelPart;)Z
[12May2025 05:36:29.542] [main/DEBUG] [net.minecraftforge.coremod.transformer.CoreModBaseTransformer/COREMOD]: Transforming m_36170_ with desc (Lnet/minecraft/world/entity/player/PlayerModelPart;)Z
[12May2025 05:36:29.543] [main/DEBUG] [mixin/]: Mixing PlayerEntityAccessor from bettercombat.mixins.json into net.minecraft.world.entity.player.Player
[12May2025 05:36:29.543] [main/DEBUG] [mixin/]: Mixing PlayerEntityMixin from bettercombat.mixins.json into net.minecraft.world.entity.player.Player
[12May2025 05:36:29.571] [main/DEBUG] [mixin/]: Mixing PlayerMixin from botania_xplat.mixins.json into net.minecraft.world.entity.player.Player
[12May2025 05:36:29.586] [main/DEBUG] [mixin/]: Mixing PlayerMixin from crittersandcompanions.mixins.json into net.minecraft.world.entity.player.Player
[12May2025 05:36:29.591] [main/DEBUG] [mixin/]: Mixing PlayerMixin from supplementaries-common.mixins.json into net.minecraft.world.entity.player.Player
[12May2025 05:36:29.594] [main/DEBUG] [mixin/]: Mixing PlayerProjectileMixin from supplementaries.mixins.json into net.minecraft.world.entity.player.Player
[12May2025 05:36:29.753] [main/DEBUG] [mixin/]: Mixing perf.fast_forge_dummies.NamespacedHolderHelperMixin from modernfix-forge.mixins.json into net.minecraftforge.registries.NamespacedWrapper
[12May2025 05:36:29.767] [main/DEBUG] [mixin/]: Mixing FluidInvokerMixin from blueprint.mixins.json into net.minecraft.world.level.material.Fluid
[12May2025 05:36:29.777] [main/DEBUG] [net.minecraftforge.coremod.transformer.CoreModBaseTransformer/COREMOD]: Transforming m_41435_ with desc (Lnet/minecraft/world/level/Level;Lnet/minecraft/world/entity/player/Player;Lnet/minecraft/world/level/ClipContext$Fluid;)Lnet/minecraft/world/phys/BlockHitResult;
[12May2025 05:36:29.778] [main/DEBUG] [mixin/]: Mixing perf.forge_registry_alloc.DelegateHolderMixin from modernfix-forge.mixins.json into net.minecraft.world.item.Item
[12May2025 05:36:29.781] [main/DEBUG] [mixin/]: Mixing ItemAccessor from decorative_blocks.mixins.json into net.minecraft.world.item.Item
[12May2025 05:36:29.783] [main/DEBUG] [mixin/]: Renaming @Invoker method getPlayerPOVHitResult(Lnet/minecraft/world/level/Level;Lnet/minecraft/world/entity/player/Player;Lnet/minecraft/world/level/ClipContext$Fluid;)Lnet/minecraft/world/phys/BlockHitResult; to getPlayerPOVHitResult_$md$5e188f$0 in decorative_blocks.mixins.json:ItemAccessor
[12May2025 05:36:29.783] [main/DEBUG] [mixin/]: Mixing ItemMixin from moonlight-common.mixins.json into net.minecraft.world.item.Item
[12May2025 05:36:29.787] [main/DEBUG] [mixin/]: Mixing ItemMixin from botania_xplat.mixins.json into net.minecraft.world.item.Item
[12May2025 05:36:29.787] [main/DEBUG] [mixin/]: Mixing ItemMixin from quark.mixins.json into net.minecraft.world.item.Item
[12May2025 05:36:29.815] [main/DEBUG] [mixin/]: Mixing IForgeItemMixin from quark.mixins.json into net.minecraftforge.common.extensions.IForgeItem
[12May2025 05:36:29.828] [main/DEBUG] [net.minecraftforge.coremod.transformer.CoreModBaseTransformer/COREMOD]: Transforming net/minecraft/world/entity/EntityType
[12May2025 05:36:29.907] [main/DEBUG] [mixin/]: Mixing EnchantmentMixin from bettercombat.mixins.json into net.minecraft.world.item.enchantment.Enchantment
[12May2025 05:36:29.909] [main/DEBUG] [mixin/]: Mixing EnchantmentMixin from quark.mixins.json into net.minecraft.world.item.enchantment.Enchantment
[12May2025 05:36:29.932] [main/DEBUG] [mixin/]: Mixing perf.dynamic_dfu.BlockEntityTypeMixin from modernfix-common.mixins.json into net.minecraft.world.level.block.entity.BlockEntityType
[12May2025 05:36:29.932] [main/DEBUG] [mixin/]: Mixing accessors.BETypeAccess from immersiveengineering.mixins.json into net.minecraft.world.level.block.entity.BlockEntityType
[12May2025 05:36:29.972] [main/DEBUG] [mixin/]: Mixing MixinPoiTypes from lootr.mixins.json into net.minecraft.world.entity.ai.village.poi.PoiTypes
[12May2025 05:36:29.979] [main/DEBUG] [mixin/]: Mixing MixinPoiType from lootr.mixins.json into net.minecraft.world.entity.ai.village.poi.PoiType
[12May2025 05:36:30.045] [main/DEBUG] [mixin/]: Mixing CreativeModeTabsMixin from quark.mixins.json into net.minecraft.world.item.CreativeModeTabs
[12May2025 05:36:30.045] [main/DEBUG] [mixin/]: Renaming synthetic method lambda$quark$filterEnchantments2$1(Lnet/minecraft/world/item/enchantment/Enchantment;)Z to md5e188f$lambda$quark$filterEnchantments2$1$0 in quark.mixins.json:CreativeModeTabsMixin
[12May2025 05:36:30.046] [main/DEBUG] [mixin/]: Renaming synthetic method lambda$quark$filterEnchantments$0(Lnet/minecraft/world/item/enchantment/Enchantment;)Z to md5e188f$lambda$quark$filterEnchantments$0$1 in quark.mixins.json:CreativeModeTabsMixin
[12May2025 05:36:30.064] [main/DEBUG] [mixin/]: Mixing perf.memoize_creative_tab_build.CreativeModeTabMixin from modernfix-common.mixins.json into net.minecraft.world.item.CreativeModeTab
[12May2025 05:36:30.082] [main/DEBUG] [mixin/]: Mixing FireBlockInvoker from decorative_blocks.mixins.json into net.minecraft.world.level.block.FireBlock
[12May2025 05:36:30.083] [main/DEBUG] [mixin/]: Mixing FireBlockMixin from moonlight.mixins.json into net.minecraft.world.level.block.FireBlock
[12May2025 05:36:30.090] [main/DEBUG] [mixin/]: Mixing FireBlockAccessor from botania_xplat.mixins.json into net.minecraft.world.level.block.FireBlock
[12May2025 05:36:30.090] [main/DEBUG] [mixin/]: Mixing FireBlockMixin from supplementaries-common.mixins.json into net.minecraft.world.level.block.FireBlock
[12May2025 05:36:30.094] [main/DEBUG] [mixin/]: Mixing FireBlockAccessor from supplementaries.mixins.json into net.minecraft.world.level.block.FireBlock
[12May2025 05:36:30.170] [main/DEBUG] [mixin/]: Mixing DiscreteVSAccess from ferritecore.blockstatecache.mixin.json into net.minecraft.world.phys.shapes.DiscreteVoxelShape
[12May2025 05:36:30.175] [main/DEBUG] [mixin/]: Mixing BitSetDVSAccess from ferritecore.blockstatecache.mixin.json into net.minecraft.world.phys.shapes.BitSetDiscreteVoxelShape
[12May2025 05:36:30.181] [main/DEBUG] [mixin/]: Mixing VoxelShapeAccess from ferritecore.blockstatecache.mixin.json into net.minecraft.world.phys.shapes.VoxelShape
[12May2025 05:36:30.186] [main/DEBUG] [mixin/]: Mixing ArrayVSAccess from ferritecore.blockstatecache.mixin.json into net.minecraft.world.phys.shapes.ArrayVoxelShape
[12May2025 05:36:30.190] [main/DEBUG] [mixin/]: Mixing SliceShapeAccess from ferritecore.blockstatecache.mixin.json into net.minecraft.world.phys.shapes.SliceShape
[12May2025 05:36:30.370] [main/DEBUG] [mixin/]: Mixing perf.reduce_blockstate_cache_rebuilds.BlocksMixin from modernfix-common.mixins.json into net.minecraft.world.level.block.Blocks
[12May2025 05:36:30.371] [main/DEBUG] [mixin/]: Renaming synthetic method lambda$getEmptyConsumer$0(Ljava/lang/Object;)V to md5e188f$lambda$getEmptyConsumer$0$0 in modernfix-common.mixins.json:perf.reduce_blockstate_cache_rebuilds.BlocksMixin
[12May2025 05:36:30.409] [main/DEBUG] [mixin/]: Mixing BushBlockMixin from botania_xplat.mixins.json into net.minecraft.world.level.block.BushBlock
[12May2025 05:36:30.423] [main/DEBUG] [net.minecraftforge.coremod.transformer.CoreModBaseTransformer/COREMOD]: Transforming net/minecraft/world/level/block/LiquidBlock
[12May2025 05:36:30.442] [main/DEBUG] [mixin/]: Mixing SpongeBlockMixin from quark.mixins.json into net.minecraft.world.level.block.SpongeBlock
[12May2025 05:36:30.462] [main/DEBUG] [mixin/]: Mixing HalfTransparentBlockMixin from quark.mixins.json into net.minecraft.world.level.block.HalfTransparentBlock
[12May2025 05:36:30.471] [main/DEBUG] [mixin/]: Mixing accessor.DispenserBlockAccessor from moonlight-common.mixins.json into net.minecraft.world.level.block.DispenserBlock
[12May2025 05:36:30.472] [main/DEBUG] [mixin/]: Renaming @Accessor method getDispenserRegistry()Ljava/util/Map; to getDispenserRegistry_$md$5e188f$0 in moonlight-common.mixins.json:accessor.DispenserBlockAccessor
[12May2025 05:36:30.472] [main/DEBUG] [mixin/]: Mixing DispenserBlockAccessor from botania_xplat.mixins.json into net.minecraft.world.level.block.DispenserBlock
[12May2025 05:36:30.472] [main/DEBUG] [mixin/]: Renaming @Accessor method getDispenserRegistry()Ljava/util/Map; to getDispenserRegistry_$md$5e188f$1 in botania_xplat.mixins.json:DispenserBlockAccessor
[12May2025 05:36:30.475] [main/DEBUG] [mixin/]: Mixing NoteBlockMixin from blueprint.mixins.json into net.minecraft.world.level.block.NoteBlock
[12May2025 05:36:30.486] [main/DEBUG] [mixin/]: Mixing PistonBaseBlockMixin from botania_xplat.mixins.json into net.minecraft.world.level.block.piston.PistonBaseBlock
[12May2025 05:36:30.489] [main/DEBUG] [mixin/]: Mixing PistonBaseBlockAccessor from botania_xplat.mixins.json into net.minecraft.world.level.block.piston.PistonBaseBlock
[12May2025 05:36:30.489] [main/DEBUG] [mixin/]: Mixing PistonBaseBlockMixin from zeta.mixins.json into net.minecraft.world.level.block.piston.PistonBaseBlock
[12May2025 05:36:30.542] [main/DEBUG] [mixin/]: Mixing PistonBaseBlockMixin from quark.mixins.json into net.minecraft.world.level.block.piston.PistonBaseBlock
[12May2025 05:36:30.614] [main/DEBUG] [net.minecraftforge.coremod.transformer.CoreModBaseTransformer/COREMOD]: Transforming m_7898_ with desc (Lnet/minecraft/world/level/block/state/BlockState;Lnet/minecraft/world/level/LevelReader;Lnet/minecraft/core/BlockPos;)Z
[12May2025 05:36:30.641] [main/DEBUG] [net.minecraftforge.coremod.transformer.CoreModBaseTransformer/COREMOD]: Transforming net/minecraft/world/level/block/StairBlock
[12May2025 05:36:30.657] [main/DEBUG] [mixin/]: Mixing CropBlockMixin from balm.mixins.json into net.minecraft.world.level.block.CropBlock
[12May2025 05:36:30.660] [main/DEBUG] [mixin/]: Mixing accessors.CropBlockAccess from immersiveengineering.mixins.json into net.minecraft.world.level.block.CropBlock
[12May2025 05:36:30.667] [main/DEBUG] [mixin/]: Mixing FarmBlockMixin from botania_xplat.mixins.json into net.minecraft.world.level.block.FarmBlock
[12May2025 05:36:30.685] [main/DEBUG] [mixin/]: Mixing LadderBlockMixin from quark.mixins.json into net.minecraft.world.level.block.LadderBlock
[12May2025 05:36:30.696] [main/DEBUG] [mixin/]: Mixing CeilingHangingSignBlockMixin from quark.mixins.json into net.minecraft.world.level.block.CeilingHangingSignBlock
[12May2025 05:36:30.729] [main/DEBUG] [mixin/]: Mixing IronBarsBlockMixin from quark.mixins.json into net.minecraft.world.level.block.IronBarsBlock
[12May2025 05:36:30.732] [main/DEBUG] [mixin/]: Mixing IronBarsBlockMixin from supplementaries-common.mixins.json into net.minecraft.world.level.block.IronBarsBlock
[12May2025 05:36:30.745] [main/DEBUG] [mixin/]: Mixing StemBlockMixin from balm.mixins.json into net.minecraft.world.level.block.StemBlock
[12May2025 05:36:30.758] [main/DEBUG] [mixin/]: Mixing NetherWartBlockMixin from chipped-common.mixins.json into net.minecraft.world.level.block.NetherWartBlock
[12May2025 05:36:30.776] [main/DEBUG] [mixin/]: Mixing TripWireHookBlockMixin from quark.mixins.json into net.minecraft.world.level.block.TripWireHookBlock
[12May2025 05:36:30.789] [main/DEBUG] [mixin/]: Mixing perf.deduplicate_wall_shapes.WallBlockMixin from modernfix-common.mixins.json into net.minecraft.world.level.block.WallBlock
[12May2025 05:36:30.794] [main/DEBUG] [mixin/]: Mixing WallBlockMixin from quark.mixins.json into net.minecraft.world.level.block.WallBlock
[12May2025 05:36:30.804] [main/DEBUG] [net.minecraftforge.coremod.transformer.CoreModBaseTransformer/COREMOD]: Transforming net/minecraft/world/level/block/FlowerPotBlock
[12May2025 05:36:30.826] [main/DEBUG] [mixin/]: Mixing ComparatorBlockMixin from supplementaries-common.mixins.json into net.minecraft.world.level.block.ComparatorBlock
[12May2025 05:36:30.855] [main/DEBUG] [mixin/]: Mixing ChorusPlantBlockMixin from mixins.unusualend.json into net.minecraft.world.level.block.ChorusPlantBlock
[12May2025 05:36:30.877] [main/DEBUG] [mixin/]: Mixing ChorusFlowerBlockMixin from mixins.unusualend.json into net.minecraft.world.level.block.ChorusFlowerBlock
[12May2025 05:36:30.888] [main/DEBUG] [mixin/]: Mixing ObserverBlockMixin from supplementaries-common.mixins.json into net.minecraft.world.level.block.ObserverBlock
[12May2025 05:36:30.900] [main/DEBUG] [mixin/]: Mixing accessors.ConcretePowderBlockAccess from immersiveengineering.mixins.json into net.minecraft.world.level.block.ConcretePowderBlock
[12May2025 05:36:30.910] [main/DEBUG] [mixin/]: Mixing GrowingPlantBodyBlockMixin from botania_xplat.mixins.json into net.minecraft.world.level.block.GrowingPlantBodyBlock
[12May2025 05:36:30.919] [main/DEBUG] [mixin/]: Mixing BaseCoralPlantTypeBlockMixin from quark.mixins.json into net.minecraft.world.level.block.BaseCoralPlantTypeBlock
[12May2025 05:36:30.961] [main/DEBUG] [mixin/]: Mixing LanternBlockMixin from quark.mixins.json into net.minecraft.world.level.block.LanternBlock
[12May2025 05:36:30.966] [main/DEBUG] [mixin/]: Mixing CampfireBlockMixin from supplementaries-common.mixins.json into net.minecraft.world.level.block.CampfireBlock
[12May2025 05:36:31.004] [main/DEBUG] [mixin/]: Mixing MixinPowderSnowBlock from curios.mixins.json into net.minecraft.world.level.block.PowderSnowBlock
[12May2025 05:36:31.019] [main/DEBUG] [mixin/]: Mixing WeatheringCopperMixin from zeta_forge.mixins.json into net.minecraft.world.level.block.WeatheringCopper
[12May2025 05:36:31.060] [main/DEBUG] [mixin/]: Mixing BlockPropertiesAccessor from botania_xplat.mixins.json into net.minecraft.world.level.block.state.BlockBehaviour$Properties
[12May2025 05:36:31.092] [main/DEBUG] [mixin/]: Mixing perf.state_definition_construct.StateDefinitionMixin from modernfix-common.mixins.json into net.minecraft.world.level.block.state.StateDefinition
[12May2025 05:36:31.128] [main/DEBUG] [mixin/]: Mixing accessors.FlowingFluidAccess from immersiveengineering.mixins.json into net.minecraft.world.level.material.FlowingFluid
[12May2025 05:36:31.249] [main/INFO] [net.minecraft.server.Bootstrap/]: Vanilla bootstrap took 3375 milliseconds
[12May2025 05:36:31.287] [main/DEBUG] [io.netty.util.internal.PlatformDependent0/]: -Dio.netty.noUnsafe: false
[12May2025 05:36:31.287] [main/DEBUG] [io.netty.util.internal.PlatformDependent0/]: Java version: 17
[12May2025 05:36:31.287] [main/DEBUG] [io.netty.util.internal.PlatformDependent0/]: sun.misc.Unsafe.theUnsafe: available
[12May2025 05:36:31.288] [main/DEBUG] [io.netty.util.internal.PlatformDependent0/]: sun.misc.Unsafe.copyMemory: available
[12May2025 05:36:31.290] [main/DEBUG] [io.netty.util.internal.PlatformDependent0/]: sun.misc.Unsafe.storeFence: available
[12May2025 05:36:31.290] [main/DEBUG] [io.netty.util.internal.PlatformDependent0/]: java.nio.Buffer.address: available
[12May2025 05:36:31.291] [main/DEBUG] [io.netty.util.internal.PlatformDependent0/]: direct buffer constructor: unavailable
java.lang.UnsupportedOperationException: Reflective setAccessible(true) disabled
	at io.netty.util.internal.ReflectionUtil.trySetAccessible(ReflectionUtil.java:31) ~[netty-common-4.1.82.Final.jar%2382!/:4.1.82.Final]
	at io.netty.util.internal.PlatformDependent0$5.run(PlatformDependent0.java:288) ~[netty-common-4.1.82.Final.jar%2382!/:4.1.82.Final]
	at java.security.AccessController.doPrivileged(AccessController.java:318) ~[?:?]
	at io.netty.util.internal.PlatformDependent0.<clinit>(PlatformDependent0.java:282) ~[netty-common-4.1.82.Final.jar%2382!/:4.1.82.Final]
	at io.netty.util.internal.PlatformDependent.isAndroid(PlatformDependent.java:333) ~[netty-common-4.1.82.Final.jar%2382!/:4.1.82.Final]
	at io.netty.util.internal.PlatformDependent.<clinit>(PlatformDependent.java:88) ~[netty-common-4.1.82.Final.jar%2382!/:4.1.82.Final]
	at io.netty.util.ConstantPool.<init>(ConstantPool.java:34) ~[netty-common-4.1.82.Final.jar%2382!/:4.1.82.Final]
	at io.netty.util.AttributeKey$1.<init>(AttributeKey.java:27) ~[netty-common-4.1.82.Final.jar%2382!/:4.1.82.Final]
	at io.netty.util.AttributeKey.<clinit>(AttributeKey.java:27) ~[netty-common-4.1.82.Final.jar%2382!/:4.1.82.Final]
	at net.minecraftforge.network.NetworkConstants.<clinit>(NetworkConstants.java:34) ~[forge-1.20.1-47.3.7-universal.jar%23224!/:?]
	at net.minecraft.server.Bootstrap.handler$zco000$doClassloadHack(Bootstrap.java:1034) ~[server-1.20.1-20230612.114412-srg.jar%23219!/:?]
	at net.minecraft.server.Bootstrap.m_135870_(Bootstrap.java:64) ~[server-1.20.1-20230612.114412-srg.jar%23219!/:?]
	at net.minecraftforge.registries.ForgeRegistries.init(ForgeRegistries.java:212) ~[forge-1.20.1-47.3.7-universal.jar%23224!/:?]
	at net.minecraftforge.registries.ForgeRegistries.<clinit>(ForgeRegistries.java:65) ~[forge-1.20.1-47.3.7-universal.jar%23224!/:?]
	at net.minecraft.world.level.block.LiquidBlock.<init>(LiquidBlock.java:53) ~[server-1.20.1-20230612.114412-srg.jar%23219!/:?]
	at net.minecraft.world.level.block.Blocks.<clinit>(Blocks.java:77) ~[server-1.20.1-20230612.114412-srg.jar%23219!/:?]
	at net.minecraft.world.level.block.FireBlock.m_53484_(FireBlock.java:301) ~[server-1.20.1-20230612.114412-srg.jar%23219!/:?]
	at net.minecraft.server.Bootstrap.m_135870_(Bootstrap.java:46) ~[server-1.20.1-20230612.114412-srg.jar%23219!/:?]
	at net.minecraft.server.Main.main(Main.java:121) ~[server-1.20.1-20230612.114412-srg.jar%23219!/:?]
	at jdk.internal.reflect.NativeMethodAccessorImpl.invoke0(Native Method) ~[?:?]
	at jdk.internal.reflect.NativeMethodAccessorImpl.invoke(NativeMethodAccessorImpl.java:77) ~[?:?]
	at jdk.internal.reflect.DelegatingMethodAccessorImpl.invoke(DelegatingMethodAccessorImpl.java:43) ~[?:?]
	at java.lang.reflect.Method.invoke(Method.java:569) ~[?:?]
	at net.minecraftforge.fml.loading.targets.CommonLaunchHandler.runTarget(CommonLaunchHandler.java:111) ~[fmlloader-1.20.1-47.3.7.jar%2369!/:?]
	at net.minecraftforge.fml.loading.targets.CommonLaunchHandler.serverService(CommonLaunchHandler.java:103) ~[fmlloader-1.20.1-47.3.7.jar%2369!/:?]
	at net.minecraftforge.fml.loading.targets.CommonServerLaunchHandler.lambda$makeService$0(CommonServerLaunchHandler.java:27) ~[fmlloader-1.20.1-47.3.7.jar%2369!/:?]
	at cpw.mods.modlauncher.LaunchServiceHandlerDecorator.launch(LaunchServiceHandlerDecorator.java:30) ~[modlauncher-10.0.9.jar%2355!/:?]
	at cpw.mods.modlauncher.LaunchServiceHandler.launch(LaunchServiceHandler.java:53) ~[modlauncher-10.0.9.jar%2355!/:?]
	at cpw.mods.modlauncher.LaunchServiceHandler.launch(LaunchServiceHandler.java:71) ~[modlauncher-10.0.9.jar%2355!/:?]
	at cpw.mods.modlauncher.Launcher.run(Launcher.java:108) ~[modlauncher-10.0.9.jar%2355!/:?]
	at cpw.mods.modlauncher.Launcher.main(Launcher.java:78) ~[modlauncher-10.0.9.jar%2355!/:?]
	at cpw.mods.modlauncher.BootstrapLaunchConsumer.accept(BootstrapLaunchConsumer.java:26) ~[modlauncher-10.0.9.jar%2355!/:?]
	at cpw.mods.modlauncher.BootstrapLaunchConsumer.accept(BootstrapLaunchConsumer.java:23) ~[modlauncher-10.0.9.jar%2355!/:?]
	at cpw.mods.bootstraplauncher.BootstrapLauncher.main(BootstrapLauncher.java:141) ~[bootstraplauncher-1.1.2.jar:?]
[12May2025 05:36:31.295] [main/DEBUG] [io.netty.util.internal.PlatformDependent0/]: java.nio.Bits.unaligned: available, true
[12May2025 05:36:31.296] [main/DEBUG] [io.netty.util.internal.PlatformDependent0/]: jdk.internal.misc.Unsafe.allocateUninitializedArray(int): unavailable
java.lang.IllegalAccessException: class io.netty.util.internal.PlatformDependent0$7 (in module io.netty.common) cannot access class jdk.internal.misc.Unsafe (in module java.base) because module java.base does not export jdk.internal.misc to module io.netty.common
	at jdk.internal.reflect.Reflection.newIllegalAccessException(Reflection.java:392) ~[?:?]
	at java.lang.reflect.AccessibleObject.checkAccess(AccessibleObject.java:674) ~[?:?]
	at java.lang.reflect.Method.invoke(Method.java:561) ~[?:?]
	at io.netty.util.internal.PlatformDependent0$7.run(PlatformDependent0.java:410) ~[netty-common-4.1.82.Final.jar%2382!/:4.1.82.Final]
	at java.security.AccessController.doPrivileged(AccessController.java:318) ~[?:?]
	at io.netty.util.internal.PlatformDependent0.<clinit>(PlatformDependent0.java:401) ~[netty-common-4.1.82.Final.jar%2382!/:4.1.82.Final]
	at io.netty.util.internal.PlatformDependent.isAndroid(PlatformDependent.java:333) ~[netty-common-4.1.82.Final.jar%2382!/:4.1.82.Final]
	at io.netty.util.internal.PlatformDependent.<clinit>(PlatformDependent.java:88) ~[netty-common-4.1.82.Final.jar%2382!/:4.1.82.Final]
	at io.netty.util.ConstantPool.<init>(ConstantPool.java:34) ~[netty-common-4.1.82.Final.jar%2382!/:4.1.82.Final]
	at io.netty.util.AttributeKey$1.<init>(AttributeKey.java:27) ~[netty-common-4.1.82.Final.jar%2382!/:4.1.82.Final]
	at io.netty.util.AttributeKey.<clinit>(AttributeKey.java:27) ~[netty-common-4.1.82.Final.jar%2382!/:4.1.82.Final]
	at net.minecraftforge.network.NetworkConstants.<clinit>(NetworkConstants.java:34) ~[forge-1.20.1-47.3.7-universal.jar%23224!/:?]
	at net.minecraft.server.Bootstrap.handler$zco000$doClassloadHack(Bootstrap.java:1034) ~[server-1.20.1-20230612.114412-srg.jar%23219!/:?]
	at net.minecraft.server.Bootstrap.m_135870_(Bootstrap.java:64) ~[server-1.20.1-20230612.114412-srg.jar%23219!/:?]
	at net.minecraftforge.registries.ForgeRegistries.init(ForgeRegistries.java:212) ~[forge-1.20.1-47.3.7-universal.jar%23224!/:?]
	at net.minecraftforge.registries.ForgeRegistries.<clinit>(ForgeRegistries.java:65) ~[forge-1.20.1-47.3.7-universal.jar%23224!/:?]
	at net.minecraft.world.level.block.LiquidBlock.<init>(LiquidBlock.java:53) ~[server-1.20.1-20230612.114412-srg.jar%23219!/:?]
	at net.minecraft.world.level.block.Blocks.<clinit>(Blocks.java:77) ~[server-1.20.1-20230612.114412-srg.jar%23219!/:?]
	at net.minecraft.world.level.block.FireBlock.m_53484_(FireBlock.java:301) ~[server-1.20.1-20230612.114412-srg.jar%23219!/:?]
	at net.minecraft.server.Bootstrap.m_135870_(Bootstrap.java:46) ~[server-1.20.1-20230612.114412-srg.jar%23219!/:?]
	at net.minecraft.server.Main.main(Main.java:121) ~[server-1.20.1-20230612.114412-srg.jar%23219!/:?]
	at jdk.internal.reflect.NativeMethodAccessorImpl.invoke0(Native Method) ~[?:?]
	at jdk.internal.reflect.NativeMethodAccessorImpl.invoke(NativeMethodAccessorImpl.java:77) ~[?:?]
	at jdk.internal.reflect.DelegatingMethodAccessorImpl.invoke(DelegatingMethodAccessorImpl.java:43) ~[?:?]
	at java.lang.reflect.Method.invoke(Method.java:569) ~[?:?]
	at net.minecraftforge.fml.loading.targets.CommonLaunchHandler.runTarget(CommonLaunchHandler.java:111) ~[fmlloader-1.20.1-47.3.7.jar%2369!/:?]
	at net.minecraftforge.fml.loading.targets.CommonLaunchHandler.serverService(CommonLaunchHandler.java:103) ~[fmlloader-1.20.1-47.3.7.jar%2369!/:?]
	at net.minecraftforge.fml.loading.targets.CommonServerLaunchHandler.lambda$makeService$0(CommonServerLaunchHandler.java:27) ~[fmlloader-1.20.1-47.3.7.jar%2369!/:?]
	at cpw.mods.modlauncher.LaunchServiceHandlerDecorator.launch(LaunchServiceHandlerDecorator.java:30) ~[modlauncher-10.0.9.jar%2355!/:?]
	at cpw.mods.modlauncher.LaunchServiceHandler.launch(LaunchServiceHandler.java:53) ~[modlauncher-10.0.9.jar%2355!/:?]
	at cpw.mods.modlauncher.LaunchServiceHandler.launch(LaunchServiceHandler.java:71) ~[modlauncher-10.0.9.jar%2355!/:?]
	at cpw.mods.modlauncher.Launcher.run(Launcher.java:108) ~[modlauncher-10.0.9.jar%2355!/:?]
	at cpw.mods.modlauncher.Launcher.main(Launcher.java:78) ~[modlauncher-10.0.9.jar%2355!/:?]
	at cpw.mods.modlauncher.BootstrapLaunchConsumer.accept(BootstrapLaunchConsumer.java:26) ~[modlauncher-10.0.9.jar%2355!/:?]
	at cpw.mods.modlauncher.BootstrapLaunchConsumer.accept(BootstrapLaunchConsumer.java:23) ~[modlauncher-10.0.9.jar%2355!/:?]
	at cpw.mods.bootstraplauncher.BootstrapLauncher.main(BootstrapLauncher.java:141) ~[bootstraplauncher-1.1.2.jar:?]
[12May2025 05:36:31.299] [main/DEBUG] [io.netty.util.internal.PlatformDependent0/]: java.nio.DirectByteBuffer.<init>(long, int): unavailable
[12May2025 05:36:31.299] [main/DEBUG] [io.netty.util.internal.PlatformDependent/]: sun.misc.Unsafe: available
[12May2025 05:36:31.300] [main/DEBUG] [io.netty.util.internal.PlatformDependent/]: maxDirectMemory: 4294967296 bytes (maybe)
[12May2025 05:36:31.301] [main/DEBUG] [io.netty.util.internal.PlatformDependent/]: -Dio.netty.tmpdir: /tmp (java.io.tmpdir)
[12May2025 05:36:31.301] [main/DEBUG] [io.netty.util.internal.PlatformDependent/]: -Dio.netty.bitMode: 64 (sun.arch.data.model)
[12May2025 05:36:31.302] [main/DEBUG] [io.netty.util.internal.PlatformDependent/]: -Dio.netty.maxDirectMemory: -1 bytes
[12May2025 05:36:31.303] [main/DEBUG] [io.netty.util.internal.PlatformDependent/]: -Dio.netty.uninitializedArrayAllocationThreshold: -1
[12May2025 05:36:31.306] [main/DEBUG] [io.netty.util.internal.CleanerJava9/]: java.nio.ByteBuffer.cleaner(): available
[12May2025 05:36:31.306] [main/DEBUG] [io.netty.util.internal.PlatformDependent/]: -Dio.netty.noPreferDirect: false
[12May2025 05:36:31.378] [main/DEBUG] [mixin/]: Mixing FriendlyByteBufMixin from supplementaries.mixins.json into net.minecraft.network.FriendlyByteBuf
[12May2025 05:36:31.526] [main/DEBUG] [mixin/]: Mixing BlockEntityMixin from collective_forge.mixins.json into net.minecraft.world.level.block.entity.BlockEntity
[12May2025 05:36:31.543] [main/DEBUG] [mixin/]: Mixing FallingBlockEntityMixin from blueprint.mixins.json into net.minecraft.world.entity.item.FallingBlockEntity
[12May2025 05:36:31.544] [main/DEBUG] [mixin/]: Mixing FallingBlockEntityMixin from quark.mixins.json into net.minecraft.world.entity.item.FallingBlockEntity
[12May2025 05:36:31.544] [main/DEBUG] [mixin/]: Mixing FallingBlockEntityMixin from supplementaries-common.mixins.json into net.minecraft.world.entity.item.FallingBlockEntity
[12May2025 05:36:31.601] [main/DEBUG] [mixin/]: Mixing accessor.DispenserBlockEntityAccessor from moonlight-common.mixins.json into net.minecraft.world.level.block.entity.DispenserBlockEntity
[12May2025 05:36:31.633] [main/DEBUG] [mixin/]: Mixing RandomizableContainerBlockEntityAccessor from botania_xplat.mixins.json into net.minecraft.world.level.block.entity.RandomizableContainerBlockEntity
[12May2025 05:36:31.782] [main/DEBUG] [mixin/]: Mixing PistonStructureResolverMixin from botania_xplat.mixins.json into net.minecraft.world.level.block.piston.PistonStructureResolver
[12May2025 05:36:31.786] [main/DEBUG] [mixin/]: Mixing AccessorPistonStructureResolver from zeta.mixins.json into net.minecraft.world.level.block.piston.PistonStructureResolver
[12May2025 05:36:31.873] [main/DEBUG] [mixin/]: Mixing PistonBlockEntityMixin from moonlight-common.mixins.json into net.minecraft.world.level.block.piston.PistonMovingBlockEntity
[12May2025 05:36:31.886] [main/DEBUG] [mixin/]: Mixing PistonMovingBlockEntityMixin from quark.mixins.json into net.minecraft.world.level.block.piston.PistonMovingBlockEntity
[12May2025 05:36:32.029] [main/DEBUG] [mixin/]: Mixing accessors.TNTEntityAccess from immersiveengineering.mixins.json into net.minecraft.world.entity.item.PrimedTnt
[12May2025 05:36:32.122] [main/DEBUG] [mixin/]: Mixing SpawnerBlockEntityMixin from quark.mixins.json into net.minecraft.world.level.block.entity.SpawnerBlockEntity
[12May2025 05:36:32.249] [main/DEBUG] [mixin/]: Mixing accessors.ContainerAccess from immersiveengineering.mixins.json into net.minecraft.world.inventory.AbstractContainerMenu
[12May2025 05:36:32.277] [main/DEBUG] [mixin/]: Mixing AbstractFurnaceTileEntityMixin from decorative_blocks.forge.mixins.json into net.minecraft.world.level.block.entity.AbstractFurnaceBlockEntity
[12May2025 05:36:32.282] [main/DEBUG] [mixin/]: Mixing accessors.FurnaceTEAccess from immersiveengineering.mixins.json into net.minecraft.world.level.block.entity.AbstractFurnaceBlockEntity
[12May2025 05:36:32.282] [main/DEBUG] [mixin/]: Mixing AbstractFurnaceBlockEntityAccessor from botania_xplat.mixins.json into net.minecraft.world.level.block.entity.AbstractFurnaceBlockEntity
[12May2025 05:36:32.282] [main/DEBUG] [mixin/]: Mixing AbstractFurnaceBlockEntityForgeAccessor from botania_forge.mixins.json into net.minecraft.world.level.block.entity.AbstractFurnaceBlockEntity
[12May2025 05:36:32.293] [main/DEBUG] [mixin/]: Unexpected: Registered method getQuickCheck()Lnet/minecraft/world/item/crafting/RecipeManager$CachedCheck; in net.minecraft.world.level.block.entity.AbstractFurnaceBlockEntity was not merged
[12May2025 05:36:32.387] [main/DEBUG] [net.minecraftforge.coremod.transformer.CoreModBaseTransformer/COREMOD]: Transforming net/minecraft/world/item/ItemStack
[12May2025 05:36:32.391] [main/DEBUG] [mixin/]: Mixing MixinItemStack from glitchcore.mixins.json into net.minecraft.world.item.ItemStack
[12May2025 05:36:32.394] [main/DEBUG] [mixin/]: Mixing ItemStackMixin from bettercombat.mixins.json into net.minecraft.world.item.ItemStack
[12May2025 05:36:32.394] [main/DEBUG] [mixin/]: Mixing ItemStackMixin from quark.mixins.json into net.minecraft.world.item.ItemStack
[12May2025 05:36:32.525] [main/DEBUG] [mixin/]: Mixing accessor.AccessorAbstractArrow from quark.mixins.json into net.minecraft.world.entity.projectile.AbstractArrow
[12May2025 05:36:32.525] [main/DEBUG] [mixin/]: Mixing AbstractArrowMixin from supplementaries-common.mixins.json into net.minecraft.world.entity.projectile.AbstractArrow
[12May2025 05:36:32.590] [main/DEBUG] [mixin/]: Mixing EntityMixin from moonlight-common.mixins.json into net.minecraft.world.entity.Mob
[12May2025 05:36:32.590] [main/DEBUG] [mixin/]: Mixing MobAccessor from botania_xplat.mixins.json into net.minecraft.world.entity.Mob
[12May2025 05:36:32.591] [main/DEBUG] [mixin/]: Mixing MobMixin from botania_xplat.mixins.json into net.minecraft.world.entity.Mob
[12May2025 05:36:32.622] [main/DEBUG] [mixin/]: Mixing NeutralMobsMixin from crittersandcompanions.mixins.json into net.minecraft.world.entity.animal.IronGolem
[12May2025 05:36:32.622] [main/DEBUG] [mixin/]: Renaming synthetic method lambda$onRegisterGoals$0(Lnet/minecraft/world/entity/LivingEntity;)Z to md5e188f$lambda$onRegisterGoals$0$0 in crittersandcompanions.mixins.json:NeutralMobsMixin
[12May2025 05:36:32.729] [main/DEBUG] [mixin/]: Mixing BeaconBlockEntityMixin from quark.mixins.json into net.minecraft.world.level.block.entity.BeaconBlockEntity
[12May2025 05:36:32.794] [main/DEBUG] [mixin/]: Mixing WitherEntityAccessor from botania_xplat.mixins.json into net.minecraft.world.entity.boss.wither.WitherBoss
[12May2025 05:36:32.807] [main/DEBUG] [mixin/]: Mixing AnvilMenuMixin from ae2.mixins.json into net.minecraft.world.inventory.AnvilMenu
[12May2025 05:36:32.808] [main/DEBUG] [mixin/]: ae2.mixins.json:AnvilMenuMixin: Class version 61 required is higher than the class version supported by the current version of Mixin (JAVA_11 supports class version 55)
[12May2025 05:36:32.810] [main/DEBUG] [mixin/]: Mixing AnvilMenuMixin from quark.mixins.json into net.minecraft.world.inventory.AnvilMenu
[12May2025 05:36:32.829] [main/DEBUG] [mixin/]: Mixing HopperBlockEntityAccessor from botania_xplat.mixins.json into net.minecraft.world.level.block.entity.HopperBlockEntity
[12May2025 05:36:32.830] [main/DEBUG] [mixin/]: Renaming @Invoker method botania_canInsert(Lnet/minecraft/world/Container;Lnet/minecraft/world/item/ItemStack;ILnet/minecraft/core/Direction;)Z to botania_canInsert_$md$5e188f$0 in botania_xplat.mixins.json:HopperBlockEntityAccessor
[12May2025 05:36:32.830] [main/DEBUG] [mixin/]: Renaming @Invoker method botania_canMerge(Lnet/minecraft/world/item/ItemStack;Lnet/minecraft/world/item/ItemStack;)Z to botania_canMerge_$md$5e188f$1 in botania_xplat.mixins.json:HopperBlockEntityAccessor
[12May2025 05:36:32.976] [main/DEBUG] [mixin/]: Mixing ShulkerBoxBlockEntityMixin from supplementaries-common.mixins.json into net.minecraft.world.level.block.entity.ShulkerBoxBlockEntity
[12May2025 05:36:32.985] [main/DEBUG] [mixin/]: Mixing AnimalAccessor from botania_xplat.mixins.json into net.minecraft.world.entity.animal.Animal
[12May2025 05:36:32.985] [main/DEBUG] [mixin/]: Mixing AnimalMixin from quark.mixins.json into net.minecraft.world.entity.animal.Animal
[12May2025 05:36:33.127] [main/DEBUG] [mixin/]: Mixing LoomMenuMixin from botania_xplat.mixins.json into net.minecraft.world.inventory.LoomMenu
[12May2025 05:36:33.130] [main/DEBUG] [mixin/]: Mixing LoomMenuMixin from quark.mixins.json into net.minecraft.world.inventory.LoomMenu
[12May2025 05:36:33.131] [main/DEBUG] [mixin/]: Mixing LoomMenuMixin from supplementaries-common.mixins.json into net.minecraft.world.inventory.LoomMenu
[12May2025 05:36:33.153] [main/DEBUG] [mixin/]: Mixing CartographyTableMixin from supplementaries-common.mixins.json into net.minecraft.world.inventory.CartographyTableMenu
[12May2025 05:36:33.165] [main/DEBUG] [mixin/]: Mixing GrindstoneMenuMixin from supplementaries-common.mixins.json into net.minecraft.world.inventory.GrindstoneMenu
[12May2025 05:36:33.244] [main/DEBUG] [mixin/]: Mixing BeehiveBlockEntityMixin from quark.mixins.json into net.minecraft.world.level.block.entity.BeehiveBlockEntity
[12May2025 05:36:33.318] [main/DEBUG] [mixin/]: Mixing LightningEntityMixin from moonlight-common.mixins.json into net.minecraft.world.entity.LightningBolt
[12May2025 05:36:33.319] [main/DEBUG] [mixin/]: Mixing LightningBoltMixin from quark.mixins.json into net.minecraft.world.entity.LightningBolt
[12May2025 05:36:33.374] [main/DEBUG] [net.minecraftforge.coremod.transformer.CoreModBaseTransformer/COREMOD]: Transforming net/minecraft/world/entity/animal/frog/Tadpole
[12May2025 05:36:33.433] [main/DEBUG] [mixin/]: Mixing BlockItemMixin from moonlight-common.mixins.json into net.minecraft.world.item.BlockItem
[12May2025 05:36:33.434] [main/DEBUG] [mixin/]: Mixing BlockItemMixin from quark.mixins.json into net.minecraft.world.item.BlockItem
[12May2025 05:36:33.452] [main/DEBUG] [mixin/]: Mixing ElytraItemMixin from quark.mixins.json into net.minecraft.world.item.ElytraItem
[12May2025 05:36:33.464] [main/DEBUG] [mixin/]: Mixing BowMixin from supplementaries-common.mixins.json into net.minecraft.world.item.BowItem
[12May2025 05:36:33.465] [main/DEBUG] [mixin/]: Renaming synthetic method lambda$getAllSupportedProjectiles$0(Ljava/util/function/Predicate;Lnet/minecraft/world/item/ItemStack;)Z to md5e188f$lambda$getAllSupportedProjectiles$0$0 in supplementaries-common.mixins.json:BowMixin
[12May2025 05:36:33.473] [main/DEBUG] [mixin/]: Mixing RangedWeaponItemMixin from bettercombat.mixins.json into net.minecraft.world.item.ProjectileWeaponItem
[12May2025 05:36:33.474] [main/DEBUG] [mixin/]: Mixing ProjectileWeaponItemMixin from supplementaries-common.mixins.json into net.minecraft.world.item.ProjectileWeaponItem
[12May2025 05:36:33.487] [main/DEBUG] [mixin/]: Mixing DiggerItemMixin from quark.mixins.json into net.minecraft.world.item.DiggerItem
[12May2025 05:36:33.503] [main/DEBUG] [mixin/]: Mixing PaintingItemMixin from supplementaries-common.mixins.json into net.minecraft.world.item.HangingEntityItem
[12May2025 05:36:33.508] [main/DEBUG] [net.minecraftforge.coremod.transformer.CoreModBaseTransformer/COREMOD]: Transforming m_218868_ with desc ()Ljava/util/OptionalInt;
[12May2025 05:36:33.521] [main/DEBUG] [net.minecraftforge.coremod.transformer.CoreModBaseTransformer/COREMOD]: Transforming net/minecraft/world/item/BucketItem
[12May2025 05:36:33.526] [main/DEBUG] [mixin/]: Mixing MobBucketItemAccessor from supplementaries.mixins.json into net.minecraft.world.item.MobBucketItem
[12May2025 05:36:33.527] [main/DEBUG] [net.minecraftforge.coremod.transformer.CoreModBaseTransformer/COREMOD]: Transforming net/minecraft/world/item/BucketItem
[12May2025 05:36:33.533] [main/DEBUG] [mixin/]: Mixing InkSackMixin from supplementaries-common.mixins.json into net.minecraft.world.item.InkSacItem
[12May2025 05:36:33.537] [main/DEBUG] [mixin/]: Mixing BoneMealItemMixin from collective_forge.mixins.json into net.minecraft.world.item.BoneMealItem
[12May2025 05:36:33.542] [main/DEBUG] [net.minecraftforge.coremod.transformer.CoreModBaseTransformer/COREMOD]: Transforming m_7373_ with desc (Lnet/minecraft/world/item/ItemStack;Lnet/minecraft/world/level/Level;Ljava/util/List;Lnet/minecraft/world/item/TooltipFlag;)V
[12May2025 05:36:33.543] [main/DEBUG] [mixin/]: Mixing MapItemMixin from moonlight-common.mixins.json into net.minecraft.world.item.MapItem
[12May2025 05:36:33.544] [main/DEBUG] [mixin/]: Renaming synthetic method lambda$update$1(Lnet/minecraft/world/level/saveddata/maps/MapItemSavedData;Lnet/minecraft/world/entity/Entity;Ljava/util/concurrent/atomic/AtomicBoolean;Lnet/minecraft/resources/ResourceLocation;Lnet/mehvahdjukaar/moonlight/api/map/CustomMapData;)V to md5e188f$lambda$update$1$0 in moonlight-common.mixins.json:MapItemMixin
[12May2025 05:36:33.545] [main/DEBUG] [mixin/]: Renaming synthetic method lambda$appendHoverText$0(Lnet/minecraft/world/level/saveddata/maps/MapItemSavedData;Lnet/minecraft/world/item/ItemStack;Ljava/util/List;Lnet/minecraft/resources/ResourceLocation;Lnet/mehvahdjukaar/moonlight/api/map/CustomMapData;)V to md5e188f$lambda$appendHoverText$0$1 in moonlight-common.mixins.json:MapItemMixin
[12May2025 05:36:33.546] [main/DEBUG] [mixin/]: Mixing MapItemMixin from supplementaries-common.mixins.json into net.minecraft.world.item.MapItem
[12May2025 05:36:33.547] [main/DEBUG] [mixin/]: Renaming synthetic method lambda$updateCustomColor$3(Lorg/joml/Vector2i;)D to md5e188f$lambda$updateCustomColor$3$2 in supplementaries-common.mixins.json:MapItemMixin
[12May2025 05:36:33.547] [main/DEBUG] [mixin/]: Renaming synthetic method lambda$updateCustomColor$2(Lorg/joml/Vector2i;)D to md5e188f$lambda$updateCustomColor$2$3 in supplementaries-common.mixins.json:MapItemMixin
[12May2025 05:36:33.547] [main/DEBUG] [mixin/]: Renaming synthetic method lambda$removeXrayAndAddAccurateColor$1(Lnet/minecraft/core/BlockPos;Lorg/joml/Vector2i;)Lcom/mojang/datafixers/util/Pair; to md5e188f$lambda$removeXrayAndAddAccurateColor$1$4 in supplementaries-common.mixins.json:MapItemMixin
[12May2025 05:36:33.548] [main/DEBUG] [mixin/]: Renaming synthetic method lambda$removeXrayAndAddAccurateColor$0(Lorg/joml/Vector2i;)Ljava/util/List; to md5e188f$lambda$removeXrayAndAddAccurateColor$0$5 in supplementaries-common.mixins.json:MapItemMixin
[12May2025 05:36:33.583] [main/DEBUG] [mixin/]: Mixing ShearItemMixin from moonlight-common.mixins.json into net.minecraft.world.item.ShearsItem
[12May2025 05:36:33.584] [main/DEBUG] [mixin/]: Mixing MixinShearsItem from curios.mixins.json into net.minecraft.world.item.ShearsItem
[12May2025 05:36:33.592] [main/DEBUG] [net.minecraftforge.coremod.transformer.CoreModBaseTransformer/COREMOD]: Transforming m_7626_ with desc (Lnet/minecraft/world/item/ItemStack;)Lnet/minecraft/network/chat/Component;
[12May2025 05:36:33.610] [main/DEBUG] [mixin/]: Mixing CrossbowMultishotMixin from quark.mixins.json into net.minecraft.world.item.CrossbowItem
[12May2025 05:36:33.611] [main/DEBUG] [mixin/]: Mixing CrossbowItemRopeMixin from supplementaries-common.mixins.json into net.minecraft.world.item.CrossbowItem
[12May2025 05:36:33.616] [main/DEBUG] [mixin/]: Mixing BannerPatternItemMixin from supplementaries-common.mixins.json into net.minecraft.world.item.BannerPatternItem
[12May2025 05:36:33.620] [main/DEBUG] [mixin/]: Mixing BrushItemMixin from supplementaries-common.mixins.json into net.minecraft.world.item.BrushItem
[12May2025 05:36:33.658] [main/DEBUG] [mixin/]: Mixing AbstractMinecartMixin from botania_xplat.mixins.json into net.minecraft.world.entity.vehicle.AbstractMinecart
[12May2025 05:36:33.690] [main/DEBUG] [net.minecraftforge.coremod.transformer.CoreModBaseTransformer/COREMOD]: Transforming m_7088_ with desc ()Z
[12May2025 05:36:33.704] [main/DEBUG] [mixin/]: Mixing perf.dynamic_dfu.EntityTypeBuilderMixin from modernfix-common.mixins.json into net.minecraft.world.entity.EntityType$Builder
[12May2025 05:36:33.714] [main/DEBUG] [mixin/]: Mixing ArmorStandMixin from quark.mixins.json into net.minecraft.world.entity.decoration.ArmorStand
[12May2025 05:36:33.727] [main/DEBUG] [mixin/]: Mixing ExperienceOrbAccessor from botania_xplat.mixins.json into net.minecraft.world.entity.ExperienceOrb
[12May2025 05:36:33.727] [main/DEBUG] [mixin/]: Mixing ExperienceOrbMixin from quark.mixins.json into net.minecraft.world.entity.ExperienceOrb
[12May2025 05:36:33.733] [main/DEBUG] [mixin/]: Mixing perf.ticking_chunk_alloc.BatMixin from modernfix-common.mixins.json into net.minecraft.world.entity.ambient.Bat
[12May2025 05:36:33.746] [main/DEBUG] [mixin/]: Mixing BeeMixin from botania_xplat.mixins.json into net.minecraft.world.entity.animal.Bee
[12May2025 05:36:33.748] [main/DEBUG] [mixin/]: Mixing NeutralMobsMixin from crittersandcompanions.mixins.json into net.minecraft.world.entity.animal.Bee
[12May2025 05:36:33.757] [main/DEBUG] [mixin/]: Mixing TemptGoalMixin from quark.mixins.json into net.minecraft.world.entity.ai.goal.TemptGoal
[12May2025 05:36:33.760] [main/DEBUG] [mixin/]: Mixing PollinateGoalMixin from botania_xplat.mixins.json into net.minecraft.world.entity.animal.Bee$BeePollinateGoal
[12May2025 05:36:33.760] [main/DEBUG] [mixin/]: Renaming synthetic method lambda$extendPredicate$0(Lnet/minecraft/world/level/block/state/BlockState;)Z to md5e188f$lambda$extendPredicate$0$0 in botania_xplat.mixins.json:PollinateGoalMixin
[12May2025 05:36:33.764] [main/DEBUG] [mixin/]: Mixing BeeGoalMixin from moonlight-common.mixins.json into net.minecraft.world.entity.animal.Bee$BeeGrowCropGoal
[12May2025 05:36:33.768] [main/DEBUG] [mixin/]: Mixing HurtByTargetGoalAccessor from botania_xplat.mixins.json into net.minecraft.world.entity.ai.goal.target.HurtByTargetGoal
[12May2025 05:36:33.769] [main/DEBUG] [mixin/]: Mixing HurtByTargetGoalMixin from botania_xplat.mixins.json into net.minecraft.world.entity.ai.goal.target.HurtByTargetGoal
[12May2025 05:36:33.775] [main/DEBUG] [mixin/]: Mixing NearestAttackableTargetGoalAccessor from botania_xplat.mixins.json into net.minecraft.world.entity.ai.goal.target.NearestAttackableTargetGoal
[12May2025 05:36:33.777] [main/DEBUG] [mixin/]: Mixing NearestAttackableTargetGoalMixin from crittersandcompanions.mixins.json into net.minecraft.world.entity.ai.goal.target.NearestAttackableTargetGoal
[12May2025 05:36:33.777] [main/DEBUG] [mixin/]: Renaming synthetic method lambda$onInit$0(Lnet/minecraft/world/entity/Mob;Lnet/minecraft/world/entity/LivingEntity;)Z to md5e188f$lambda$onInit$0$0 in crittersandcompanions.mixins.json:NearestAttackableTargetGoalMixin
[12May2025 05:36:33.792] [main/DEBUG] [mixin/]: Mixing BoatMixin from quark.mixins.json into net.minecraft.world.entity.vehicle.Boat
[12May2025 05:36:33.801] [main/DEBUG] [mixin/]: Mixing AbstractHorseAccessor from botania_xplat.mixins.json into net.minecraft.world.entity.animal.horse.AbstractHorse
[12May2025 05:36:33.802] [main/DEBUG] [mixin/]: Mixing AbstractHorseMixin from supplementaries-common.mixins.json into net.minecraft.world.entity.animal.horse.AbstractHorse
[12May2025 05:36:33.827] [main/DEBUG] [mixin/]: Mixing CatMixin from crittersandcompanions.mixins.json into net.minecraft.world.entity.animal.Cat
[12May2025 05:36:33.842] [main/DEBUG] [mixin/]: Mixing MixinCatSitOnBlockGoal from lootr.mixins.json into net.minecraft.world.entity.ai.goal.CatSitOnBlockGoal
[12May2025 05:36:33.845] [main/DEBUG] [mixin/]: Mixing CatSitOnBlockGoalMixin from supplementaries-common.mixins.json into net.minecraft.world.entity.ai.goal.CatSitOnBlockGoal
[12May2025 05:36:33.852] [main/DEBUG] [net.minecraftforge.coremod.transformer.CoreModBaseTransformer/COREMOD]: Transforming net/minecraft/world/entity/monster/Spider
[12May2025 05:36:33.878] [main/DEBUG] [mixin/]: Mixing NeutralMobsMixin from crittersandcompanions.mixins.json into net.minecraft.world.entity.monster.Spider
[12May2025 05:36:33.882] [main/DEBUG] [mixin/]: Mixing SkeletonMixin from supplementaries-common.mixins.json into net.minecraft.world.entity.monster.Skeleton
[12May2025 05:36:33.894] [main/DEBUG] [mixin/]: Mixing AbstractSkeletonMixin from supplementaries-common.mixins.json into net.minecraft.world.entity.monster.AbstractSkeleton
[12May2025 05:36:33.916] [main/DEBUG] [mixin/]: Mixing ChickenMixin from blueprint.mixins.json into net.minecraft.world.entity.animal.Chicken
[12May2025 05:36:33.943] [main/DEBUG] [mixin/]: Mixing CreeperAccessor from botania_xplat.mixins.json into net.minecraft.world.entity.monster.Creeper
[12May2025 05:36:33.947] [main/DEBUG] [mixin/]: Mixing CreeperMixin from botania_xplat.mixins.json into net.minecraft.world.entity.monster.Creeper
[12May2025 05:36:33.948] [main/DEBUG] [mixin/]: Mixing CreeperMixin from supplementaries-common.mixins.json into net.minecraft.world.entity.monster.Creeper
[12May2025 05:36:33.987] [main/DEBUG] [mixin/]: Mixing accessor.AccessorAbstractChestedHorse from quark.mixins.json into net.minecraft.world.entity.animal.horse.AbstractChestedHorse
[12May2025 05:36:34.004] [main/DEBUG] [mixin/]: Mixing DrownedMixin from crittersandcompanions.mixins.json into net.minecraft.world.entity.monster.Drowned
[12May2025 05:36:34.018] [main/DEBUG] [net.minecraftforge.coremod.transformer.CoreModBaseTransformer/COREMOD]: Transforming net/minecraft/world/entity/monster/Zombie
[12May2025 05:36:34.204] [main/DEBUG] [net.minecraftforge.coremod.transformer.CoreModBaseTransformer/COREMOD]: Transforming net/minecraft/world/entity/monster/ZombieVillager
[12May2025 05:36:34.348] [main/DEBUG] [mixin/]: Mixing ThrowableProjectileMixin from botania_xplat.mixins.json into net.minecraft.world.entity.projectile.ThrowableProjectile
[12May2025 05:36:34.378] [main/DEBUG] [mixin/]: Mixing NeutralMobsMixin from crittersandcompanions.mixins.json into net.minecraft.world.entity.monster.EnderMan
[12May2025 05:36:34.380] [main/DEBUG] [mixin/]: Mixing EndermanMixin from supplementaries-common.mixins.json into net.minecraft.world.entity.monster.EnderMan
[12May2025 05:36:34.398] [main/DEBUG] [mixin/]: Mixing EvokerMixin from supplementaries-common.mixins.json into net.minecraft.world.entity.monster.Evoker
[12May2025 05:36:34.426] [main/DEBUG] [net.minecraftforge.coremod.transformer.CoreModBaseTransformer/COREMOD]: Transforming net/minecraft/world/entity/monster/Evoker$EvokerSummonSpellGoal
[12May2025 05:36:34.461] [main/DEBUG] [mixin/]: Mixing FixBlockPlaceContextMixin from moonlight-common.mixins.json into net.minecraft.world.item.context.BlockPlaceContext
[12May2025 05:36:34.490] [main/DEBUG] [net.minecraftforge.coremod.transformer.CoreModBaseTransformer/COREMOD]: Transforming m_218868_ with desc ()Ljava/util/OptionalInt;
[12May2025 05:36:34.521] [main/DEBUG] [mixin/]: Mixing NeutralMobsMixin from crittersandcompanions.mixins.json into net.minecraft.world.entity.animal.horse.Llama
[12May2025 05:36:34.530] [main/DEBUG] [mixin/]: Mixing SlimeMixin from quark.mixins.json into net.minecraft.world.entity.monster.Slime
[12May2025 05:36:34.531] [main/DEBUG] [mixin/]: Mixing SlimeMixin from supplementaries-common.mixins.json into net.minecraft.world.entity.monster.Slime
[12May2025 05:36:34.540] [main/DEBUG] [mixin/]: Mixing MushroomCowAccessor from botania_xplat.mixins.json into net.minecraft.world.entity.animal.MushroomCow
[12May2025 05:36:34.545] [main/DEBUG] [mixin/]: Mixing OcelotMixin from crittersandcompanions.mixins.json into net.minecraft.world.entity.animal.Ocelot
[12May2025 05:36:34.569] [main/DEBUG] [mixin/]: Mixing PigMixin from quark.mixins.json into net.minecraft.world.entity.animal.Pig
[12May2025 05:36:34.573] [main/DEBUG] [mixin/]: Mixing ZombifiedPiglinMixin from crittersandcompanions.mixins.json into net.minecraft.world.entity.monster.ZombifiedPiglin
[12May2025 05:36:34.573] [main/DEBUG] [mixin/]: Renaming synthetic method lambda$onAddBehaviourGoals$0(Lnet/minecraft/world/entity/LivingEntity;)Z to md5e188f$lambda$onAddBehaviourGoals$0$0 in crittersandcompanions.mixins.json:ZombifiedPiglinMixin
[12May2025 05:36:34.586] [main/DEBUG] [mixin/]: Mixing NeutralMobsMixin from crittersandcompanions.mixins.json into net.minecraft.world.entity.animal.PolarBear
[12May2025 05:36:34.592] [main/DEBUG] [mixin/]: Mixing ThrownPotionMixin from moonlight-common.mixins.json into net.minecraft.world.entity.projectile.ThrownPotion
[12May2025 05:36:34.601] [main/DEBUG] [mixin/]: Mixing RabbitMixin from blueprint.mixins.json into net.minecraft.world.entity.animal.Rabbit
[12May2025 05:36:34.630] [main/DEBUG] [mixin/]: Mixing SkellyHorseMixin from supplementaries-common.mixins.json into net.minecraft.world.entity.animal.horse.SkeletonHorse
[12May2025 05:36:34.632] [main/DEBUG] [mixin/]: Renaming synthetic method lambda$tick$0(Ljava/lang/Integer;)V to md5e188f$lambda$tick$0$0 in supplementaries-common.mixins.json:SkellyHorseMixin
[12May2025 05:36:34.643] [main/DEBUG] [net.minecraftforge.coremod.transformer.CoreModBaseTransformer/COREMOD]: Transforming net/minecraft/world/entity/animal/horse/SkeletonTrapGoal
[12May2025 05:36:34.668] [main/DEBUG] [mixin/]: Mixing BaseSpawnerMixin from botania_xplat.mixins.json into net.minecraft.world.level.BaseSpawner
[12May2025 05:36:34.676] [main/DEBUG] [mixin/]: Mixing StrayMixin from supplementaries-common.mixins.json into net.minecraft.world.entity.monster.Stray
[12May2025 05:36:34.685] [main/DEBUG] [net.minecraftforge.coremod.transformer.CoreModBaseTransformer/COREMOD]: Transforming net/minecraft/world/entity/monster/Strider
[12May2025 05:36:34.787] [main/DEBUG] [net.minecraftforge.coremod.transformer.CoreModBaseTransformer/COREMOD]: Transforming net/minecraft/server/level/ServerPlayer
[12May2025 05:36:34.787] [main/DEBUG] [net.minecraftforge.coremod.transformer.CoreModBaseTransformer/COREMOD]: Transforming net/minecraft/server/level/ServerPlayer
[12May2025 05:36:34.788] [main/DEBUG] [mixin/]: Mixing ServerPlayerEntityTickMixin from yungsapi.mixins.json into net.minecraft.server.level.ServerPlayer
[12May2025 05:36:34.791] [main/DEBUG] [mixin/]: Mixing MixinServerPlayer from glitchcore.forge.mixins.json into net.minecraft.server.level.ServerPlayer
[12May2025 05:36:34.791] [main/DEBUG] [mixin/]: Mixing ServerPlayerMixin from moonlight-common.mixins.json into net.minecraft.server.level.ServerPlayer
[12May2025 05:36:34.791] [main/DEBUG] [mixin/]: Mixing ServerPlayerMixin from botania_xplat.mixins.json into net.minecraft.server.level.ServerPlayer
[12May2025 05:36:34.823] [main/DEBUG] [mixin/]: Mixing TemptingSensorMixin from quark.mixins.json into net.minecraft.world.entity.ai.sensing.TemptingSensor
[12May2025 05:36:34.824] [main/DEBUG] [mixin/]: Mixing accessor.AccessorTemptingSensor from quark.mixins.json into net.minecraft.world.entity.ai.sensing.TemptingSensor
[12May2025 05:36:34.839] [main/DEBUG] [mixin/]: Mixing perf.ticking_chunk_alloc.ChunkAccessMixin from modernfix-common.mixins.json into net.minecraft.world.level.chunk.ChunkAccess
[12May2025 05:36:34.847] [main/DEBUG] [net.minecraftforge.coremod.transformer.CoreModBaseTransformer/COREMOD]: Transforming net/minecraft/world/level/chunk/LevelChunk
[12May2025 05:36:34.848] [main/DEBUG] [net.minecraftforge.coremod.transformer.CoreModBaseTransformer/COREMOD]: Transforming net/minecraft/world/level/chunk/LevelChunk
[12May2025 05:36:34.848] [main/DEBUG] [mixin/]: Mixing LevelChunkMixin from moonlight-common.mixins.json into net.minecraft.world.level.chunk.LevelChunk
[12May2025 05:36:34.849] [main/DEBUG] [mixin/]: Mixing MixinLevelChunk from lootr.mixins.json into net.minecraft.world.level.chunk.LevelChunk
[12May2025 05:36:34.874] [main/DEBUG] [mixin/]: Mixing NeutralMobsMixin from crittersandcompanions.mixins.json into net.minecraft.world.entity.monster.Vex
[12May2025 05:36:34.883] [main/DEBUG] [net.minecraftforge.coremod.transformer.CoreModBaseTransformer/COREMOD]: Transforming net/minecraft/world/entity/npc/Villager
[12May2025 05:36:35.009] [main/DEBUG] [mixin/]: Mixing VillagerMixin from moonlight-common.mixins.json into net.minecraft.world.entity.npc.Villager
[12May2025 05:36:35.015] [main/DEBUG] [mixin/]: Mixing VillagerMixin from quark.mixins.json into net.minecraft.world.entity.npc.Villager
[12May2025 05:36:35.032] [main/DEBUG] [mixin/]: Mixing AbstractVillagerMixin from quark.mixins.json into net.minecraft.world.entity.npc.AbstractVillager
[12May2025 05:36:35.041] [main/DEBUG] [mixin/]: Mixing MerchantMenuMixin from quark.mixins.json into net.minecraft.world.inventory.MerchantMenu
[12May2025 05:36:35.051] [main/DEBUG] [mixin/]: Mixing WanderingTraderMixin from supplementaries-common.mixins.json into net.minecraft.world.entity.npc.WanderingTrader
[12May2025 05:36:35.064] [main/DEBUG] [mixin/]: Mixing NeutralMobsMixin from crittersandcompanions.mixins.json into net.minecraft.world.entity.animal.Wolf
[12May2025 05:36:35.076] [main/DEBUG] [mixin/]: Mixing ZombieHorseMixin from supplementaries-common.mixins.json into net.minecraft.world.entity.animal.horse.ZombieHorse
[12May2025 05:36:35.109] [main/DEBUG] [mixin/]: Mixing IngredientMixin from zeta_forge.mixins.json into net.minecraft.world.item.crafting.Ingredient
[12May2025 05:36:35.119] [main/DEBUG] [net.minecraftforge.coremod.transformer.CoreModBaseTransformer/COREMOD]: Transforming net/minecraft/world/effect/MobEffectInstance
[12May2025 05:36:35.154] [main/DEBUG] [mixin/]: Mixing bugfix.forge_vehicle_packets.ServerGamePacketListenerImplMixin from modernfix-forge.mixins.json into net.minecraft.server.network.ServerGamePacketListenerImpl
[12May2025 05:36:35.155] [main/DEBUG] [mixin/]: Mixing ServerPlayNetworkHandlerMixin from bettercombat.mixins.json into net.minecraft.server.network.ServerGamePacketListenerImpl
[12May2025 05:36:35.156] [main/DEBUG] [mixin/]: Mixing accessors.ServerPlayNetHandlerAccess from immersiveengineering.mixins.json into net.minecraft.server.network.ServerGamePacketListenerImpl
[12May2025 05:36:35.156] [main/DEBUG] [mixin/]: Mixing ServerGamePacketListenerMixin from supplementaries-common.mixins.json into net.minecraft.server.network.ServerGamePacketListenerImpl
[12May2025 05:36:35.156] [main/DEBUG] [mixin/]: Renaming synthetic method lambda$addAntiqueInk$0(Ljava/util/function/UnaryOperator;Ljava/lang/String;)Ljava/lang/String; to md5e188f$lambda$addAntiqueInk$0$0 in supplementaries-common.mixins.json:ServerGamePacketListenerMixin
[12May2025 05:36:35.182] [main/DEBUG] [mixin/]: Mixing accessor.PotionBrewingAccessor from yungsapi.mixins.json into net.minecraft.world.item.alchemy.PotionBrewing
[12May2025 05:36:35.182] [main/DEBUG] [mixin/]: Renaming @Invoker method callAddMix(Lnet/minecraft/world/item/alchemy/Potion;Lnet/minecraft/world/item/Item;Lnet/minecraft/world/item/alchemy/Potion;)V to callAddMix_$md$5e188f$0 in yungsapi.mixins.json:accessor.PotionBrewingAccessor
[12May2025 05:36:35.183] [main/DEBUG] [mixin/]: Mixing accessors.PotionBrewingAccess from immersiveengineering.mixins.json into net.minecraft.world.item.alchemy.PotionBrewing
[12May2025 05:36:35.183] [main/DEBUG] [mixin/]: Renaming @Accessor method getConversions()Ljava/util/List; to getConversions_$md$5e188f$1 in immersiveengineering.mixins.json:accessors.PotionBrewingAccess
[12May2025 05:36:35.183] [main/DEBUG] [mixin/]: Mixing AccessorPotionBrewing from zeta_forge.mixins.json into net.minecraft.world.item.alchemy.PotionBrewing
[12May2025 05:36:35.184] [main/DEBUG] [mixin/]: Renaming @Accessor method zeta$getPotionMixes()Ljava/util/List; to zeta$getPotionMixes_$md$5e188f$2 in zeta_forge.mixins.json:AccessorPotionBrewing
[12May2025 05:36:35.192] [main/DEBUG] [mixin/]: Mixing perf.nbt_memory_usage.CompoundTagMixin from modernfix-common.mixins.json into net.minecraft.nbt.CompoundTag
[12May2025 05:36:35.197] [main/DEBUG] [mixin/]: Mixing perf.nbt_memory_usage.CompoundTag1Mixin from modernfix-common.mixins.json into net.minecraft.nbt.CompoundTag$1
[12May2025 05:36:35.225] [main/DEBUG] [mixin/]: Mixing AbstractProjectileBehaviorAccessor from supplementaries-common.mixins.json into net.minecraft.core.dispenser.AbstractProjectileDispenseBehavior
[12May2025 05:36:35.244] [main/DEBUG] [mixin/]: Mixing ProtectionEnchantmentMixin from botania_xplat.mixins.json into net.minecraft.world.item.enchantment.ProtectionEnchantment
[12May2025 05:36:35.251] [main/DEBUG] [mixin/]: Mixing DamageEnchantmentMixin from quark.mixins.json into net.minecraft.world.item.enchantment.DamageEnchantment
[12May2025 05:36:35.255] [main/DEBUG] [mixin/]: Mixing SweepingEnchantmentMixin from bettercombat.mixins.json into net.minecraft.world.item.enchantment.SweepingEdgeEnchantment
[12May2025 05:36:35.258] [main/DEBUG] [mixin/]: Mixing UnbreakingMixin from ae2.mixins.json into net.minecraft.world.item.enchantment.DigDurabilityEnchantment
[12May2025 05:36:35.259] [main/DEBUG] [mixin/]: ae2.mixins.json:UnbreakingMixin: Class version 61 required is higher than the class version supported by the current version of Mixin (JAVA_11 supports class version 55)
[12May2025 05:36:35.264] [main/DEBUG] [mixin/]: Mixing ArrowPiercingEnchantmentMixin from quark.mixins.json into net.minecraft.world.item.enchantment.ArrowPiercingEnchantment
[12May2025 05:36:35.286] [main/DEBUG] [mixin/]: Mixing structures.StructureProcessorAccessor from mvs-common.mixins.json into net.minecraft.world.level.levelgen.structure.templatesystem.StructureProcessor
[12May2025 05:36:35.301] [main/DEBUG] [mixin/]: Mixing StatsAccessor from botania_xplat.mixins.json into net.minecraft.stats.Stats
[12May2025 05:36:35.302] [main/DEBUG] [mixin/]: Renaming @Invoker method botania_callRegisterCustom(Ljava/lang/String;Lnet/minecraft/stats/StatFormatter;)Lnet/minecraft/resources/ResourceLocation; to botania_callRegisterCustom_$md$5e188f$0 in botania_xplat.mixins.json:StatsAccessor
[12May2025 05:36:35.325] [main/DEBUG] [mixin/]: Mixing perf.dynamic_structure_manager.StructureManagerMixin from modernfix-common.mixins.json into net.minecraft.world.level.levelgen.structure.templatesystem.StructureTemplateManager
[12May2025 05:36:35.326] [main/DEBUG] [mixin/]: Mixing perf.cache_upgraded_structures.StructureManagerMixin from modernfix-common.mixins.json into net.minecraft.world.level.levelgen.structure.templatesystem.StructureTemplateManager
[12May2025 05:36:35.328] [main/DEBUG] [mixin/]: Mixing structures.StructureTemplateManagerAccessor from mvs-common.mixins.json into net.minecraft.world.level.levelgen.structure.templatesystem.StructureTemplateManager
[12May2025 05:36:35.334] [main/DEBUG] [mixin/]: Mixing DisableVanillaFortressesMixin from betterfortresses.mixins.json into net.minecraft.world.level.chunk.ChunkGenerator
[12May2025 05:36:35.362] [main/DEBUG] [mixin/]: Mixing InventoryMixin from moonlight-common.mixins.json into net.minecraft.world.entity.player.Inventory
[12May2025 05:36:35.363] [main/DEBUG] [mixin/]: Mixing InventoryAccessor from botania_xplat.mixins.json into net.minecraft.world.entity.player.Inventory
[12May2025 05:36:35.374] [main/DEBUG] [mixin/]: Mixing SlotAccessor from balm.mixins.json into net.minecraft.world.inventory.Slot
[12May2025 05:36:35.385] [main/DEBUG] [mixin/]: Mixing GrindstoneInputSlotMixin from supplementaries-common.mixins.json into net.minecraft.world.inventory.GrindstoneMenu$2
[12May2025 05:36:35.387] [main/DEBUG] [mixin/]: Mixing GrindstoneMenuSlotMixin from moonlight-common.mixins.json into net.minecraft.world.inventory.GrindstoneMenu$4
[12May2025 05:36:35.389] [main/DEBUG] [mixin/]: Mixing GrindstoneTestSlotMixin from supplementaries-common.mixins.json into net.minecraft.world.inventory.GrindstoneMenu$4
[12May2025 05:36:35.393] [main/DEBUG] [mixin/]: Mixing LoomInputSlotMixin from supplementaries-common.mixins.json into net.minecraft.world.inventory.LoomMenu$3
[12May2025 05:36:35.394] [main/DEBUG] [mixin/]: Mixing LoomMenuPatternSlotMixin from botania_xplat.mixins.json into net.minecraft.world.inventory.LoomMenu$5
[12May2025 05:36:35.399] [main/DEBUG] [mixin/]: Mixing CartographyTableInputSlotMixin from supplementaries-common.mixins.json into net.minecraft.world.inventory.CartographyTableMenu$4
[12May2025 05:36:35.408] [main/DEBUG] [mixin/]: Mixing MapExtendingRecipeMixin from moonlight-common.mixins.json into net.minecraft.world.item.crafting.MapExtendingRecipe
[12May2025 05:36:35.419] [main/DEBUG] [mixin/]: Mixing BannerDuplicateRecipeMixin from quark.mixins.json into net.minecraft.world.item.crafting.BannerDuplicateRecipe
[12May2025 05:36:35.580] [main/DEBUG] [mixin/]: Mixing EnchantRandomlyFunctionMixin from quark.mixins.json into net.minecraft.world.level.storage.loot.functions.EnchantRandomlyFunction
[12May2025 05:36:35.590] [main/DEBUG] [mixin/]: Mixing ExplorationMapSerializerMixin from supplementaries-common.mixins.json into net.minecraft.world.level.storage.loot.functions.ExplorationMapFunction$Serializer
[12May2025 05:36:35.605] [main/DEBUG] [mixin/]: Mixing ExplorationMapFunctionMixin from supplementaries-common.mixins.json into net.minecraft.world.level.storage.loot.functions.ExplorationMapFunction
[12May2025 05:36:35.620] [main/DEBUG] [mixin/]: Mixing MixinApplyBonusCount from curios.mixins.json into net.minecraft.world.level.storage.loot.functions.ApplyBonusCount
[12May2025 05:36:35.787] [main/DEBUG] [mixin/]: Mixing SpringFeatureMixin from quark.mixins.json into net.minecraft.world.level.levelgen.feature.SpringFeature
[12May2025 05:36:35.799] [main/DEBUG] [mixin/]: Mixing HugeRedMushroomFeatureMixin from quark.mixins.json into net.minecraft.world.level.levelgen.feature.HugeRedMushroomFeature
[12May2025 05:36:35.806] [main/DEBUG] [mixin/]: Mixing HugeBrownMushroomFeatureMixin from quark.mixins.json into net.minecraft.world.level.levelgen.feature.HugeBrownMushroomFeature
[12May2025 05:36:35.825] [main/DEBUG] [mixin/]: Mixing NoBasaltColumnsInStructuresMixin from betterfortresses.mixins.json into net.minecraft.world.level.levelgen.feature.BasaltColumnsFeature
[12May2025 05:36:35.833] [main/DEBUG] [mixin/]: Mixing NoDeltasInStructuresMixin from betterfortresses.mixins.json into net.minecraft.world.level.levelgen.feature.DeltaFeature
[12May2025 05:36:35.854] [main/DEBUG] [mixin/]: Mixing common.PlacedFeatureAccessor from lithostitched.mixins.json into net.minecraft.world.level.levelgen.placement.PlacedFeature
[12May2025 05:36:35.868] [main/DEBUG] [mixin/]: Mixing common.StructureProcessorListAccessor from lithostitched.mixins.json into net.minecraft.world.level.levelgen.structure.templatesystem.StructureProcessorList
[12May2025 05:36:35.954] [main/DEBUG] [mixin/]: Mixing common.StructureSetAccessor from lithostitched.mixins.json into net.minecraft.world.level.levelgen.structure.StructureSet
[12May2025 05:36:35.957] [main/DEBUG] [net.minecraftforge.coremod.transformer.CoreModBaseTransformer/COREMOD]: Transforming net/minecraft/world/level/levelgen/structure/Structure
[12May2025 05:36:35.958] [main/DEBUG] [mixin/]: Mixing StructuresMixin from mixins.unusualend.json into net.minecraft.world.level.levelgen.structure.Structure
[12May2025 05:36:35.969] [main/DEBUG] [mixin/]: Mixing StructurePieceMixin from blueprint.mixins.json into net.minecraft.world.level.levelgen.structure.StructurePiece
[12May2025 05:36:35.970] [main/DEBUG] [mixin/]: Mixing StructurePieceMixin from zeta.mixins.json into net.minecraft.world.level.levelgen.structure.StructurePiece
[12May2025 05:36:35.971] [main/DEBUG] [mixin/]: Mixing structures.StructurePieceAccessor from mvs-common.mixins.json into net.minecraft.world.level.levelgen.structure.StructurePiece
[12May2025 05:36:35.977] [main/DEBUG] [mixin/]: Mixing MineshaftCorridorMixin from supplementaries-common.mixins.json into net.minecraft.world.level.levelgen.structure.structures.MineshaftPieces$MineShaftCorridor
[12May2025 05:36:35.989] [main/DEBUG] [mixin/]: Mixing NetherFortressPiecesMixin$CastleEntranceMixin from quark.mixins.json into net.minecraft.world.level.levelgen.structure.structures.NetherFortressPieces$CastleEntrance
[12May2025 05:36:36.005] [main/DEBUG] [mixin/]: Mixing StrongholdCrossingSconceMixin from supplementaries-common.mixins.json into net.minecraft.world.level.levelgen.structure.structures.StrongholdPieces$FiveCrossing
[12May2025 05:36:36.015] [main/DEBUG] [mixin/]: Mixing StrongholdRoomSconceMixin from supplementaries-common.mixins.json into net.minecraft.world.level.levelgen.structure.structures.StrongholdPieces$RoomCrossing
[12May2025 05:36:36.029] [main/DEBUG] [net.minecraftforge.coremod.transformer.CoreModBaseTransformer/COREMOD]: Transforming net/minecraft/world/level/levelgen/structure/structures/OceanRuinPieces$OceanRuinPiece
[12May2025 05:36:36.061] [main/DEBUG] [net.minecraftforge.coremod.transformer.CoreModBaseTransformer/COREMOD]: Transforming net/minecraft/world/level/levelgen/structure/structures/SwampHutPiece
[12May2025 05:36:36.090] [main/DEBUG] [net.minecraftforge.coremod.transformer.CoreModBaseTransformer/COREMOD]: Transforming net/minecraft/world/level/levelgen/structure/structures/OceanMonumentPieces$OceanMonumentPiece
[12May2025 05:36:36.114] [main/DEBUG] [mixin/]: Mixing MixinEndCityPieces$EndCityPiece from lootr.mixins.json into net.minecraft.world.level.levelgen.structure.structures.EndCityPieces$EndCityPiece
[12May2025 05:36:36.119] [main/DEBUG] [net.minecraftforge.coremod.transformer.CoreModBaseTransformer/COREMOD]: Transforming net/minecraft/world/level/levelgen/structure/structures/WoodlandMansionPieces$WoodlandMansionPiece
[12May2025 05:36:36.150] [main/DEBUG] [mixin/]: Mixing common.ShipwreckPieceMixin from lithostitched.mixins.json into net.minecraft.world.level.levelgen.structure.structures.ShipwreckPieces$ShipwreckPiece
[12May2025 05:36:36.155] [main/DEBUG] [mixin/]: Mixing structures.PoolElementStructurePieceAccessor from mvs-common.mixins.json into net.minecraft.world.level.levelgen.structure.PoolElementStructurePiece
[12May2025 05:36:36.170] [main/DEBUG] [mixin/]: Mixing common.JigsawStructureMixin from lithostitched.mixins.json into net.minecraft.world.level.levelgen.structure.structures.JigsawStructure
[12May2025 05:36:36.176] [main/DEBUG] [mixin/]: Mixing common.StructureTemplatePoolAccessor from lithostitched.mixins.json into net.minecraft.world.level.levelgen.structure.pools.StructureTemplatePool
[12May2025 05:36:36.176] [main/DEBUG] [mixin/]: Mixing common.StructureTemplatePoolMixin from lithostitched.mixins.json into net.minecraft.world.level.levelgen.structure.pools.StructureTemplatePool
[12May2025 05:36:36.176] [main/DEBUG] [mixin/]: Renaming synthetic method lambda$compileRawTemplates$0(Lcom/mojang/datafixers/util/Pair;)V to md5e188f$lambda$compileRawTemplates$0$0 in lithostitched.mixins.json:common.StructureTemplatePoolMixin
[12May2025 05:36:36.177] [main/DEBUG] [mixin/]: Mixing StructureTemplatePoolAccessor from waystones.mixins.json into net.minecraft.world.level.levelgen.structure.pools.StructureTemplatePool
[12May2025 05:36:36.177] [main/DEBUG] [mixin/]: Mixing accessor.StructureTemplatePoolAccessor from yungsapi.mixins.json into net.minecraft.world.level.levelgen.structure.pools.StructureTemplatePool
[12May2025 05:36:36.178] [main/DEBUG] [mixin/]: Mixing IncreaseStructureWeightLimitMixinForge from yungsapi_forge.mixins.json into net.minecraft.world.level.levelgen.structure.pools.StructureTemplatePool
[12May2025 05:36:36.178] [main/DEBUG] [mixin/]: Mixing accessors.TemplatePoolAccess from immersiveengineering.mixins.json into net.minecraft.world.level.levelgen.structure.pools.StructureTemplatePool
[12May2025 05:36:36.178] [main/DEBUG] [mixin/]: Mixing structures.StructurePoolAccessor from mvs-common.mixins.json into net.minecraft.world.level.levelgen.structure.pools.StructureTemplatePool
[12May2025 05:36:36.178] [main/DEBUG] [mixin/]: Renaming @Accessor method getCODEC_REFERENCE()Lorg/apache/commons/lang3/mutable/MutableObject; to getCODEC_REFERENCE_$md$5e188f$1 in mvs-common.mixins.json:structures.StructurePoolAccessor
[12May2025 05:36:36.180] [main/DEBUG] [mixin/]: Unexpected: Registered method getRawTemplates()Ljava/util/List; in net.minecraft.world.level.levelgen.structure.pools.StructureTemplatePool was not merged
[12May2025 05:36:36.180] [main/DEBUG] [mixin/]: Unexpected: Registered method setRawTemplates(Ljava/util/List;)V in net.minecraft.world.level.levelgen.structure.pools.StructureTemplatePool was not merged
[12May2025 05:36:36.180] [main/DEBUG] [mixin/]: Unexpected: Registered method getTemplates()Lit/unimi/dsi/fastutil/objects/ObjectArrayList; in net.minecraft.world.level.levelgen.structure.pools.StructureTemplatePool was not merged
[12May2025 05:36:36.181] [main/DEBUG] [mixin/]: Unexpected: Registered method setRawTemplates(Ljava/util/List;)V in net.minecraft.world.level.levelgen.structure.pools.StructureTemplatePool was not merged
[12May2025 05:36:36.181] [main/DEBUG] [mixin/]: Unexpected: Registered method getRawTemplates()Ljava/util/List; in net.minecraft.world.level.levelgen.structure.pools.StructureTemplatePool was not merged
[12May2025 05:36:36.181] [main/DEBUG] [mixin/]: Unexpected: Registered method getRawTemplates()Ljava/util/List; in net.minecraft.world.level.levelgen.structure.pools.StructureTemplatePool was not merged
[12May2025 05:36:36.219] [main/DEBUG] [mixin/]: Mixing PlacementContextMixin from botania_xplat.mixins.json into net.minecraft.world.level.levelgen.placement.PlacementContext
[12May2025 05:36:36.278] [main/DEBUG] [mixin/]: Mixing MixinBiomeSource from terrablender.mixins.json into net.minecraft.world.level.biome.BiomeSource
[12May2025 05:36:36.279] [main/DEBUG] [mixin/]: Renaming synthetic method lambda$appendDeferredBiomesList$0(Lcom/google/common/collect/ImmutableList;)Ljava/util/Set; to md5e188f$lambda$appendDeferredBiomesList$0$0 in terrablender.mixins.json:MixinBiomeSource
[12May2025 05:36:36.290] [main/DEBUG] [net.minecraftforge.coremod.transformer.CoreModBaseTransformer/COREMOD]: Transforming net/minecraft/world/level/biome/Biome
[12May2025 05:36:36.290] [main/DEBUG] [mixin/]: Mixing perf.remove_biome_temperature_cache.BiomeMixin from modernfix-common.mixins.json into net.minecraft.world.level.biome.Biome
[12May2025 05:36:36.291] [main/DEBUG] [mixin/]: Mixing BiomeAccessor from botania_xplat.mixins.json into net.minecraft.world.level.biome.Biome
[12May2025 05:36:36.356] [main/DEBUG] [mixin/]: Mixing MixinMultiNoiseBiomeSource from terrablender.mixins.json into net.minecraft.world.level.biome.MultiNoiseBiomeSource
[12May2025 05:36:36.360] [main/DEBUG] [mixin/]: Mixing MixinParameterList from terrablender.mixins.json into net.minecraft.world.level.biome.Climate$ParameterList
[12May2025 05:36:36.361] [main/DEBUG] [mixin/]: Renaming synthetic method lambda$initializeForTerraBlender$0(Lnet/minecraft/core/Registry;Lcom/google/common/collect/ImmutableList$Builder;Lcom/mojang/datafixers/util/Pair;)V to md5e188f$lambda$initializeForTerraBlender$0$0 in terrablender.mixins.json:MixinParameterList
[12May2025 05:36:36.371] [main/DEBUG] [mixin/]: Mixing ClimateParameterPointMixin from quark.mixins.json into net.minecraft.world.level.biome.Climate$ParameterPoint
[12May2025 05:36:36.398] [main/DEBUG] [mixin/]: Mixing common.NoiseGeneratorSettingsAccessor from lithostitched.mixins.json into net.minecraft.world.level.levelgen.NoiseGeneratorSettings
[12May2025 05:36:36.399] [main/DEBUG] [mixin/]: Mixing NoiseGeneratorSettingsMixin from blueprint.mixins.json into net.minecraft.world.level.levelgen.NoiseGeneratorSettings
[12May2025 05:36:36.399] [main/DEBUG] [mixin/]: Mixing MixinNoiseGeneratorSettings from terrablender.mixins.json into net.minecraft.world.level.levelgen.NoiseGeneratorSettings
[12May2025 05:36:36.493] [main/DEBUG] [mixin/]: Mixing common.SinglePoolElementAccessor from lithostitched.mixins.json into net.minecraft.world.level.levelgen.structure.pools.SinglePoolElement
[12May2025 05:36:36.494] [main/DEBUG] [mixin/]: Mixing SinglePoolElementMixin from waystones.mixins.json into net.minecraft.world.level.levelgen.structure.pools.SinglePoolElement
[12May2025 05:36:36.494] [main/DEBUG] [mixin/]: Renaming synthetic method lambda$waystones$isWaystone$1(Lnet/minecraft/world/level/levelgen/structure/templatesystem/StructureTemplate;)V to md5e188f$lambda$waystones$isWaystone$1$0 in waystones.mixins.json:SinglePoolElementMixin
[12May2025 05:36:36.494] [main/DEBUG] [mixin/]: Renaming synthetic method lambda$waystones$isWaystone$0(Lnet/minecraft/resources/ResourceLocation;)V to md5e188f$lambda$waystones$isWaystone$0$1 in waystones.mixins.json:SinglePoolElementMixin
[12May2025 05:36:36.496] [main/DEBUG] [mixin/]: Mixing accessor.SinglePoolElementAccessor from yungsapi.mixins.json into net.minecraft.world.level.levelgen.structure.pools.SinglePoolElement
[12May2025 05:36:36.496] [main/DEBUG] [mixin/]: Mixing structures.SinglePoolElementAccessor from mvs-common.mixins.json into net.minecraft.world.level.levelgen.structure.pools.SinglePoolElement
[12May2025 05:36:36.499] [main/DEBUG] [mixin/]: Unexpected: Registered method callGetTemplate(Lnet/minecraft/world/level/levelgen/structure/templatesystem/StructureTemplateManager;)Lnet/minecraft/world/level/levelgen/structure/templatesystem/StructureTemplate; in net.minecraft.world.level.levelgen.structure.pools.SinglePoolElement was not merged
[12May2025 05:36:36.499] [main/DEBUG] [mixin/]: Unexpected: Registered method getTemplate()Lcom/mojang/datafixers/util/Either; in net.minecraft.world.level.levelgen.structure.pools.SinglePoolElement was not merged
[12May2025 05:36:36.509] [main/DEBUG] [mixin/]: Mixing accessor.ListPoolElementAccessor from yungsapi.mixins.json into net.minecraft.world.level.levelgen.structure.pools.ListPoolElement
[12May2025 05:36:36.509] [main/DEBUG] [mixin/]: Mixing structures.ListPoolElementAccessor from mvs-common.mixins.json into net.minecraft.world.level.levelgen.structure.pools.ListPoolElement
[12May2025 05:36:36.513] [main/DEBUG] [mixin/]: Mixing accessor.FeaturePoolElementAccessor from yungsapi.mixins.json into net.minecraft.world.level.levelgen.structure.pools.FeaturePoolElement
[12May2025 05:36:36.689] [main/DEBUG] [mixin/]: Mixing accessor.CriteriaTriggersAccessor from yungsapi.mixins.json into net.minecraft.advancements.CriteriaTriggers
[12May2025 05:36:36.689] [main/DEBUG] [mixin/]: Renaming @Accessor method getValues()Ljava/util/Map; to getValues_$md$5e188f$0 in yungsapi.mixins.json:accessor.CriteriaTriggersAccessor
[12May2025 05:36:36.689] [main/DEBUG] [mixin/]: Mixing CriteriaTriggersAccessor from botania_xplat.mixins.json into net.minecraft.advancements.CriteriaTriggers
[12May2025 05:36:36.689] [main/DEBUG] [mixin/]: Renaming @Invoker method botania_register(Lnet/minecraft/advancements/CriterionTrigger;)Lnet/minecraft/advancements/CriterionTrigger; to botania_register_$md$5e188f$1 in botania_xplat.mixins.json:CriteriaTriggersAccessor
[12May2025 05:36:37.066] [main/DEBUG] [net.minecraftforge.common.ForgeI18n/CORE]: Loading I18N data entries: 6430
[12May2025 05:36:37.083] [main/DEBUG] [net.minecraftforge.fml.ModWorkManager/LOADING]: Using 2 threads for parallel mod-loading
[12May2025 05:36:37.089] [main/DEBUG] [net.minecraftforge.fml.javafmlmod.FMLJavaModLanguageProvider/LOADING]: Loading FMLModContainer from classloader cpw.mods.modlauncher.TransformingClassLoader@58c42c8c - got cpw.mods.cl.ModuleClassLoader@78c1a023
[12May2025 05:36:37.090] [main/DEBUG] [net.minecraftforge.fml.javafmlmod.FMLModContainer/LOADING]: Creating FMLModContainer instance for net.blay09.mods.kuma.forge.ForgeKumaAPI
[12May2025 05:36:37.092] [main/DEBUG] [net.minecraftforge.fml.javafmlmod.FMLJavaModLanguageProvider/LOADING]: Loading FMLModContainer from classloader cpw.mods.modlauncher.TransformingClassLoader@58c42c8c - got cpw.mods.cl.ModuleClassLoader@78c1a023
[12May2025 05:36:37.092] [main/DEBUG] [net.minecraftforge.fml.javafmlmod.FMLModContainer/LOADING]: Creating FMLModContainer instance for net.travis.furnitura.FurnituraMod
[12May2025 05:36:37.092] [main/DEBUG] [net.minecraftforge.fml.javafmlmod.FMLJavaModLanguageProvider/LOADING]: Loading FMLModContainer from classloader cpw.mods.modlauncher.TransformingClassLoader@58c42c8c - got cpw.mods.cl.ModuleClassLoader@78c1a023
[12May2025 05:36:37.092] [main/DEBUG] [net.minecraftforge.fml.javafmlmod.FMLModContainer/LOADING]: Creating FMLModContainer instance for software.bernie.example.GeckoLibMod
[12May2025 05:36:37.093] [main/DEBUG] [net.minecraftforge.fml.javafmlmod.FMLJavaModLanguageProvider/LOADING]: Loading FMLModContainer from classloader cpw.mods.modlauncher.TransformingClassLoader@58c42c8c - got cpw.mods.cl.ModuleClassLoader@78c1a023
[12May2025 05:36:37.093] [main/DEBUG] [net.minecraftforge.fml.javafmlmod.FMLModContainer/LOADING]: Creating FMLModContainer instance for dev.kosmx.playerAnim.forge.ForgeModInterface
[12May2025 05:36:37.094] [main/DEBUG] [net.minecraftforge.fml.javafmlmod.FMLJavaModLanguageProvider/LOADING]: Loading FMLModContainer from classloader cpw.mods.modlauncher.TransformingClassLoader@58c42c8c - got cpw.mods.cl.ModuleClassLoader@78c1a023
[12May2025 05:36:37.094] [main/DEBUG] [net.minecraftforge.fml.javafmlmod.FMLModContainer/LOADING]: Creating FMLModContainer instance for dev.worldgen.lithostitched.LithostitchedForge
[12May2025 05:36:37.094] [main/DEBUG] [net.minecraftforge.fml.javafmlmod.FMLJavaModLanguageProvider/LOADING]: Loading FMLModContainer from classloader cpw.mods.modlauncher.TransformingClassLoader@58c42c8c - got cpw.mods.cl.ModuleClassLoader@78c1a023
[12May2025 05:36:37.094] [main/DEBUG] [net.minecraftforge.fml.javafmlmod.FMLModContainer/LOADING]: Creating FMLModContainer instance for com.obscuria.obscureapi.ObscureAPI
[12May2025 05:36:37.095] [main/DEBUG] [net.minecraftforge.fml.javafmlmod.FMLJavaModLanguageProvider/LOADING]: Loading FMLModContainer from classloader cpw.mods.modlauncher.TransformingClassLoader@58c42c8c - got cpw.mods.cl.ModuleClassLoader@78c1a023
[12May2025 05:36:37.095] [main/DEBUG] [net.minecraftforge.fml.javafmlmod.FMLModContainer/LOADING]: Creating FMLModContainer instance for net.p3pp3rf1y.sophisticatedcore.SophisticatedCore
[12May2025 05:36:37.096] [main/DEBUG] [net.minecraftforge.fml.javafmlmod.FMLJavaModLanguageProvider/LOADING]: Loading FMLModContainer from classloader cpw.mods.modlauncher.TransformingClassLoader@58c42c8c - got cpw.mods.cl.ModuleClassLoader@78c1a023
[12May2025 05:36:37.096] [main/DEBUG] [net.minecraftforge.fml.javafmlmod.FMLModContainer/LOADING]: Creating FMLModContainer instance for net.blay09.mods.waystones.ForgeWaystones
[12May2025 05:36:37.096] [main/DEBUG] [net.minecraftforge.fml.javafmlmod.FMLJavaModLanguageProvider/LOADING]: Loading FMLModContainer from classloader cpw.mods.modlauncher.TransformingClassLoader@58c42c8c - got cpw.mods.cl.ModuleClassLoader@78c1a023
[12May2025 05:36:37.096] [main/DEBUG] [net.minecraftforge.fml.javafmlmod.FMLModContainer/LOADING]: Creating FMLModContainer instance for xaero.map.WorldMapForge
[12May2025 05:36:37.098] [main/DEBUG] [net.minecraftforge.fml.javafmlmod.FMLJavaModLanguageProvider/LOADING]: Loading FMLModContainer from classloader cpw.mods.modlauncher.TransformingClassLoader@58c42c8c - got cpw.mods.cl.ModuleClassLoader@78c1a023
[12May2025 05:36:37.098] [main/DEBUG] [net.minecraftforge.fml.javafmlmod.FMLModContainer/LOADING]: Creating FMLModContainer instance for org.embeddedt.modernfix.forge.init.ModernFixForge
[12May2025 05:36:37.099] [main/DEBUG] [net.minecraftforge.fml.javafmlmod.FMLJavaModLanguageProvider/LOADING]: Loading FMLModContainer from classloader cpw.mods.modlauncher.TransformingClassLoader@58c42c8c - got cpw.mods.cl.ModuleClassLoader@78c1a023
[12May2025 05:36:37.099] [main/DEBUG] [net.minecraftforge.fml.javafmlmod.FMLModContainer/LOADING]: Creating FMLModContainer instance for mezz.jei.forge.JustEnoughItems
[12May2025 05:36:37.099] [main/DEBUG] [net.minecraftforge.fml.javafmlmod.FMLJavaModLanguageProvider/LOADING]: Loading FMLModContainer from classloader cpw.mods.modlauncher.TransformingClassLoader@58c42c8c - got cpw.mods.cl.ModuleClassLoader@78c1a023
[12May2025 05:36:37.100] [main/DEBUG] [net.minecraftforge.fml.javafmlmod.FMLModContainer/LOADING]: Creating FMLModContainer instance for com.yungnickyoung.minecraft.yungsapi.YungsApiForge
[12May2025 05:36:37.100] [main/DEBUG] [net.minecraftforge.fml.javafmlmod.FMLJavaModLanguageProvider/LOADING]: Loading FMLModContainer from classloader cpw.mods.modlauncher.TransformingClassLoader@58c42c8c - got cpw.mods.cl.ModuleClassLoader@78c1a023
[12May2025 05:36:37.100] [main/DEBUG] [net.minecraftforge.fml.javafmlmod.FMLModContainer/LOADING]: Creating FMLModContainer instance for lilypuree.decorative_blocks.DecorativeBlocks
[12May2025 05:36:37.100] [main/DEBUG] [net.minecraftforge.fml.javafmlmod.FMLJavaModLanguageProvider/LOADING]: Loading FMLModContainer from classloader cpw.mods.modlauncher.TransformingClassLoader@58c42c8c - got cpw.mods.cl.ModuleClassLoader@78c1a023
[12May2025 05:36:37.101] [main/DEBUG] [net.minecraftforge.fml.javafmlmod.FMLModContainer/LOADING]: Creating FMLModContainer instance for com.llamalad7.mixinextras.platform.forge.MixinExtrasMod
[12May2025 05:36:37.101] [main/DEBUG] [net.minecraftforge.fml.javafmlmod.FMLJavaModLanguageProvider/LOADING]: Loading FMLModContainer from classloader cpw.mods.modlauncher.TransformingClassLoader@58c42c8c - got cpw.mods.cl.ModuleClassLoader@78c1a023
[12May2025 05:36:37.101] [main/DEBUG] [net.minecraftforge.fml.javafmlmod.FMLModContainer/LOADING]: Creating FMLModContainer instance for glitchcore.forge.GlitchCoreForge
[12May2025 05:36:37.102] [main/DEBUG] [net.minecraftforge.fml.javafmlmod.FMLJavaModLanguageProvider/LOADING]: Loading FMLModContainer from classloader cpw.mods.modlauncher.TransformingClassLoader@58c42c8c - got cpw.mods.cl.ModuleClassLoader@78c1a023
[12May2025 05:36:37.102] [main/DEBUG] [net.minecraftforge.fml.javafmlmod.FMLModContainer/LOADING]: Creating FMLModContainer instance for net.p3pp3rf1y.sophisticatedbackpacks.SophisticatedBackpacks
[12May2025 05:36:37.103] [main/DEBUG] [net.minecraftforge.fml.javafmlmod.FMLJavaModLanguageProvider/LOADING]: Loading FMLModContainer from classloader cpw.mods.modlauncher.TransformingClassLoader@58c42c8c - got cpw.mods.cl.ModuleClassLoader@78c1a023
[12May2025 05:36:37.103] [main/DEBUG] [net.minecraftforge.fml.javafmlmod.FMLModContainer/LOADING]: Creating FMLModContainer instance for net.mcreator.bettermobs.BettermobsMod
[12May2025 05:36:37.104] [main/DEBUG] [net.minecraftforge.fml.javafmlmod.FMLJavaModLanguageProvider/LOADING]: Loading FMLModContainer from classloader cpw.mods.modlauncher.TransformingClassLoader@58c42c8c - got cpw.mods.cl.ModuleClassLoader@78c1a023
[12May2025 05:36:37.104] [main/DEBUG] [net.minecraftforge.fml.javafmlmod.FMLModContainer/LOADING]: Creating FMLModContainer instance for net.blay09.mods.balm.forge.ForgeBalm
[12May2025 05:36:37.104] [main/DEBUG] [net.minecraftforge.fml.javafmlmod.FMLJavaModLanguageProvider/LOADING]: Loading FMLModContainer from classloader cpw.mods.modlauncher.TransformingClassLoader@58c42c8c - got cpw.mods.cl.ModuleClassLoader@78c1a023
[12May2025 05:36:37.104] [main/DEBUG] [net.minecraftforge.fml.javafmlmod.FMLModContainer/LOADING]: Creating FMLModContainer instance for com.teamabnormals.blueprint.core.Blueprint
[12May2025 05:36:37.106] [main/DEBUG] [net.minecraftforge.fml.javafmlmod.FMLJavaModLanguageProvider/LOADING]: Loading FMLModContainer from classloader cpw.mods.modlauncher.TransformingClassLoader@58c42c8c - got cpw.mods.cl.ModuleClassLoader@78c1a023
[12May2025 05:36:37.107] [main/DEBUG] [net.minecraftforge.fml.javafmlmod.FMLModContainer/LOADING]: Creating FMLModContainer instance for jeresources.JEResources
[12May2025 05:36:37.107] [main/DEBUG] [net.minecraftforge.fml.javafmlmod.FMLJavaModLanguageProvider/LOADING]: Loading FMLModContainer from classloader cpw.mods.modlauncher.TransformingClassLoader@58c42c8c - got cpw.mods.cl.ModuleClassLoader@78c1a023
[12May2025 05:36:37.108] [main/DEBUG] [net.minecraftforge.fml.javafmlmod.FMLModContainer/LOADING]: Creating FMLModContainer instance for com.yungnickyoung.minecraft.betterfortresses.BetterFortressesForge
[12May2025 05:36:37.108] [main/DEBUG] [net.minecraftforge.fml.javafmlmod.FMLJavaModLanguageProvider/LOADING]: Loading FMLModContainer from classloader cpw.mods.modlauncher.TransformingClassLoader@58c42c8c - got cpw.mods.cl.ModuleClassLoader@78c1a023
[12May2025 05:36:37.109] [main/DEBUG] [net.minecraftforge.fml.javafmlmod.FMLModContainer/LOADING]: Creating FMLModContainer instance for me.shedaniel.clothconfig.ClothConfigForge
[12May2025 05:36:37.109] [main/DEBUG] [net.minecraftforge.fml.javafmlmod.FMLJavaModLanguageProvider/LOADING]: Loading FMLModContainer from classloader cpw.mods.modlauncher.TransformingClassLoader@58c42c8c - got cpw.mods.cl.ModuleClassLoader@78c1a023
[12May2025 05:36:37.109] [main/DEBUG] [net.minecraftforge.fml.javafmlmod.FMLModContainer/LOADING]: Creating FMLModContainer instance for com.sonicether.soundphysics.ForgeSoundPhysicsMod
[12May2025 05:36:37.110] [main/DEBUG] [net.minecraftforge.fml.javafmlmod.FMLJavaModLanguageProvider/LOADING]: Loading FMLModContainer from classloader cpw.mods.modlauncher.TransformingClassLoader@58c42c8c - got cpw.mods.cl.ModuleClassLoader@78c1a023
[12May2025 05:36:37.110] [main/DEBUG] [net.minecraftforge.fml.javafmlmod.FMLModContainer/LOADING]: Creating FMLModContainer instance for net.minecraftforge.common.ForgeMod
[12May2025 05:36:37.113] [main/DEBUG] [net.minecraftforge.fml.javafmlmod.FMLJavaModLanguageProvider/LOADING]: Loading FMLModContainer from classloader cpw.mods.modlauncher.TransformingClassLoader@58c42c8c - got cpw.mods.cl.ModuleClassLoader@78c1a023
[12May2025 05:36:37.113] [main/DEBUG] [net.minecraftforge.fml.javafmlmod.FMLModContainer/LOADING]: Creating FMLModContainer instance for net.ctov.forge.ctovForge
[12May2025 05:36:37.113] [main/DEBUG] [net.minecraftforge.fml.javafmlmod.FMLJavaModLanguageProvider/LOADING]: Loading FMLModContainer from classloader cpw.mods.modlauncher.TransformingClassLoader@58c42c8c - got cpw.mods.cl.ModuleClassLoader@78c1a023
[12May2025 05:36:37.113] [main/DEBUG] [net.minecraftforge.fml.javafmlmod.FMLModContainer/LOADING]: Creating FMLModContainer instance for twilightforest.TwilightForestMod
[12May2025 05:36:37.115] [main/DEBUG] [net.minecraftforge.fml.javafmlmod.FMLJavaModLanguageProvider/LOADING]: Loading FMLModContainer from classloader cpw.mods.modlauncher.TransformingClassLoader@58c42c8c - got cpw.mods.cl.ModuleClassLoader@78c1a023
[12May2025 05:36:37.115] [main/DEBUG] [net.minecraftforge.fml.javafmlmod.FMLModContainer/LOADING]: Creating FMLModContainer instance for earth.terrarium.athena.forge.AthenaForge
[12May2025 05:36:37.116] [main/DEBUG] [net.minecraftforge.fml.javafmlmod.FMLJavaModLanguageProvider/LOADING]: Loading FMLModContainer from classloader cpw.mods.modlauncher.TransformingClassLoader@58c42c8c - got cpw.mods.cl.ModuleClassLoader@78c1a023
[12May2025 05:36:37.116] [main/DEBUG] [net.minecraftforge.fml.javafmlmod.FMLModContainer/LOADING]: Creating FMLModContainer instance for net.aurelj.dungeons_arise.DungeonsAriseMain
[12May2025 05:36:37.118] [main/DEBUG] [net.minecraftforge.fml.javafmlmod.FMLJavaModLanguageProvider/LOADING]: Loading FMLModContainer from classloader cpw.mods.modlauncher.TransformingClassLoader@58c42c8c - got cpw.mods.cl.ModuleClassLoader@78c1a023
[12May2025 05:36:37.118] [main/DEBUG] [net.minecraftforge.fml.javafmlmod.FMLModContainer/LOADING]: Creating FMLModContainer instance for earth.terrarium.chipped.forge.ChippedForge
[12May2025 05:36:37.119] [main/DEBUG] [net.minecraftforge.fml.javafmlmod.FMLJavaModLanguageProvider/LOADING]: Loading FMLModContainer from classloader cpw.mods.modlauncher.TransformingClassLoader@58c42c8c - got cpw.mods.cl.ModuleClassLoader@78c1a023
[12May2025 05:36:37.119] [main/DEBUG] [net.minecraftforge.fml.javafmlmod.FMLModContainer/LOADING]: Creating FMLModContainer instance for net.xalcon.torchmaster.Torchmaster
[12May2025 05:36:37.120] [main/DEBUG] [net.minecraftforge.fml.javafmlmod.FMLJavaModLanguageProvider/LOADING]: Loading FMLModContainer from classloader cpw.mods.modlauncher.TransformingClassLoader@58c42c8c - got cpw.mods.cl.ModuleClassLoader@78c1a023
[12May2025 05:36:37.120] [main/DEBUG] [net.minecraftforge.fml.javafmlmod.FMLModContainer/LOADING]: Creating FMLModContainer instance for dev.wuffs.bcc.BCCForge
[12May2025 05:36:37.122] [main/DEBUG] [net.minecraftforge.fml.javafmlmod.FMLJavaModLanguageProvider/LOADING]: Loading FMLModContainer from classloader cpw.mods.modlauncher.TransformingClassLoader@58c42c8c - got cpw.mods.cl.ModuleClassLoader@78c1a023
[12May2025 05:36:37.122] [main/DEBUG] [net.minecraftforge.fml.javafmlmod.FMLModContainer/LOADING]: Creating FMLModContainer instance for terrablender.core.TerraBlenderForge
[12May2025 05:36:37.123] [main/DEBUG] [net.minecraftforge.fml.javafmlmod.FMLJavaModLanguageProvider/LOADING]: Loading FMLModContainer from classloader cpw.mods.modlauncher.TransformingClassLoader@58c42c8c - got cpw.mods.cl.ModuleClassLoader@78c1a023
[12May2025 05:36:37.123] [main/DEBUG] [net.minecraftforge.fml.javafmlmod.FMLModContainer/LOADING]: Creating FMLModContainer instance for net.mehvahdjukaar.moonlight.forge.MoonlightForge
[12May2025 05:36:37.123] [main/DEBUG] [net.minecraftforge.fml.javafmlmod.FMLJavaModLanguageProvider/LOADING]: Loading FMLModContainer from classloader cpw.mods.modlauncher.TransformingClassLoader@58c42c8c - got cpw.mods.cl.ModuleClassLoader@78c1a023
[12May2025 05:36:37.124] [main/DEBUG] [net.minecraftforge.fml.javafmlmod.FMLModContainer/LOADING]: Creating FMLModContainer instance for net.bettercombat.forge.BetterCombatForge
[12May2025 05:36:37.126] [main/DEBUG] [net.minecraftforge.fml.javafmlmod.FMLJavaModLanguageProvider/LOADING]: Loading FMLModContainer from classloader cpw.mods.modlauncher.TransformingClassLoader@58c42c8c - got cpw.mods.cl.ModuleClassLoader@78c1a023
[12May2025 05:36:37.126] [main/DEBUG] [net.minecraftforge.fml.javafmlmod.FMLModContainer/LOADING]: Creating FMLModContainer instance for blusunrize.immersiveengineering.ImmersiveEngineering
[12May2025 05:36:37.127] [main/DEBUG] [net.minecraftforge.fml.javafmlmod.FMLJavaModLanguageProvider/LOADING]: Loading FMLModContainer from classloader cpw.mods.modlauncher.TransformingClassLoader@58c42c8c - got cpw.mods.cl.ModuleClassLoader@78c1a023
[12May2025 05:36:37.128] [main/DEBUG] [net.minecraftforge.fml.javafmlmod.FMLModContainer/LOADING]: Creating FMLModContainer instance for net.mcreator.choupsdrakvyrnmod.ChoupsDrakvyrnModMod
[12May2025 05:36:37.128] [main/DEBUG] [net.minecraftforge.fml.javafmlmod.FMLJavaModLanguageProvider/LOADING]: Loading FMLModContainer from classloader cpw.mods.modlauncher.TransformingClassLoader@58c42c8c - got cpw.mods.cl.ModuleClassLoader@78c1a023
[12May2025 05:36:37.129] [main/DEBUG] [net.minecraftforge.fml.javafmlmod.FMLModContainer/LOADING]: Creating FMLModContainer instance for biomesoplenty.forge.core.BiomesOPlentyForge
[12May2025 05:36:37.130] [main/DEBUG] [net.minecraftforge.fml.javafmlmod.FMLJavaModLanguageProvider/LOADING]: Loading FMLModContainer from classloader cpw.mods.modlauncher.TransformingClassLoader@58c42c8c - got cpw.mods.cl.ModuleClassLoader@78c1a023
[12May2025 05:36:37.130] [main/DEBUG] [net.minecraftforge.fml.javafmlmod.FMLModContainer/LOADING]: Creating FMLModContainer instance for com.bawnorton.mixinsquared.platform.forge.MixinSquaredMod
[12May2025 05:36:37.133] [main/DEBUG] [net.minecraftforge.fml.javafmlmod.FMLJavaModLanguageProvider/LOADING]: Loading FMLModContainer from classloader cpw.mods.modlauncher.TransformingClassLoader@58c42c8c - got cpw.mods.cl.ModuleClassLoader@78c1a023
[12May2025 05:36:37.133] [main/DEBUG] [net.minecraftforge.fml.javafmlmod.FMLModContainer/LOADING]: Creating FMLModContainer instance for snownee.jade.util.CommonProxy
[12May2025 05:36:37.134] [main/DEBUG] [net.minecraftforge.fml.javafmlmod.FMLJavaModLanguageProvider/LOADING]: Loading FMLModContainer from classloader cpw.mods.modlauncher.TransformingClassLoader@58c42c8c - got cpw.mods.cl.ModuleClassLoader@78c1a023
[12May2025 05:36:37.135] [main/DEBUG] [net.minecraftforge.fml.javafmlmod.FMLModContainer/LOADING]: Creating FMLModContainer instance for appeng.core.AppEngBootstrap
[12May2025 05:36:37.136] [main/DEBUG] [net.minecraftforge.fml.lowcodemod.LowCodeModLanguageProvider.LowCodeModTarget/LOADING]: Loading LowCodeModContainer from classloader cpw.mods.modlauncher.TransformingClassLoader@58c42c8c - got cpw.mods.cl.ModuleClassLoader@78c1a023
[12May2025 05:36:37.136] [main/DEBUG] [net.minecraftforge.fml.lowcodemod.LowCodeModContainer/LOADING]: Creating LowCodeModContainer for explorify
[12May2025 05:36:37.136] [main/DEBUG] [net.minecraftforge.fml.javafmlmod.FMLJavaModLanguageProvider/LOADING]: Loading FMLModContainer from classloader cpw.mods.modlauncher.TransformingClassLoader@58c42c8c - got cpw.mods.cl.ModuleClassLoader@78c1a023
[12May2025 05:36:37.136] [main/DEBUG] [net.minecraftforge.fml.javafmlmod.FMLModContainer/LOADING]: Creating FMLModContainer instance for net.mcreator.unusualend.UnusualendMod
[12May2025 05:36:37.137] [main/DEBUG] [net.minecraftforge.fml.javafmlmod.FMLJavaModLanguageProvider/LOADING]: Loading FMLModContainer from classloader cpw.mods.modlauncher.TransformingClassLoader@58c42c8c - got cpw.mods.cl.ModuleClassLoader@78c1a023
[12May2025 05:36:37.137] [main/DEBUG] [net.minecraftforge.fml.javafmlmod.FMLModContainer/LOADING]: Creating FMLModContainer instance for vazkii.botania.forge.ForgeCommonInitializer
[12May2025 05:36:37.140] [main/DEBUG] [net.minecraftforge.fml.javafmlmod.FMLJavaModLanguageProvider/LOADING]: Loading FMLModContainer from classloader cpw.mods.modlauncher.TransformingClassLoader@58c42c8c - got cpw.mods.cl.ModuleClassLoader@78c1a023
[12May2025 05:36:37.140] [main/DEBUG] [net.minecraftforge.fml.javafmlmod.FMLModContainer/LOADING]: Creating FMLModContainer instance for com.betterfpsdist.BetterfpsdistMod
[12May2025 05:36:37.141] [main/DEBUG] [net.minecraftforge.fml.javafmlmod.FMLJavaModLanguageProvider/LOADING]: Loading FMLModContainer from classloader cpw.mods.modlauncher.TransformingClassLoader@58c42c8c - got cpw.mods.cl.ModuleClassLoader@78c1a023
[12May2025 05:36:37.141] [main/DEBUG] [net.minecraftforge.fml.javafmlmod.FMLModContainer/LOADING]: Creating FMLModContainer instance for top.theillusivec4.curios.Curios
[12May2025 05:36:37.142] [main/DEBUG] [net.minecraftforge.fml.javafmlmod.FMLJavaModLanguageProvider/LOADING]: Loading FMLModContainer from classloader cpw.mods.modlauncher.TransformingClassLoader@58c42c8c - got cpw.mods.cl.ModuleClassLoader@78c1a023
[12May2025 05:36:37.142] [main/DEBUG] [net.minecraftforge.fml.javafmlmod.FMLModContainer/LOADING]: Creating FMLModContainer instance for vazkii.patchouli.forge.common.ForgeModInitializer
[12May2025 05:36:37.143] [main/DEBUG] [net.minecraftforge.fml.javafmlmod.FMLJavaModLanguageProvider/LOADING]: Loading FMLModContainer from classloader cpw.mods.modlauncher.TransformingClassLoader@58c42c8c - got cpw.mods.cl.ModuleClassLoader@78c1a023
[12May2025 05:36:37.143] [main/DEBUG] [net.minecraftforge.fml.javafmlmod.FMLModContainer/LOADING]: Creating FMLModContainer instance for xaero.minimap.XaeroMinimapForge
[12May2025 05:36:37.145] [main/DEBUG] [net.minecraftforge.fml.javafmlmod.FMLJavaModLanguageProvider/LOADING]: Loading FMLModContainer from classloader cpw.mods.modlauncher.TransformingClassLoader@58c42c8c - got cpw.mods.cl.ModuleClassLoader@78c1a023
[12May2025 05:36:37.145] [main/DEBUG] [net.minecraftforge.fml.javafmlmod.FMLModContainer/LOADING]: Creating FMLModContainer instance for de.maxhenkel.gravestone.Main
[12May2025 05:36:37.146] [main/DEBUG] [net.minecraftforge.fml.javafmlmod.FMLJavaModLanguageProvider/LOADING]: Loading FMLModContainer from classloader cpw.mods.modlauncher.TransformingClassLoader@58c42c8c - got cpw.mods.cl.ModuleClassLoader@78c1a023
[12May2025 05:36:37.146] [main/DEBUG] [net.minecraftforge.fml.javafmlmod.FMLModContainer/LOADING]: Creating FMLModContainer instance for com.natamus.collective.CollectiveForge
[12May2025 05:36:37.147] [main/DEBUG] [net.minecraftforge.fml.javafmlmod.FMLJavaModLanguageProvider/LOADING]: Loading FMLModContainer from classloader cpw.mods.modlauncher.TransformingClassLoader@58c42c8c - got cpw.mods.cl.ModuleClassLoader@78c1a023
[12May2025 05:36:37.147] [main/DEBUG] [net.minecraftforge.fml.javafmlmod.FMLModContainer/LOADING]: Creating FMLModContainer instance for org.violetmoon.zetaimplforge.mod.ZetaForgeMod
[12May2025 05:36:37.147] [main/DEBUG] [net.minecraftforge.fml.javafmlmod.FMLJavaModLanguageProvider/LOADING]: Loading FMLModContainer from classloader cpw.mods.modlauncher.TransformingClassLoader@58c42c8c - got cpw.mods.cl.ModuleClassLoader@78c1a023
[12May2025 05:36:37.148] [main/DEBUG] [net.minecraftforge.fml.javafmlmod.FMLModContainer/LOADING]: Creating FMLModContainer instance for com.github.eterdelta.crittersandcompanions.CrittersAndCompanionsForge
[12May2025 05:36:37.148] [main/DEBUG] [net.minecraftforge.fml.javafmlmod.FMLJavaModLanguageProvider/LOADING]: Loading FMLModContainer from classloader cpw.mods.modlauncher.TransformingClassLoader@58c42c8c - got cpw.mods.cl.ModuleClassLoader@78c1a023
[12May2025 05:36:37.148] [main/DEBUG] [net.minecraftforge.fml.javafmlmod.FMLModContainer/LOADING]: Creating FMLModContainer instance for xyz.vsngamer.elevatorid.ElevatorMod
[12May2025 05:36:37.149] [main/DEBUG] [net.minecraftforge.fml.javafmlmod.FMLJavaModLanguageProvider/LOADING]: Loading FMLModContainer from classloader cpw.mods.modlauncher.TransformingClassLoader@58c42c8c - got cpw.mods.cl.ModuleClassLoader@78c1a023
[12May2025 05:36:37.150] [main/DEBUG] [net.minecraftforge.fml.javafmlmod.FMLModContainer/LOADING]: Creating FMLModContainer instance for dlovin.inventoryhud.InventoryHUD
[12May2025 05:36:37.150] [main/DEBUG] [net.minecraftforge.fml.javafmlmod.FMLJavaModLanguageProvider/LOADING]: Loading FMLModContainer from classloader cpw.mods.modlauncher.TransformingClassLoader@58c42c8c - got cpw.mods.cl.ModuleClassLoader@78c1a023
[12May2025 05:36:37.150] [main/DEBUG] [net.minecraftforge.fml.javafmlmod.FMLModContainer/LOADING]: Creating FMLModContainer instance for com.teamresourceful.resourcefullib.forge.ResourcefulLibForge
[12May2025 05:36:37.151] [main/DEBUG] [net.minecraftforge.fml.javafmlmod.FMLJavaModLanguageProvider/LOADING]: Loading FMLModContainer from classloader cpw.mods.modlauncher.TransformingClassLoader@58c42c8c - got cpw.mods.cl.ModuleClassLoader@78c1a023
[12May2025 05:36:37.151] [main/DEBUG] [net.minecraftforge.fml.javafmlmod.FMLModContainer/LOADING]: Creating FMLModContainer instance for com.finndog.mvs.forge.MVSForge
[12May2025 05:36:37.151] [main/DEBUG] [net.minecraftforge.fml.javafmlmod.FMLJavaModLanguageProvider/LOADING]: Loading FMLModContainer from classloader cpw.mods.modlauncher.TransformingClassLoader@58c42c8c - got cpw.mods.cl.ModuleClassLoader@78c1a023
[12May2025 05:36:37.152] [main/DEBUG] [net.minecraftforge.fml.javafmlmod.FMLModContainer/LOADING]: Creating FMLModContainer instance for noobanidus.mods.lootr.Lootr
[12May2025 05:36:37.152] [main/DEBUG] [net.minecraftforge.fml.javafmlmod.FMLJavaModLanguageProvider/LOADING]: Loading FMLModContainer from classloader cpw.mods.modlauncher.TransformingClassLoader@58c42c8c - got cpw.mods.cl.ModuleClassLoader@78c1a023
[12May2025 05:36:37.152] [main/DEBUG] [net.minecraftforge.fml.javafmlmod.FMLModContainer/LOADING]: Creating FMLModContainer instance for org.violetmoon.quark.base.Quark
[12May2025 05:36:37.153] [main/DEBUG] [net.minecraftforge.fml.javafmlmod.FMLJavaModLanguageProvider/LOADING]: Loading FMLModContainer from classloader cpw.mods.modlauncher.TransformingClassLoader@58c42c8c - got cpw.mods.cl.ModuleClassLoader@78c1a023
[12May2025 05:36:37.153] [main/DEBUG] [net.minecraftforge.fml.javafmlmod.FMLModContainer/LOADING]: Creating FMLModContainer instance for net.mehvahdjukaar.supplementaries.forge.SupplementariesForge
[12May2025 05:36:37.154] [main/DEBUG] [net.minecraftforge.fml.javafmlmod.FMLJavaModLanguageProvider/LOADING]: Loading FMLModContainer from classloader cpw.mods.modlauncher.TransformingClassLoader@58c42c8c - got cpw.mods.cl.ModuleClassLoader@78c1a023
[12May2025 05:36:37.154] [main/DEBUG] [net.minecraftforge.fml.javafmlmod.FMLModContainer/LOADING]: Creating FMLModContainer instance for malte0811.ferritecore.ModMainForge
[12May2025 05:36:37.154] [main/DEBUG] [net.minecraftforge.fml.javafmlmod.FMLJavaModLanguageProvider/LOADING]: Loading FMLModContainer from classloader cpw.mods.modlauncher.TransformingClassLoader@58c42c8c - got cpw.mods.cl.ModuleClassLoader@78c1a023
[12May2025 05:36:37.154] [main/DEBUG] [net.minecraftforge.fml.javafmlmod.FMLModContainer/LOADING]: Creating FMLModContainer instance for com.builtbroken.ai.improvements.AIImprovements
[12May2025 05:36:37.155] [main/DEBUG] [net.minecraftforge.fml.javafmlmod.FMLJavaModLanguageProvider/LOADING]: Loading FMLModContainer from classloader cpw.mods.modlauncher.TransformingClassLoader@58c42c8c - got cpw.mods.cl.ModuleClassLoader@78c1a023
[12May2025 05:36:37.155] [main/DEBUG] [net.minecraftforge.fml.javafmlmod.FMLModContainer/LOADING]: Creating FMLModContainer instance for com.cupboard.Cupboard
[12May2025 05:36:37.156] [main/DEBUG] [net.minecraftforge.fml.javafmlmod.FMLJavaModLanguageProvider/LOADING]: Loading FMLModContainer from classloader cpw.mods.modlauncher.TransformingClassLoader@58c42c8c - got cpw.mods.cl.ModuleClassLoader@78c1a023
[12May2025 05:36:37.156] [main/DEBUG] [net.minecraftforge.fml.javafmlmod.FMLModContainer/LOADING]: Creating FMLModContainer instance for com.natamus.scaffoldingdropsnearby.ModForge
[12May2025 05:36:37.156] [main/DEBUG] [net.minecraftforge.fml.javafmlmod.FMLJavaModLanguageProvider/LOADING]: Loading FMLModContainer from classloader cpw.mods.modlauncher.TransformingClassLoader@58c42c8c - got cpw.mods.cl.ModuleClassLoader@78c1a023
[12May2025 05:36:37.156] [main/DEBUG] [net.minecraftforge.fml.javafmlmod.FMLModContainer/LOADING]: Creating FMLModContainer instance for com.obscuria.aquamirae.Aquamirae
[12May2025 05:36:37.252] [modloading-worker-0/DEBUG] [net.minecraftforge.fml.javafmlmod.AutomaticEventSubscriber/LOADING]: Attempting to inject @EventBusSubscriber classes into the eventbus for kuma_api
[12May2025 05:36:37.254] [modloading-worker-0/DEBUG] [mixin/]: Mixing perf.forge_registry_lambda.RegistryObjectMixin from modernfix-forge.mixins.json into net.minecraftforge.registries.RegistryObject
[12May2025 05:36:37.276] [modloading-worker-0/DEBUG] [net.minecraftforge.fml.javafmlmod.AutomaticEventSubscriber/LOADING]: Attempting to inject @EventBusSubscriber classes into the eventbus for geckolib
[12May2025 05:36:37.281] [modloading-worker-0/DEBUG] [net.minecraftforge.fml.javafmlmod.AutomaticEventSubscriber/LOADING]: Auto-subscribing software.bernie.example.GeckoLibMod to FORGE
[12May2025 05:36:37.284] [modloading-worker-0/DEBUG] [net.minecraftforge.fml.javafmlmod.AutomaticEventSubscriber/LOADING]: Auto-subscribing software.bernie.example.CommonListener to MOD
[12May2025 05:36:37.292] [modloading-worker-0/DEBUG] [net.minecraftforge.fml.javafmlmod.AutomaticEventSubscriber/LOADING]: Attempting to inject @EventBusSubscriber classes into the eventbus for playeranimator
[12May2025 05:36:37.392] [modloading-worker-0/DEBUG] [net.minecraftforge.fml.javafmlmod.AutomaticEventSubscriber/LOADING]: Attempting to inject @EventBusSubscriber classes into the eventbus for furnitura
[12May2025 05:36:37.392] [modloading-worker-0/DEBUG] [net.minecraftforge.fml.javafmlmod.AutomaticEventSubscriber/LOADING]: Auto-subscribing net.travis.furnitura.datagen.DataGenerators to MOD
[12May2025 05:36:37.403] [modloading-worker-0/DEBUG] [net.minecraftforge.fml.javafmlmod.AutomaticEventSubscriber/LOADING]: Attempting to inject @EventBusSubscriber classes into the eventbus for lithostitched
[12May2025 05:36:37.418] [modloading-worker-0/ERROR] [net.minecraftforge.eventbus.EventSubclassTransformer/EVENTBUS]: Could not find parent net/minecraft/client/renderer/entity/layers/RenderLayer for class com/obscuria/obscureapi/client/renderer/PatreonLayer in classloader cpw.mods.modlauncher.TransformingClassLoader@58c42c8c on thread Thread[modloading-worker-0,5,main]
[12May2025 05:36:37.418] [modloading-worker-0/ERROR] [net.minecraftforge.eventbus.EventSubclassTransformer/EVENTBUS]: An error occurred building event handler
java.lang.ClassNotFoundException: net.minecraft.client.renderer.entity.layers.RenderLayer
	at cpw.mods.cl.ModuleClassLoader.loadClass(ModuleClassLoader.java:141) ~[securejarhandler-2.1.10.jar:?]
	at java.lang.ClassLoader.loadClass(ClassLoader.java:525) ~[?:?]
	at net.minecraftforge.eventbus.EventSubclassTransformer.buildEvents(EventSubclassTransformer.java:97) ~[eventbus-6.0.5.jar%2352!/:?]
	at net.minecraftforge.eventbus.EventSubclassTransformer.transform(EventSubclassTransformer.java:48) ~[eventbus-6.0.5.jar%2352!/:?]
	at net.minecraftforge.eventbus.EventBusEngine.processClass(EventBusEngine.java:26) ~[eventbus-6.0.5.jar%2352!/:?]
	at net.minecraftforge.eventbus.service.ModLauncherService.processClassWithFlags(ModLauncherService.java:32) ~[eventbus-6.0.5.jar%2352!/:6.0.5+6.0.5+master.eb8e549b]
	at cpw.mods.modlauncher.LaunchPluginHandler.offerClassNodeToPlugins(LaunchPluginHandler.java:88) ~[modlauncher-10.0.9.jar%2355!/:?]
	at cpw.mods.modlauncher.ClassTransformer.transform(ClassTransformer.java:120) ~[modlauncher-10.0.9.jar%2355!/:?]
	at cpw.mods.modlauncher.TransformingClassLoader.maybeTransformClassBytes(TransformingClassLoader.java:50) ~[modlauncher-10.0.9.jar%2355!/:?]
	at cpw.mods.cl.ModuleClassLoader.readerToClass(ModuleClassLoader.java:113) ~[securejarhandler-2.1.10.jar:?]
	at cpw.mods.cl.ModuleClassLoader.lambda$findClass$15(ModuleClassLoader.java:219) ~[securejarhandler-2.1.10.jar:?]
	at cpw.mods.cl.ModuleClassLoader.loadFromModule(ModuleClassLoader.java:229) ~[securejarhandler-2.1.10.jar:?]
	at cpw.mods.cl.ModuleClassLoader.findClass(ModuleClassLoader.java:219) ~[securejarhandler-2.1.10.jar:?]
	at cpw.mods.cl.ModuleClassLoader.loadClass(ModuleClassLoader.java:135) ~[securejarhandler-2.1.10.jar:?]
	at java.lang.ClassLoader.loadClass(ClassLoader.java:525) ~[?:?]
	at java.lang.ClassLoader.defineClass0(Native Method) ~[?:?]
	at java.lang.System$2.defineClass(System.java:2324) ~[?:?]
	at java.lang.invoke.MethodHandles$Lookup$ClassDefiner.defineClass(MethodHandles.java:2439) ~[?:?]
	at java.lang.invoke.MethodHandles$Lookup$ClassDefiner.defineClassAsLookup(MethodHandles.java:2420) ~[?:?]
	at java.lang.invoke.MethodHandles$Lookup.defineHiddenClass(MethodHandles.java:2127) ~[?:?]
	at java.lang.invoke.InnerClassLambdaMetafactory.generateInnerClass(InnerClassLambdaMetafactory.java:407) ~[?:?]
	at java.lang.invoke.InnerClassLambdaMetafactory.spinInnerClass(InnerClassLambdaMetafactory.java:315) ~[?:?]
	at java.lang.invoke.InnerClassLambdaMetafactory.buildCallSite(InnerClassLambdaMetafactory.java:228) ~[?:?]
	at java.lang.invoke.LambdaMetafactory.metafactory(LambdaMetafactory.java:341) ~[?:?]
	at java.lang.invoke.BootstrapMethodInvoker.invoke(BootstrapMethodInvoker.java:134) ~[?:?]
	at java.lang.invoke.CallSite.makeSite(CallSite.java:315) ~[?:?]
	at java.lang.invoke.MethodHandleNatives.linkCallSiteImpl(MethodHandleNatives.java:281) ~[?:?]
	at java.lang.invoke.MethodHandleNatives.linkCallSite(MethodHandleNatives.java:271) ~[?:?]
	at com.obscuria.obscureapi.client.renderer.PatreonLayer$Mode.<clinit>(PatreonLayer.java:55) ~[obscure_api-15.jar%23198!/:com.obscuria]
	at com.obscuria.obscureapi.ObscureAPIConfig$Client.<clinit>(ObscureAPIConfig.java:28) ~[obscure_api-15.jar%23198!/:com.obscuria]
	at com.obscuria.obscureapi.ObscureAPIConfig.register(ObscureAPIConfig.java:46) ~[obscure_api-15.jar%23198!/:com.obscuria]
	at com.obscuria.obscureapi.ObscureAPI.<init>(ObscureAPI.java:69) ~[obscure_api-15.jar%23198!/:com.obscuria]
	at jdk.internal.reflect.NativeConstructorAccessorImpl.newInstance0(Native Method) ~[?:?]
	at jdk.internal.reflect.NativeConstructorAccessorImpl.newInstance(NativeConstructorAccessorImpl.java:77) ~[?:?]
	at jdk.internal.reflect.DelegatingConstructorAccessorImpl.newInstance(DelegatingConstructorAccessorImpl.java:45) ~[?:?]
	at java.lang.reflect.Constructor.newInstanceWithCaller(Constructor.java:500) ~[?:?]
	at java.lang.reflect.Constructor.newInstance(Constructor.java:481) ~[?:?]
	at net.minecraftforge.fml.javafmlmod.FMLModContainer.constructMod(FMLModContainer.java:70) ~[javafmllanguage-1.20.1-47.3.7.jar%23221!/:?]
	at net.minecraftforge.fml.ModContainer.lambda$buildTransitionHandler$4(ModContainer.java:124) ~[fmlcore-1.20.1-47.3.7.jar%23220!/:?]
	at java.util.concurrent.CompletableFuture$AsyncRun.run(CompletableFuture.java:1804) ~[?:?]
	at java.util.concurrent.CompletableFuture$AsyncRun.exec(CompletableFuture.java:1796) ~[?:?]
	at java.util.concurrent.ForkJoinTask.doExec(ForkJoinTask.java:373) ~[?:?]
	at java.util.concurrent.ForkJoinPool$WorkQueue.topLevelExec(ForkJoinPool.java:1182) ~[?:?]
	at java.util.concurrent.ForkJoinPool.scan(ForkJoinPool.java:1655) ~[?:?]
	at java.util.concurrent.ForkJoinPool.runWorker(ForkJoinPool.java:1622) ~[?:?]
	at java.util.concurrent.ForkJoinWorkerThread.run(ForkJoinWorkerThread.java:165) ~[?:?]
[12May2025 05:36:37.422] [modloading-worker-0/ERROR] [net.minecraftforge.fml.loading.RuntimeDistCleaner/DISTXFORM]: Attempted to load class com/obscuria/obscureapi/client/renderer/PatreonLayer for invalid dist DEDICATED_SERVER
[12May2025 05:36:37.428] [modloading-worker-0/DEBUG] [net.minecraftforge.fml.config.ConfigTracker/CONFIG]: Config file Obscuria/obscure-api-client.toml for obscure_api tracking
[12May2025 05:36:37.430] [modloading-worker-0/DEBUG] [net.minecraftforge.fml.config.ConfigTracker/CONFIG]: Config file sophisticatedcore-common.toml for sophisticatedcore tracking
[12May2025 05:36:37.430] [modloading-worker-0/DEBUG] [net.minecraftforge.fml.config.ConfigTracker/CONFIG]: Config file sophisticatedcore-client.toml for sophisticatedcore tracking
[12May2025 05:36:37.445] [modloading-worker-0/DEBUG] [mixin/]: Mixing ReloadableServerResourcesMixin from balm.mixins.json into net.minecraft.server.ReloadableServerResources
[12May2025 05:36:37.445] [modloading-worker-0/DEBUG] [mixin/]: Renaming synthetic method lambda$loadResources$0(Lnet/minecraft/server/ReloadableServerResources;)V to md5e188f$lambda$loadResources$0$0 in balm.mixins.json:ReloadableServerResourcesMixin
[12May2025 05:36:37.446] [modloading-worker-0/DEBUG] [mixin/]: Mixing ReloadableServerResourcesMixin from blueprint.mixins.json into net.minecraft.server.ReloadableServerResources
[12May2025 05:36:37.466] [modloading-worker-0/DEBUG] [net.minecraftforge.coremod.transformer.CoreModBaseTransformer/COREMOD]: Transforming m_11229_ with desc (Lnet/minecraft/server/level/ServerPlayer;Lnet/minecraft/server/level/ServerLevel;)V
[12May2025 05:36:37.466] [modloading-worker-0/DEBUG] [net.minecraftforge.coremod.transformer.CoreModBaseTransformer/COREMOD]: Transforming m_11229_ with desc (Lnet/minecraft/server/level/ServerPlayer;Lnet/minecraft/server/level/ServerLevel;)V
[12May2025 05:36:37.467] [modloading-worker-0/DEBUG] [mixin/]: Mixing PlayerListMixin from balm.mixins.json into net.minecraft.server.players.PlayerList
[12May2025 05:36:37.479] [modloading-worker-0/DEBUG] [mixin/]: Mixing RecipeManagerAccessor from botania_xplat.mixins.json into net.minecraft.world.item.crafting.RecipeManager
[12May2025 05:36:37.480] [modloading-worker-0/DEBUG] [mixin/]: Mixing perf.datapack_reload_exceptions.RecipeManagerMixin from modernfix-forge.mixins.json into net.minecraft.world.item.crafting.RecipeManager
[12May2025 05:36:37.480] [modloading-worker-0/DEBUG] [net.minecraftforge.fml.javafmlmod.AutomaticEventSubscriber/LOADING]: Attempting to inject @EventBusSubscriber classes into the eventbus for obscure_api
[12May2025 05:36:37.480] [modloading-worker-0/DEBUG] [net.minecraftforge.fml.javafmlmod.AutomaticEventSubscriber/LOADING]: Auto-subscribing com.obscuria.obscureapi.registry.ObscureAPICommands to FORGE
[12May2025 05:36:37.485] [modloading-worker-0/DEBUG] [net.minecraftforge.fml.javafmlmod.AutomaticEventSubscriber/LOADING]: Auto-subscribing com.obscuria.obscureapi.network.ReloadMessage to MOD
[12May2025 05:36:37.486] [modloading-worker-0/DEBUG] [net.minecraftforge.fml.javafmlmod.AutomaticEventSubscriber/LOADING]: Auto-subscribing com.obscuria.obscureapi.network.PlayerDataCapability to MOD
[12May2025 05:36:37.487] [modloading-worker-0/DEBUG] [mixin/]: Mixing SimpleJsonResourceReloadListenerMixin from blueprint.mixins.json into net.minecraft.server.packs.resources.SimpleJsonResourceReloadListener
[12May2025 05:36:37.494] [modloading-worker-0/DEBUG] [mixin/]: Mixing ConditionHackMixin from moonlight.mixins.json into net.minecraft.server.packs.resources.SimplePreparableReloadListener
[12May2025 05:36:37.499] [modloading-worker-0/DEBUG] [net.minecraftforge.fml.javafmlmod.AutomaticEventSubscriber/LOADING]: Auto-subscribing com.obscuria.obscureapi.network.PlayerDataCapability$PlayerDataProvider to FORGE
[12May2025 05:36:37.581] [modloading-worker-0/DEBUG] [net.minecraftforge.fml.javafmlmod.AutomaticEventSubscriber/LOADING]: Auto-subscribing com.obscuria.obscureapi.network.PlayerDataCapability$EventBusHandlers to FORGE
[12May2025 05:36:37.585] [modloading-worker-0/DEBUG] [net.minecraftforge.fml.javafmlmod.AutomaticEventSubscriber/LOADING]: Attempting to inject @EventBusSubscriber classes into the eventbus for sophisticatedcore
[12May2025 05:36:37.588] [modloading-worker-0/DEBUG] [net.minecraftforge.fml.javafmlmod.AutomaticEventSubscriber/LOADING]: Auto-subscribing com.obscuria.obscureapi.network.AnimationStopMessage to MOD
[12May2025 05:36:37.592] [modloading-worker-0/DEBUG] [net.minecraftforge.fml.javafmlmod.AutomaticEventSubscriber/LOADING]: Auto-subscribing com.obscuria.obscureapi.network.AnimationPlayMessage to MOD
[12May2025 05:36:37.624] [modloading-worker-0/DEBUG] [xaero.map.WorldMap/]: Loaded xaero.map.platform.services.ForgePlatformHelper@1dbfa935 for service interface xaero.map.platform.services.IPlatformHelper
[12May2025 05:36:37.646] [modloading-worker-0/DEBUG] [net.minecraftforge.fml.javafmlmod.AutomaticEventSubscriber/LOADING]: Attempting to inject @EventBusSubscriber classes into the eventbus for xaeroworldmap
[12May2025 05:36:37.662] [modloading-worker-0/DEBUG] [net.minecraftforge.fml.config.ConfigTracker/CONFIG]: Config file modernfix-common.toml for modernfix tracking
[12May2025 05:36:37.668] [modloading-worker-0/DEBUG] [net.minecraftforge.fml.javafmlmod.AutomaticEventSubscriber/LOADING]: Attempting to inject @EventBusSubscriber classes into the eventbus for modernfix
[12May2025 05:36:37.673] [modloading-worker-0/DEBUG] [net.minecraftforge.fml.config.ConfigTracker/CONFIG]: Config file jei-server.toml for jei tracking
[12May2025 05:36:37.678] [modloading-worker-0/DEBUG] [net.minecraftforge.fml.javafmlmod.AutomaticEventSubscriber/LOADING]: Attempting to inject @EventBusSubscriber classes into the eventbus for jei
[12May2025 05:36:37.718] [modloading-worker-0/DEBUG] [betterfortresses/]: Loaded com.yungnickyoung.minecraft.betterfortresses.services.ForgePlatformHelper@4051693 for service interface com.yungnickyoung.minecraft.betterfortresses.services.IPlatformHelper
[12May2025 05:36:37.718] [modloading-worker-0/DEBUG] [betterfortresses/]: Loaded com.yungnickyoung.minecraft.betterfortresses.services.ForgeModulesLoader@5418cc1e for service interface com.yungnickyoung.minecraft.betterfortresses.services.IModulesLoader
[12May2025 05:36:37.722] [modloading-worker-0/DEBUG] [betterfortresses/]: Loaded com.yungnickyoung.minecraft.betterfortresses.services.ForgeProcessorProvider@59afd947 for service interface com.yungnickyoung.minecraft.betterfortresses.services.IProcessorProvider
[12May2025 05:36:37.744] [modloading-worker-0/DEBUG] [net.minecraftforge.fml.config.ConfigTracker/CONFIG]: Config file waystones-common.toml for waystones tracking
[12May2025 05:36:37.767] [modloading-worker-0/DEBUG] [net.minecraftforge.fml.javafmlmod.AutomaticEventSubscriber/LOADING]: Attempting to inject @EventBusSubscriber classes into the eventbus for yungsapi
[12May2025 05:36:37.922] [modloading-worker-0/DEBUG] [net.minecraftforge.fml.javafmlmod.AutomaticEventSubscriber/LOADING]: Attempting to inject @EventBusSubscriber classes into the eventbus for decorative_blocks
[12May2025 05:36:37.922] [modloading-worker-0/DEBUG] [net.minecraftforge.fml.javafmlmod.AutomaticEventSubscriber/LOADING]: Auto-subscribing lilypuree.decorative_blocks.events.EventHandler to FORGE
[12May2025 05:36:37.936] [modloading-worker-0/DEBUG] [net.minecraftforge.fml.javafmlmod.AutomaticEventSubscriber/LOADING]: Auto-subscribing lilypuree.decorative_blocks.datagen.DataGenerators to MOD
[12May2025 05:36:37.939] [modloading-worker-0/DEBUG] [net.minecraftforge.fml.javafmlmod.AutomaticEventSubscriber/LOADING]: Attempting to inject @EventBusSubscriber classes into the eventbus for waystones
[12May2025 05:36:37.944] [modloading-worker-0/DEBUG] [net.minecraftforge.fml.javafmlmod.AutomaticEventSubscriber/LOADING]: Attempting to inject @EventBusSubscriber classes into the eventbus for mixinextras
[12May2025 05:36:37.945] [modloading-worker-0/DEBUG] [net.minecraftforge.fml.javafmlmod.AutomaticEventSubscriber/LOADING]: Attempting to inject @EventBusSubscriber classes into the eventbus for glitchcore
[12May2025 05:36:37.945] [modloading-worker-0/DEBUG] [net.minecraftforge.fml.javafmlmod.AutomaticEventSubscriber/LOADING]: Auto-subscribing glitchcore.forge.handlers.VillagerTradesEventHandler to FORGE
[12May2025 05:36:37.949] [modloading-worker-0/DEBUG] [net.minecraftforge.fml.javafmlmod.AutomaticEventSubscriber/LOADING]: Auto-subscribing glitchcore.forge.handlers.TooltipEventHandler to FORGE
[12May2025 05:36:37.954] [modloading-worker-0/DEBUG] [net.minecraftforge.fml.javafmlmod.AutomaticEventSubscriber/LOADING]: Auto-subscribing glitchcore.forge.handlers.ToolModificationEventHandler to FORGE
[12May2025 05:36:37.960] [modloading-worker-0/DEBUG] [net.minecraftforge.fml.javafmlmod.AutomaticEventSubscriber/LOADING]: Auto-subscribing glitchcore.forge.handlers.TickEventHandler to FORGE
[12May2025 05:36:37.963] [modloading-worker-0/DEBUG] [net.minecraftforge.fml.javafmlmod.AutomaticEventSubscriber/LOADING]: Auto-subscribing glitchcore.forge.handlers.TagsUpdatedEventHandler to FORGE
[12May2025 05:36:37.964] [modloading-worker-0/DEBUG] [net.minecraftforge.fml.javafmlmod.AutomaticEventSubscriber/LOADING]: Auto-subscribing glitchcore.forge.handlers.RegistryEventHandler to MOD
[12May2025 05:36:37.967] [modloading-worker-0/DEBUG] [net.minecraftforge.fml.javafmlmod.AutomaticEventSubscriber/LOADING]: Auto-subscribing glitchcore.forge.handlers.RegisterCommandsEventHandler to FORGE
[12May2025 05:36:37.968] [modloading-worker-0/DEBUG] [net.minecraftforge.fml.javafmlmod.AutomaticEventSubscriber/LOADING]: Auto-subscribing glitchcore.forge.handlers.InteractionEventHandler to FORGE
[12May2025 05:36:37.984] [modloading-worker-0/DEBUG] [net.minecraftforge.fml.javafmlmod.AutomaticEventSubscriber/LOADING]: Attempting to inject @EventBusSubscriber classes into the eventbus for bettermobs
[12May2025 05:36:37.984] [modloading-worker-0/DEBUG] [net.minecraftforge.fml.javafmlmod.AutomaticEventSubscriber/LOADING]: Auto-subscribing net.mcreator.bettermobs.init.BettermobsModTabs to MOD
[12May2025 05:36:37.984] [modloading-worker-0/DEBUG] [net.minecraftforge.fml.javafmlmod.AutomaticEventSubscriber/LOADING]: Auto-subscribing net.mcreator.bettermobs.init.BettermobsModEntities to MOD
[12May2025 05:36:38.003] [modloading-worker-0/DEBUG] [net.minecraftforge.fml.config.ConfigTracker/CONFIG]: Config file balm-common.toml for balm tracking
[12May2025 05:36:38.012] [modloading-worker-0/DEBUG] [net.minecraftforge.fml.javafmlmod.AutomaticEventSubscriber/LOADING]: Attempting to inject @EventBusSubscriber classes into the eventbus for balm
[12May2025 05:36:38.037] [modloading-worker-0/DEBUG] [net.minecraftforge.fml.config.ConfigTracker/CONFIG]: Config file sophisticatedbackpacks-server.toml for sophisticatedbackpacks tracking
[12May2025 05:36:38.037] [modloading-worker-0/DEBUG] [net.minecraftforge.fml.config.ConfigTracker/CONFIG]: Config file sophisticatedbackpacks-common.toml for sophisticatedbackpacks tracking
[12May2025 05:36:38.074] [modloading-worker-0/DEBUG] [mixin/]: Mixing CommandExceptionLoggingMixin from cupboard.mixins.json into net.minecraft.commands.Commands
[12May2025 05:36:38.082] [modloading-worker-0/DEBUG] [mixin/]: Mixing LootDataManagerMixin from blueprint.mixins.json into net.minecraft.world.level.storage.loot.LootDataManager
[12May2025 05:36:38.082] [modloading-worker-0/DEBUG] [mixin/]: Renaming synthetic method lambda$modifyLootTables$0(Lcom/teamabnormals/blueprint/common/loot/modification/LootModificationManager;Lnet/minecraft/resources/ResourceLocation;Lnet/minecraft/world/level/storage/loot/LootTable;)V to md5e188f$lambda$modifyLootTables$0$0 in blueprint.mixins.json:LootDataManagerMixin
[12May2025 05:36:38.089] [modloading-worker-0/DEBUG] [mixin/]: Mixing ServerAdvancementManagerMixin from quark.mixins.json into net.minecraft.server.ServerAdvancementManager
[12May2025 05:36:38.121] [modloading-worker-0/DEBUG] [net.minecraftforge.fml.config.ConfigTracker/CONFIG]: Config file blueprint-client.toml for blueprint tracking
[12May2025 05:36:38.121] [modloading-worker-0/DEBUG] [net.minecraftforge.fml.config.ConfigTracker/CONFIG]: Config file blueprint-common.toml for blueprint tracking
[12May2025 05:36:38.122] [modloading-worker-0/DEBUG] [net.minecraftforge.fml.javafmlmod.AutomaticEventSubscriber/LOADING]: Attempting to inject @EventBusSubscriber classes into the eventbus for blueprint
[12May2025 05:36:38.122] [modloading-worker-0/DEBUG] [net.minecraftforge.fml.javafmlmod.AutomaticEventSubscriber/LOADING]: Auto-subscribing com.teamabnormals.blueprint.core.util.DataUtil to FORGE
[12May2025 05:36:38.128] [modloading-worker-0/DEBUG] [net.minecraftforge.fml.javafmlmod.AutomaticEventSubscriber/LOADING]: Auto-subscribing com.teamabnormals.blueprint.core.registry.BlueprintEntityTypes to MOD
[12May2025 05:36:38.140] [modloading-worker-0/DEBUG] [net.minecraftforge.fml.javafmlmod.AutomaticEventSubscriber/LOADING]: Auto-subscribing com.teamabnormals.blueprint.core.registry.BlueprintBlockEntityTypes to MOD
[12May2025 05:36:38.151] [modloading-worker-0/DEBUG] [net.minecraftforge.fml.javafmlmod.AutomaticEventSubscriber/LOADING]: Auto-subscribing com.teamabnormals.blueprint.core.other.BlueprintEvents to FORGE
[12May2025 05:36:38.155] [modloading-worker-0/DEBUG] [net.minecraftforge.fml.javafmlmod.AutomaticEventSubscriber/LOADING]: Auto-subscribing com.teamabnormals.blueprint.core.Blueprint to MOD
[12May2025 05:36:38.155] [modloading-worker-0/DEBUG] [net.minecraftforge.fml.javafmlmod.AutomaticEventSubscriber/LOADING]: Auto-subscribing com.teamabnormals.blueprint.common.world.modification.structure.StructureRepalleterManager to FORGE
[12May2025 05:36:38.179] [modloading-worker-0/DEBUG] [net.minecraftforge.fml.javafmlmod.AutomaticEventSubscriber/LOADING]: Auto-subscribing com.teamabnormals.blueprint.common.world.modification.chunk.ChunkGeneratorModificationManager to FORGE
[12May2025 05:36:38.184] [modloading-worker-0/DEBUG] [net.minecraftforge.fml.javafmlmod.AutomaticEventSubscriber/LOADING]: Auto-subscribing com.teamabnormals.blueprint.common.loot.modification.LootModificationManager to FORGE
[12May2025 05:36:38.211] [modloading-worker-0/DEBUG] [mixin/]: Mixing LootTableMixin from balm.mixins.json into net.minecraft.world.level.storage.loot.LootTable
[12May2025 05:36:38.212] [modloading-worker-0/DEBUG] [mixin/]: Mixing LootTableMixin from botania_xplat.mixins.json into net.minecraft.world.level.storage.loot.LootTable
[12May2025 05:36:38.212] [modloading-worker-0/DEBUG] [mixin/]: Renaming synthetic method lambda$filterDisposables$0(Lnet/minecraft/world/level/storage/loot/LootContext;Ljava/util/function/Consumer;Lnet/minecraft/world/item/ItemStack;)V to md5e188f$lambda$filterDisposables$0$0 in botania_xplat.mixins.json:LootTableMixin
[12May2025 05:36:38.215] [modloading-worker-0/DEBUG] [mixin/]: Mixing AccessorLootTable from zeta.mixins.json into net.minecraft.world.level.storage.loot.LootTable
[12May2025 05:36:38.222] [modloading-worker-0/DEBUG] [net.minecraftforge.fml.javafmlmod.AutomaticEventSubscriber/LOADING]: Attempting to inject @EventBusSubscriber classes into the eventbus for sophisticatedbackpacks
[12May2025 05:36:38.224] [modloading-worker-0/DEBUG] [net.minecraftforge.fml.javafmlmod.AutomaticEventSubscriber/LOADING]: Auto-subscribing com.teamabnormals.blueprint.common.advancement.modification.AdvancementModificationManager to FORGE
[12May2025 05:36:38.229] [modloading-worker-0/DEBUG] [net.minecraftforge.fml.config.ConfigTracker/CONFIG]: Config file jeresources-common.toml for jeresources tracking
[12May2025 05:36:38.234] [modloading-worker-0/DEBUG] [jeresources/]: Loaded jeresources.forge.ForgePlatformHelper@30fd3786 for service interface jeresources.platform.IPlatformHelper
[12May2025 05:36:38.234] [modloading-worker-0/DEBUG] [jeresources/]: Loading config file /workspaces/MS-1/servidor_minecraft/config/jeresources.toml
[12May2025 05:36:38.234] [modloading-worker-0/DEBUG] [jeresources/]: Built TOML config for /workspaces/MS-1/servidor_minecraft/config/jeresources.toml
[12May2025 05:36:38.237] [modloading-worker-0/DEBUG] [jeresources/]: Loaded TOML config file /workspaces/MS-1/servidor_minecraft/config/jeresources.toml
[12May2025 05:36:38.249] [modloading-worker-0/DEBUG] [net.minecraftforge.fml.config.ConfigTracker/CONFIG]: Config file betterfortresses-forge-1_20.toml for betterfortresses tracking
[12May2025 05:36:38.250] [modloading-worker-0/DEBUG] [net.minecraftforge.fml.javafmlmod.AutomaticEventSubscriber/LOADING]: Attempting to inject @EventBusSubscriber classes into the eventbus for betterfortresses
[12May2025 05:36:38.251] [modloading-worker-0/DEBUG] [net.minecraftforge.fml.javafmlmod.AutomaticEventSubscriber/LOADING]: Attempting to inject @EventBusSubscriber classes into the eventbus for cloth_config
[12May2025 05:36:38.254] [modloading-worker-0/DEBUG] [net.minecraftforge.fml.javafmlmod.AutomaticEventSubscriber/LOADING]: Attempting to inject @EventBusSubscriber classes into the eventbus for sound_physics_remastered
[12May2025 05:36:38.259] [modloading-worker-0/DEBUG] [net.minecraftforge.fml.javafmlmod.AutomaticEventSubscriber/LOADING]: Attempting to inject @EventBusSubscriber classes into the eventbus for jeresources
[12May2025 05:36:38.260] [modloading-worker-0/DEBUG] [net.minecraftforge.fml.javafmlmod.AutomaticEventSubscriber/LOADING]: Attempting to inject @EventBusSubscriber classes into the eventbus for ctov
[12May2025 05:36:38.271] [modloading-worker-0/DEBUG] [net.minecraftforge.versions.forge.ForgeVersion/CORE]: Forge Version package package net.minecraftforge.versions.forge, Forge, version 47.3 from cpw.mods.modlauncher.TransformingClassLoader@58c42c8c
[12May2025 05:36:38.271] [modloading-worker-0/DEBUG] [net.minecraftforge.versions.forge.ForgeVersion/CORE]: Found Forge version 47.3.7
[12May2025 05:36:38.271] [modloading-worker-0/DEBUG] [net.minecraftforge.versions.forge.ForgeVersion/CORE]: Found Forge spec 47.3
[12May2025 05:36:38.271] [modloading-worker-0/DEBUG] [net.minecraftforge.versions.forge.ForgeVersion/CORE]: Found Forge group net.minecraftforge
[12May2025 05:36:38.274] [modloading-worker-0/DEBUG] [net.minecraftforge.versions.mcp.MCPVersion/CORE]: MCP Version package package net.minecraftforge.versions.mcp, Minecraft, version 1.20.1 from cpw.mods.modlauncher.TransformingClassLoader@58c42c8c
[12May2025 05:36:38.274] [modloading-worker-0/DEBUG] [net.minecraftforge.versions.mcp.MCPVersion/CORE]: Found MC version information 1.20.1
[12May2025 05:36:38.274] [modloading-worker-0/DEBUG] [net.minecraftforge.versions.mcp.MCPVersion/CORE]: Found MCP version information 20230612.114412
[12May2025 05:36:38.274] [modloading-worker-0/INFO] [net.minecraftforge.common.ForgeMod/FORGEMOD]: Forge mod loading, version 47.3.7, for MC 1.20.1 with MCP 20230612.114412
[12May2025 05:36:38.275] [modloading-worker-0/INFO] [net.minecraftforge.common.MinecraftForge/FORGE]: MinecraftForge v47.3.7 Initialized
[12May2025 05:36:38.285] [modloading-worker-0/DEBUG] [net.minecraftforge.fml.config.ConfigTracker/CONFIG]: Config file twilightforest-common.toml for twilightforest tracking
[12May2025 05:36:38.287] [modloading-worker-0/DEBUG] [net.minecraftforge.fml.config.ConfigTracker/CONFIG]: Config file twilightforest-client.toml for twilightforest tracking
[12May2025 05:36:38.305] [modloading-worker-0/DEBUG] [net.minecraftforge.common.ForgeMod/FORGEMOD]: Loading Network data for FML net version: FML3
[12May2025 05:36:38.319] [modloading-worker-0/DEBUG] [net.minecraftforge.fml.config.ConfigTracker/CONFIG]: Config file forge-client.toml for forge tracking
[12May2025 05:36:38.319] [modloading-worker-0/DEBUG] [net.minecraftforge.fml.config.ConfigTracker/CONFIG]: Config file forge-server.toml for forge tracking
[12May2025 05:36:38.319] [modloading-worker-0/DEBUG] [net.minecraftforge.fml.ModLoadingContext/]: Attempted to register an empty config for type COMMON on mod forge
[12May2025 05:36:38.345] [modloading-worker-0/DEBUG] [net.minecraftforge.fml.javafmlmod.AutomaticEventSubscriber/LOADING]: Attempting to inject @EventBusSubscriber classes into the eventbus for forge
[12May2025 05:36:38.347] [modloading-worker-0/DEBUG] [net.minecraftforge.fml.javafmlmod.AutomaticEventSubscriber/LOADING]: Auto-subscribing net.minecraftforge.common.ForgeSpawnEggItem$CommonHandler to MOD
[12May2025 05:36:38.349] [modloading-worker-0/DEBUG] [net.minecraftforge.fml.javafmlmod.AutomaticEventSubscriber/LOADING]: Attempting to inject @EventBusSubscriber classes into the eventbus for athena
[12May2025 05:36:38.352] [modloading-worker-0/DEBUG] [net.minecraftforge.fml.javafmlmod.AutomaticEventSubscriber/LOADING]: Attempting to inject @EventBusSubscriber classes into the eventbus for dungeons_arise
[12May2025 05:36:38.874] [modloading-worker-0/DEBUG] [net.minecraftforge.fml.javafmlmod.AutomaticEventSubscriber/LOADING]: Attempting to inject @EventBusSubscriber classes into the eventbus for chipped
[12May2025 05:36:38.896] [modloading-worker-0/DEBUG] [net.minecraftforge.fml.config.ConfigTracker/CONFIG]: Config file torchmaster.toml for torchmaster tracking
[12May2025 05:36:38.896] [modloading-worker-0/DEBUG] [net.minecraftforge.fml.javafmlmod.AutomaticEventSubscriber/LOADING]: Attempting to inject @EventBusSubscriber classes into the eventbus for torchmaster
[12May2025 05:36:38.896] [modloading-worker-0/DEBUG] [net.minecraftforge.fml.javafmlmod.AutomaticEventSubscriber/LOADING]: Auto-subscribing net.xalcon.torchmaster.common.logic.entityblocking.EntityBlockingEventHandler to FORGE
[12May2025 05:36:38.901] [modloading-worker-0/DEBUG] [net.minecraftforge.coremod.transformer.CoreModBaseTransformer/COREMOD]: Transforming net/minecraft/world/entity/ai/village/VillageSiege
[12May2025 05:36:38.925] [modloading-worker-0/DEBUG] [net.minecraftforge.fml.javafmlmod.AutomaticEventSubscriber/LOADING]: Auto-subscribing net.xalcon.torchmaster.TorchmasterConfig to MOD
[12May2025 05:36:38.925] [modloading-worker-0/INFO] [Better Compatibility Checker/]: Better Compatibility Checker starting
[12May2025 05:36:38.926] [modloading-worker-0/DEBUG] [net.minecraftforge.fml.config.ConfigTracker/CONFIG]: Config file bcc-common.toml for bcc tracking
[12May2025 05:36:38.927] [modloading-worker-0/DEBUG] [net.minecraftforge.fml.javafmlmod.AutomaticEventSubscriber/LOADING]: Attempting to inject @EventBusSubscriber classes into the eventbus for bcc
[12May2025 05:36:38.942] [modloading-worker-0/DEBUG] [net.minecraftforge.fml.javafmlmod.AutomaticEventSubscriber/LOADING]: Attempting to inject @EventBusSubscriber classes into the eventbus for terrablender
[12May2025 05:36:38.942] [modloading-worker-0/DEBUG] [net.minecraftforge.fml.javafmlmod.AutomaticEventSubscriber/LOADING]: Auto-subscribing terrablender.handler.InitializationHandler to FORGE
[12May2025 05:36:39.073] [modloading-worker-0/DEBUG] [net.minecraftforge.fml.config.ConfigTracker/CONFIG]: Config file moonlight-common.toml for moonlight tracking
[12May2025 05:36:39.141] [modloading-worker-0/DEBUG] [net.minecraftforge.fml.javafmlmod.AutomaticEventSubscriber/LOADING]: Attempting to inject @EventBusSubscriber classes into the eventbus for moonlight
[12May2025 05:36:39.313] [modloading-worker-0/DEBUG] [io.netty.buffer.AbstractByteBuf/]: -Dio.netty.buffer.checkAccessible: true
[12May2025 05:36:39.314] [modloading-worker-0/DEBUG] [io.netty.buffer.AbstractByteBuf/]: -Dio.netty.buffer.checkBounds: true
[12May2025 05:36:39.316] [modloading-worker-0/DEBUG] [io.netty.util.ResourceLeakDetectorFactory/]: Loaded default ResourceLeakDetector: io.netty.util.ResourceLeakDetector@168744cd
[12May2025 05:36:39.348] [modloading-worker-0/DEBUG] [net.minecraftforge.fml.javafmlmod.AutomaticEventSubscriber/LOADING]: Attempting to inject @EventBusSubscriber classes into the eventbus for bettercombat
[12May2025 05:36:39.348] [modloading-worker-0/DEBUG] [net.minecraftforge.fml.javafmlmod.AutomaticEventSubscriber/LOADING]: Auto-subscribing net.bettercombat.forge.events.ForgeModEvents to MOD
[12May2025 05:36:39.349] [modloading-worker-0/DEBUG] [net.minecraftforge.fml.javafmlmod.AutomaticEventSubscriber/LOADING]: Auto-subscribing net.bettercombat.forge.events.ForgeEvents to FORGE
[12May2025 05:36:39.462] [modloading-worker-0/DEBUG] [mixin/]: Mixing MerchantOfferMixin from quark.mixins.json into net.minecraft.world.item.trading.MerchantOffer
[12May2025 05:36:39.463] [modloading-worker-0/DEBUG] [mixin/]: Mixing accessor.AccessorMerchantOffer from quark.mixins.json into net.minecraft.world.item.trading.MerchantOffer
[12May2025 05:36:39.475] [modloading-worker-0/DEBUG] [net.minecraftforge.fml.config.ConfigTracker/CONFIG]: Config file immersiveengineering-common.toml for immersiveengineering tracking
[12May2025 05:36:39.477] [modloading-worker-0/DEBUG] [net.minecraftforge.fml.config.ConfigTracker/CONFIG]: Config file immersiveengineering-client.toml for immersiveengineering tracking
[12May2025 05:36:39.514] [modloading-worker-0/DEBUG] [net.minecraftforge.fml.config.ConfigTracker/CONFIG]: Config file immersiveengineering-server.toml for immersiveengineering tracking
[12May2025 05:36:39.629] [modloading-worker-0/DEBUG] [net.minecraftforge.fml.javafmlmod.AutomaticEventSubscriber/LOADING]: Attempting to inject @EventBusSubscriber classes into the eventbus for twilightforest
[12May2025 05:36:39.631] [modloading-worker-0/DEBUG] [net.minecraftforge.fml.javafmlmod.AutomaticEventSubscriber/LOADING]: Auto-subscribing twilightforest.util.TFRemapper to FORGE
[12May2025 05:36:39.634] [modloading-worker-0/DEBUG] [net.minecraftforge.fml.javafmlmod.AutomaticEventSubscriber/LOADING]: Auto-subscribing twilightforest.loot.modifiers.GiantToolGroupingModifier to FORGE
[12May2025 05:36:39.639] [modloading-worker-0/DEBUG] [net.minecraftforge.fml.javafmlmod.AutomaticEventSubscriber/LOADING]: Auto-subscribing twilightforest.item.OreMagnetItem to FORGE
[12May2025 05:36:39.647] [modloading-worker-0/DEBUG] [net.minecraftforge.fml.javafmlmod.AutomaticEventSubscriber/LOADING]: Auto-subscribing twilightforest.item.FierySwordItem to FORGE
[12May2025 05:36:39.649] [modloading-worker-0/DEBUG] [net.minecraftforge.fml.javafmlmod.AutomaticEventSubscriber/LOADING]: Auto-subscribing twilightforest.init.TFEntities to MOD
[12May2025 05:36:39.651] [modloading-worker-0/DEBUG] [net.minecraftforge.fml.javafmlmod.AutomaticEventSubscriber/LOADING]: Auto-subscribing twilightforest.init.TFCaveCarvers to MOD
[12May2025 05:36:39.657] [modloading-worker-0/DEBUG] [net.minecraftforge.fml.javafmlmod.AutomaticEventSubscriber/LOADING]: Auto-subscribing twilightforest.events.ToolEvents to FORGE
[12May2025 05:36:39.662] [modloading-worker-0/DEBUG] [net.minecraftforge.fml.javafmlmod.AutomaticEventSubscriber/LOADING]: Auto-subscribing twilightforest.events.ProgressionEvents to FORGE
[12May2025 05:36:39.667] [modloading-worker-0/DEBUG] [net.minecraftforge.fml.javafmlmod.AutomaticEventSubscriber/LOADING]: Auto-subscribing twilightforest.events.MiscEvents to FORGE
[12May2025 05:36:39.669] [modloading-worker-0/DEBUG] [net.minecraftforge.fml.javafmlmod.AutomaticEventSubscriber/LOADING]: Auto-subscribing twilightforest.events.HostileMountEvents to FORGE
[12May2025 05:36:39.676] [modloading-worker-0/DEBUG] [net.minecraftforge.fml.javafmlmod.AutomaticEventSubscriber/LOADING]: Auto-subscribing twilightforest.events.EntityEvents to FORGE
[12May2025 05:36:39.693] [modloading-worker-0/DEBUG] [net.minecraftforge.fml.javafmlmod.AutomaticEventSubscriber/LOADING]: Auto-subscribing twilightforest.events.CharmEvents to FORGE
[12May2025 05:36:39.698] [modloading-worker-0/DEBUG] [net.minecraftforge.fml.javafmlmod.AutomaticEventSubscriber/LOADING]: Auto-subscribing twilightforest.events.CapabilityEvents to FORGE
[12May2025 05:36:39.710] [modloading-worker-0/DEBUG] [net.minecraftforge.fml.javafmlmod.AutomaticEventSubscriber/LOADING]: Auto-subscribing twilightforest.data.DataGenerators to MOD
[12May2025 05:36:39.717] [modloading-worker-0/DEBUG] [net.minecraftforge.fml.javafmlmod.AutomaticEventSubscriber/LOADING]: Auto-subscribing twilightforest.TFTickHandler to FORGE
[12May2025 05:36:39.719] [modloading-worker-0/DEBUG] [net.minecraftforge.fml.javafmlmod.AutomaticEventSubscriber/LOADING]: Auto-subscribing twilightforest.TFConfig to MOD
[12May2025 05:36:39.721] [modloading-worker-0/DEBUG] [net.minecraftforge.fml.javafmlmod.AutomaticEventSubscriber/LOADING]: Auto-subscribing twilightforest.TFConfig$ConfigSync to FORGE
[12May2025 05:36:40.073] [modloading-worker-0/DEBUG] [net.minecraftforge.fml.javafmlmod.AutomaticEventSubscriber/LOADING]: Attempting to inject @EventBusSubscriber classes into the eventbus for choups_drakvyrn_mod
[12May2025 05:36:40.075] [modloading-worker-0/DEBUG] [net.minecraftforge.fml.javafmlmod.AutomaticEventSubscriber/LOADING]: Auto-subscribing net.mcreator.choupsdrakvyrnmod.recipes.brewing.SandyTocinPotionRecipeBrewingRecipe to MOD
[12May2025 05:36:40.076] [modloading-worker-0/DEBUG] [net.minecraftforge.fml.javafmlmod.AutomaticEventSubscriber/LOADING]: Auto-subscribing net.mcreator.choupsdrakvyrnmod.recipes.brewing.PoisonPotionRecipeDrakletBrewingRecipe to MOD
[12May2025 05:36:40.077] [modloading-worker-0/DEBUG] [net.minecraftforge.fml.javafmlmod.AutomaticEventSubscriber/LOADING]: Auto-subscribing net.mcreator.choupsdrakvyrnmod.recipes.brewing.OnFirePotionrecipeBrewingRecipe to MOD
[12May2025 05:36:40.080] [modloading-worker-0/DEBUG] [net.minecraftforge.fml.javafmlmod.AutomaticEventSubscriber/LOADING]: Auto-subscribing net.mcreator.choupsdrakvyrnmod.procedures.WarpedDravyrnTimerProcedure to FORGE
[12May2025 05:36:40.080] [modloading-worker-0/DEBUG] [net.minecraftforge.fml.javafmlmod.AutomaticEventSubscriber/LOADING]: Auto-subscribing net.mcreator.choupsdrakvyrnmod.procedures.SilverDravyrnTimerProcedure to FORGE
[12May2025 05:36:40.083] [modloading-worker-0/DEBUG] [net.minecraftforge.fml.javafmlmod.AutomaticEventSubscriber/LOADING]: Auto-subscribing net.mcreator.choupsdrakvyrnmod.procedures.RedDrakvyrnScaleArmorprocedureProcedure to FORGE
[12May2025 05:36:40.084] [modloading-worker-0/DEBUG] [net.minecraftforge.fml.javafmlmod.AutomaticEventSubscriber/LOADING]: Auto-subscribing net.mcreator.choupsdrakvyrnmod.procedures.PurpleDravyrnTimerProcedure to FORGE
[12May2025 05:36:40.085] [modloading-worker-0/DEBUG] [net.minecraftforge.fml.javafmlmod.AutomaticEventSubscriber/LOADING]: Auto-subscribing net.mcreator.choupsdrakvyrnmod.procedures.PoisonousDaggerEnchantedProcedureProcedure to FORGE
[12May2025 05:36:40.086] [modloading-worker-0/DEBUG] [net.minecraftforge.fml.javafmlmod.AutomaticEventSubscriber/LOADING]: Auto-subscribing net.mcreator.choupsdrakvyrnmod.procedures.GroundDrakvyrnAttackTimerProcedure to FORGE
[12May2025 05:36:40.088] [modloading-worker-0/DEBUG] [net.minecraftforge.fml.javafmlmod.AutomaticEventSubscriber/LOADING]: Auto-subscribing net.mcreator.choupsdrakvyrnmod.procedures.GreenDravyrnTimerProcedure to FORGE
[12May2025 05:36:40.089] [modloading-worker-0/DEBUG] [net.minecraftforge.fml.javafmlmod.AutomaticEventSubscriber/LOADING]: Auto-subscribing net.mcreator.choupsdrakvyrnmod.procedures.DrozenSlayerAdvancementProcedure to FORGE
[12May2025 05:36:40.091] [modloading-worker-0/DEBUG] [net.minecraftforge.fml.javafmlmod.AutomaticEventSubscriber/LOADING]: Auto-subscribing net.mcreator.choupsdrakvyrnmod.procedures.DrozenHitsAnotherEntityProcedure to FORGE
[12May2025 05:36:40.092] [modloading-worker-0/DEBUG] [net.minecraftforge.fml.javafmlmod.AutomaticEventSubscriber/LOADING]: Auto-subscribing net.mcreator.choupsdrakvyrnmod.procedures.DraveSlayerAdvancementProcedure to FORGE
[12May2025 05:36:40.093] [modloading-worker-0/DEBUG] [net.minecraftforge.fml.javafmlmod.AutomaticEventSubscriber/LOADING]: Auto-subscribing net.mcreator.choupsdrakvyrnmod.procedures.DrakvyrnsScalesAdvancementProcedureProcedure to FORGE
[12May2025 05:36:40.095] [modloading-worker-0/DEBUG] [net.minecraftforge.fml.javafmlmod.AutomaticEventSubscriber/LOADING]: Auto-subscribing net.mcreator.choupsdrakvyrnmod.procedures.DrakvyrnSlayerAdvancementProcedureProcedure to FORGE
[12May2025 05:36:40.096] [modloading-worker-0/DEBUG] [net.minecraftforge.fml.javafmlmod.AutomaticEventSubscriber/LOADING]: Auto-subscribing net.mcreator.choupsdrakvyrnmod.procedures.DrakvyrnOnInitialEntitySpawnProcedure to FORGE
[12May2025 05:36:40.099] [modloading-worker-0/DEBUG] [net.minecraftforge.fml.javafmlmod.AutomaticEventSubscriber/LOADING]: Auto-subscribing net.mcreator.choupsdrakvyrnmod.procedures.DrakvyrnBoneToolsAdvancementProcedureProcedure to FORGE
[12May2025 05:36:40.100] [modloading-worker-0/DEBUG] [net.minecraftforge.fml.javafmlmod.AutomaticEventSubscriber/LOADING]: Auto-subscribing net.mcreator.choupsdrakvyrnmod.procedures.DrakletSlayerAdvancementProcedure to FORGE
[12May2025 05:36:40.101] [modloading-worker-0/DEBUG] [net.minecraftforge.fml.javafmlmod.AutomaticEventSubscriber/LOADING]: Auto-subscribing net.mcreator.choupsdrakvyrnmod.procedures.DrakletHitsAnotherEntityProcedure to FORGE
[12May2025 05:36:40.102] [modloading-worker-0/DEBUG] [net.minecraftforge.fml.javafmlmod.AutomaticEventSubscriber/LOADING]: Auto-subscribing net.mcreator.choupsdrakvyrnmod.procedures.DraekhaldeBootsOnEntityTickUpdateProcedure to FORGE
[12May2025 05:36:40.104] [modloading-worker-0/DEBUG] [net.minecraftforge.fml.javafmlmod.AutomaticEventSubscriber/LOADING]: Auto-subscribing net.mcreator.choupsdrakvyrnmod.procedures.DeakvyrnTimerProcedure to FORGE
[12May2025 05:36:40.105] [modloading-worker-0/DEBUG] [net.minecraftforge.fml.javafmlmod.AutomaticEventSubscriber/LOADING]: Auto-subscribing net.mcreator.choupsdrakvyrnmod.procedures.CrystallisedIronToolsAdvancmentProcedureProcedure to FORGE
[12May2025 05:36:40.108] [modloading-worker-0/DEBUG] [net.minecraftforge.fml.javafmlmod.AutomaticEventSubscriber/LOADING]: Auto-subscribing net.mcreator.choupsdrakvyrnmod.procedures.CrimsonDravyrnTimerProcedure to FORGE
[12May2025 05:36:40.109] [modloading-worker-0/DEBUG] [net.minecraftforge.fml.javafmlmod.AutomaticEventSubscriber/LOADING]: Auto-subscribing net.mcreator.choupsdrakvyrnmod.procedures.BrownDrakletArmorTickEventProcedure to FORGE
[12May2025 05:36:40.109] [modloading-worker-0/DEBUG] [net.minecraftforge.fml.javafmlmod.AutomaticEventSubscriber/LOADING]: Auto-subscribing net.mcreator.choupsdrakvyrnmod.procedures.BronzeDravyrnTimerProcedure to FORGE
[12May2025 05:36:40.110] [modloading-worker-0/DEBUG] [net.minecraftforge.fml.javafmlmod.AutomaticEventSubscriber/LOADING]: Auto-subscribing net.mcreator.choupsdrakvyrnmod.procedures.BlackDravyrnTimerProcedure to FORGE
[12May2025 05:36:40.112] [modloading-worker-0/DEBUG] [net.minecraftforge.fml.javafmlmod.AutomaticEventSubscriber/LOADING]: Auto-subscribing net.mcreator.choupsdrakvyrnmod.network.GroundDrakvyrnAttackMessage to MOD
[12May2025 05:36:40.113] [modloading-worker-0/DEBUG] [net.minecraftforge.fml.javafmlmod.AutomaticEventSubscriber/LOADING]: Auto-subscribing net.mcreator.choupsdrakvyrnmod.network.DrakvyrnUpwardMovementMessage to MOD
[12May2025 05:36:40.116] [modloading-worker-0/DEBUG] [net.minecraftforge.fml.javafmlmod.AutomaticEventSubscriber/LOADING]: Auto-subscribing net.mcreator.choupsdrakvyrnmod.network.DrakvyrnStraightMovementKeyMessage to MOD
[12May2025 05:36:40.117] [modloading-worker-0/DEBUG] [net.minecraftforge.fml.javafmlmod.AutomaticEventSubscriber/LOADING]: Auto-subscribing net.mcreator.choupsdrakvyrnmod.network.DrakvyrnDownwardMovementMessage to MOD
[12May2025 05:36:40.118] [modloading-worker-0/DEBUG] [net.minecraftforge.fml.javafmlmod.AutomaticEventSubscriber/LOADING]: Auto-subscribing net.mcreator.choupsdrakvyrnmod.network.DrakvyrnBackwardMovementKeyMessage to MOD
[12May2025 05:36:40.121] [modloading-worker-0/DEBUG] [net.minecraftforge.fml.javafmlmod.AutomaticEventSubscriber/LOADING]: Auto-subscribing net.mcreator.choupsdrakvyrnmod.network.ChoupsDrakvyrnModModVariables to MOD
[12May2025 05:36:40.121] [modloading-worker-0/DEBUG] [net.minecraftforge.fml.javafmlmod.AutomaticEventSubscriber/LOADING]: Auto-subscribing net.mcreator.choupsdrakvyrnmod.network.ChoupsDrakvyrnModModVariables$EventBusVariableHandlers to FORGE
[12May2025 05:36:40.126] [modloading-worker-0/DEBUG] [net.minecraftforge.fml.javafmlmod.AutomaticEventSubscriber/LOADING]: Auto-subscribing net.mcreator.choupsdrakvyrnmod.init.ItemAnimationFactory to FORGE
[12May2025 05:36:40.128] [modloading-worker-0/DEBUG] [net.minecraftforge.fml.javafmlmod.AutomaticEventSubscriber/LOADING]: Auto-subscribing net.mcreator.choupsdrakvyrnmod.init.EntityAnimationFactory to FORGE
[12May2025 05:36:40.129] [modloading-worker-0/DEBUG] [net.minecraftforge.fml.javafmlmod.AutomaticEventSubscriber/LOADING]: Auto-subscribing net.mcreator.choupsdrakvyrnmod.init.ChoupsDrakvyrnModModEntities to MOD
[12May2025 05:36:40.132] [modloading-worker-0/DEBUG] [net.minecraftforge.fml.javafmlmod.AutomaticEventSubscriber/LOADING]: Auto-subscribing net.mcreator.choupsdrakvyrnmod.init.ChoupsDrakvyrnModModCuriosSlots to MOD
[12May2025 05:36:40.133] [modloading-worker-0/DEBUG] [net.minecraftforge.fml.javafmlmod.AutomaticEventSubscriber/LOADING]: Auto-subscribing net.mcreator.choupsdrakvyrnmod.init.ChoupsDrakvyrnModModCuriosRenderers to MOD
[12May2025 05:36:40.134] [modloading-worker-0/DEBUG] [net.minecraftforge.fml.javafmlmod.AutomaticEventSubscriber/LOADING]: Auto-subscribing net.mcreator.choupsdrakvyrnmod.block.listener.ClientListener to MOD
[12May2025 05:36:40.142] [modloading-worker-0/DEBUG] [mixin/]: Mixing impl.MixinEnvironment from glitchcore.forge.mixins.json into glitchcore.util.Environment
[12May2025 05:36:40.251] [modloading-worker-0/DEBUG] [mixin/]: Mixing MixinBloodFluid from biomesoplenty.forge.mixins.json into biomesoplenty.block.BloodFluid
[12May2025 05:36:40.255] [modloading-worker-0/DEBUG] [mixin/]: Mixing MixinLiquidNullFluid from biomesoplenty.forge.mixins.json into biomesoplenty.block.LiquidNullFluid
[12May2025 05:36:40.334] [modloading-worker-0/DEBUG] [net.minecraftforge.fml.javafmlmod.AutomaticEventSubscriber/LOADING]: Attempting to inject @EventBusSubscriber classes into the eventbus for biomesoplenty
[12May2025 05:36:40.337] [modloading-worker-0/DEBUG] [net.minecraftforge.fml.javafmlmod.AutomaticEventSubscriber/LOADING]: Auto-subscribing biomesoplenty.forge.handler.MissingMappingsHandler to FORGE
[12May2025 05:36:40.338] [modloading-worker-0/DEBUG] [net.minecraftforge.fml.javafmlmod.AutomaticEventSubscriber/LOADING]: Auto-subscribing biomesoplenty.forge.datagen.DataGenerationHandler to MOD
[12May2025 05:36:40.352] [modloading-worker-0/DEBUG] [net.minecraftforge.fml.javafmlmod.AutomaticEventSubscriber/LOADING]: Attempting to inject @EventBusSubscriber classes into the eventbus for mixinsquared
[12May2025 05:36:40.362] [modloading-worker-0/DEBUG] [net.minecraftforge.fml.javafmlmod.AutomaticEventSubscriber/LOADING]: Attempting to inject @EventBusSubscriber classes into the eventbus for jade
[12May2025 05:36:40.402] [modloading-worker-0/DEBUG] [net.minecraftforge.fml.javafmlmod.AutomaticEventSubscriber/LOADING]: Attempting to inject @EventBusSubscriber classes into the eventbus for ae2
[12May2025 05:36:40.403] [modloading-worker-0/DEBUG] [net.minecraftforge.fml.javafmlmod.AutomaticEventSubscriber/LOADING]: Auto-subscribing appeng.datagen.AE2DataGenerators to MOD
[12May2025 05:36:40.531] [modloading-worker-0/DEBUG] [net.minecraftforge.coremod.transformer.CoreModBaseTransformer/COREMOD]: Transforming net/minecraft/world/level/levelgen/structure/templatesystem/StructureTemplate
[12May2025 05:36:40.689] [modloading-worker-0/DEBUG] [mixin/]: Mixing common.StructureTemplateMixin from lithostitched.mixins.json into net.minecraft.world.level.levelgen.structure.templatesystem.StructureTemplate
[12May2025 05:36:40.690] [modloading-worker-0/DEBUG] [mixin/]: Mixing StructureTemplateMixin from blueprint.mixins.json into net.minecraft.world.level.levelgen.structure.templatesystem.StructureTemplate
[12May2025 05:36:40.690] [modloading-worker-0/DEBUG] [mixin/]: Mixing accessors.TemplateAccess from immersiveengineering.mixins.json into net.minecraft.world.level.levelgen.structure.templatesystem.StructureTemplate
[12May2025 05:36:40.691] [modloading-worker-0/DEBUG] [mixin/]: Mixing coremods.TemplateMixin from immersiveengineering.mixins.json into net.minecraft.world.level.levelgen.structure.templatesystem.StructureTemplate
[12May2025 05:36:40.692] [modloading-worker-0/DEBUG] [mixin/]: Mixing StructureTemplateMixin from ae2.mixins.json into net.minecraft.world.level.levelgen.structure.templatesystem.StructureTemplate
[12May2025 05:36:40.692] [modloading-worker-0/DEBUG] [mixin/]: ae2.mixins.json:StructureTemplateMixin: Class version 61 required is higher than the class version supported by the current version of Mixin (JAVA_11 supports class version 55)
[12May2025 05:36:40.693] [modloading-worker-0/DEBUG] [mixin/]: Mixing StructureTemplateMixin from zeta.mixins.json into net.minecraft.world.level.levelgen.structure.templatesystem.StructureTemplate
[12May2025 05:36:40.693] [modloading-worker-0/DEBUG] [mixin/]: Mixing structures.StructureTemplateMixin from mvs-common.mixins.json into net.minecraft.world.level.levelgen.structure.templatesystem.StructureTemplate
[12May2025 05:36:40.693] [modloading-worker-0/DEBUG] [mixin/]: Renaming synthetic method lambda$mvs_preventAutoWaterlogging$0(Lnet/minecraft/world/level/levelgen/structure/templatesystem/StructureProcessor;)Z to md5e188f$lambda$mvs_preventAutoWaterlogging$0$0 in mvs-common.mixins.json:structures.StructureTemplateMixin
[12May2025 05:36:40.694] [modloading-worker-0/DEBUG] [mixin/]: Mixing structures.TemplateAccessor from mvs-common.mixins.json into net.minecraft.world.level.levelgen.structure.templatesystem.StructureTemplate
[12May2025 05:36:40.694] [modloading-worker-0/DEBUG] [mixin/]: Mixing MixinStructureTemplate from lootr.mixins.json into net.minecraft.world.level.levelgen.structure.templatesystem.StructureTemplate
[12May2025 05:36:40.761] [modloading-worker-0/DEBUG] [net.minecraftforge.fml.javafmlmod.AutomaticEventSubscriber/LOADING]: Attempting to inject @EventBusSubscriber classes into the eventbus for immersiveengineering
[12May2025 05:36:40.762] [modloading-worker-0/DEBUG] [net.minecraftforge.fml.javafmlmod.AutomaticEventSubscriber/LOADING]: Auto-subscribing blusunrize.immersiveengineering.common.world.Villages to FORGE
[12May2025 05:36:40.762] [modloading-worker-0/DEBUG] [net.minecraftforge.fml.javafmlmod.AutomaticEventSubscriber/LOADING]: Auto-subscribing blusunrize.immersiveengineering.common.world.Villages$Registers to MOD
[12May2025 05:36:40.762] [modloading-worker-0/DEBUG] [net.minecraftforge.fml.javafmlmod.AutomaticEventSubscriber/LOADING]: Auto-subscribing blusunrize.immersiveengineering.common.world.Villages$Events to FORGE
[12May2025 05:36:40.764] [modloading-worker-0/DEBUG] [net.minecraftforge.fml.javafmlmod.AutomaticEventSubscriber/LOADING]: Auto-subscribing blusunrize.immersiveengineering.common.wires.WireSyncManager to FORGE
[12May2025 05:36:40.769] [modloading-worker-0/DEBUG] [net.minecraftforge.fml.javafmlmod.AutomaticEventSubscriber/LOADING]: Auto-subscribing blusunrize.immersiveengineering.common.util.loot.IELootFunctions to MOD
[12May2025 05:36:40.769] [modloading-worker-0/DEBUG] [net.minecraftforge.fml.javafmlmod.AutomaticEventSubscriber/LOADING]: Auto-subscribing blusunrize.immersiveengineering.common.util.SpawnInterdictionHandler to FORGE
[12May2025 05:36:40.773] [modloading-worker-0/DEBUG] [net.minecraftforge.fml.javafmlmod.AutomaticEventSubscriber/LOADING]: Auto-subscribing blusunrize.immersiveengineering.common.util.FakePlayerUtil to FORGE
[12May2025 05:36:40.776] [modloading-worker-0/DEBUG] [net.minecraftforge.fml.javafmlmod.AutomaticEventSubscriber/LOADING]: Auto-subscribing blusunrize.immersiveengineering.common.register.IECreativeTabs to MOD
[12May2025 05:36:40.776] [modloading-worker-0/DEBUG] [net.minecraftforge.fml.javafmlmod.AutomaticEventSubscriber/LOADING]: Auto-subscribing blusunrize.immersiveengineering.common.items.DrillItem to FORGE
[12May2025 05:36:40.781] [modloading-worker-0/DEBUG] [net.minecraftforge.fml.javafmlmod.AutomaticEventSubscriber/LOADING]: Auto-subscribing blusunrize.immersiveengineering.common.gui.IEContainerMenu to FORGE
[12May2025 05:36:40.787] [modloading-worker-0/DEBUG] [net.minecraftforge.fml.javafmlmod.AutomaticEventSubscriber/LOADING]: Auto-subscribing blusunrize.immersiveengineering.common.config.IEServerConfig to MOD
[12May2025 05:36:40.787] [modloading-worker-0/DEBUG] [net.minecraftforge.fml.javafmlmod.AutomaticEventSubscriber/LOADING]: Auto-subscribing blusunrize.immersiveengineering.common.config.IECommonConfig to MOD
[12May2025 05:36:40.788] [modloading-worker-0/DEBUG] [net.minecraftforge.fml.javafmlmod.AutomaticEventSubscriber/LOADING]: Auto-subscribing blusunrize.immersiveengineering.common.blocks.multiblocks.TemplateSyncManager to FORGE
[12May2025 05:36:40.789] [modloading-worker-0/DEBUG] [net.minecraftforge.fml.javafmlmod.AutomaticEventSubscriber/LOADING]: Auto-subscribing blusunrize.immersiveengineering.common.blocks.metal.FluidPipeBlockEntity to FORGE
[12May2025 05:36:40.801] [modloading-worker-0/DEBUG] [net.minecraftforge.fml.javafmlmod.AutomaticEventSubscriber/LOADING]: Auto-subscribing blusunrize.immersiveengineering.common.blocks.metal.ConveyorBeltBlockEntity to MOD
[12May2025 05:36:40.815] [modloading-worker-0/DEBUG] [net.minecraftforge.fml.javafmlmod.AutomaticEventSubscriber/LOADING]: Auto-subscribing blusunrize.immersiveengineering.common.IEContent to MOD
[12May2025 05:36:40.816] [modloading-worker-0/DEBUG] [net.minecraftforge.fml.javafmlmod.AutomaticEventSubscriber/LOADING]: Auto-subscribing blusunrize.immersiveengineering.api.wires.NetworkSanitizer to FORGE
[12May2025 05:36:40.820] [modloading-worker-0/DEBUG] [net.minecraftforge.fml.javafmlmod.AutomaticEventSubscriber/LOADING]: Auto-subscribing blusunrize.immersiveengineering.api.wires.GlobalWireNetwork to FORGE
[12May2025 05:36:40.828] [modloading-worker-0/DEBUG] [net.minecraftforge.fml.javafmlmod.AutomaticEventSubscriber/LOADING]: Auto-subscribing blusunrize.immersiveengineering.api.utils.SafeChunkUtils to FORGE
[12May2025 05:36:40.831] [modloading-worker-0/DEBUG] [net.minecraftforge.fml.javafmlmod.AutomaticEventSubscriber/LOADING]: Auto-subscribing blusunrize.immersiveengineering.api.crafting.cache.CachedRecipeList to FORGE
[12May2025 05:36:40.841] [modloading-worker-0/DEBUG] [net.minecraftforge.fml.config.ConfigTracker/CONFIG]: Config file botania-common.toml for botania tracking
[12May2025 05:36:40.866] [modloading-worker-0/DEBUG] [botania/]: Instantiating vazkii.botania.common.impl.BotaniaAPIImpl for service vazkii.botania.api.BotaniaAPI
[12May2025 05:36:40.869] [modloading-worker-0/DEBUG] [botania/]: Instantiating vazkii.botania.forge.xplat.ForgeXplatImpl for service vazkii.botania.xplat.XplatAbstractions
[12May2025 05:36:40.870] [modloading-worker-0/DEBUG] [mixin/]: Mixing PacketDistributorHackMixin from moonlight.mixins.json into net.minecraftforge.network.PacketDistributor
[12May2025 05:36:40.935] [modloading-worker-0/DEBUG] [net.minecraftforge.fml.javafmlmod.AutomaticEventSubscriber/LOADING]: Attempting to inject @EventBusSubscriber classes into the eventbus for unusualend
[12May2025 05:36:40.936] [modloading-worker-0/DEBUG] [net.minecraftforge.fml.javafmlmod.AutomaticEventSubscriber/LOADING]: Auto-subscribing net.mcreator.unusualend.world.inventory.InfuserGUIMenu to FORGE
[12May2025 05:36:40.938] [modloading-worker-0/DEBUG] [net.minecraftforge.fml.javafmlmod.AutomaticEventSubscriber/LOADING]: Auto-subscribing net.mcreator.unusualend.world.features.StructureFeature to FORGE
[12May2025 05:36:40.938] [modloading-worker-0/DEBUG] [net.minecraftforge.fml.javafmlmod.AutomaticEventSubscriber/LOADING]: Auto-subscribing net.mcreator.unusualend.recipes.brewing.WarpedPotionRecipeBrewingRecipe to MOD
[12May2025 05:36:40.940] [modloading-worker-0/DEBUG] [net.minecraftforge.fml.javafmlmod.AutomaticEventSubscriber/LOADING]: Auto-subscribing net.mcreator.unusualend.recipes.brewing.SwiftStrikesPotionRecipeBrewingRecipe to MOD
[12May2025 05:36:40.941] [modloading-worker-0/DEBUG] [net.minecraftforge.fml.javafmlmod.AutomaticEventSubscriber/LOADING]: Auto-subscribing net.mcreator.unusualend.recipes.brewing.StrengthPotionBrewingRecipe to MOD
[12May2025 05:36:40.943] [modloading-worker-0/DEBUG] [net.minecraftforge.fml.javafmlmod.AutomaticEventSubscriber/LOADING]: Auto-subscribing net.mcreator.unusualend.recipes.brewing.SerenityPotionRecipeBrewingRecipe to MOD
[12May2025 05:36:40.944] [modloading-worker-0/DEBUG] [net.minecraftforge.fml.javafmlmod.AutomaticEventSubscriber/LOADING]: Auto-subscribing net.mcreator.unusualend.recipes.brewing.ResistancePotionBrewingRecipe to MOD
[12May2025 05:36:40.945] [modloading-worker-0/DEBUG] [net.minecraftforge.fml.javafmlmod.AutomaticEventSubscriber/LOADING]: Auto-subscribing net.mcreator.unusualend.recipes.brewing.RegenBrewBrewingRecipe to MOD
[12May2025 05:36:40.946] [modloading-worker-0/DEBUG] [net.minecraftforge.fml.javafmlmod.AutomaticEventSubscriber/LOADING]: Auto-subscribing net.mcreator.unusualend.recipes.brewing.Regen2BrewBrewingRecipe to MOD
[12May2025 05:36:40.947] [modloading-worker-0/DEBUG] [net.minecraftforge.fml.javafmlmod.AutomaticEventSubscriber/LOADING]: Auto-subscribing net.mcreator.unusualend.recipes.brewing.LevitationRecipeBrewingRecipe to MOD
[12May2025 05:36:40.950] [modloading-worker-0/DEBUG] [net.minecraftforge.fml.javafmlmod.AutomaticEventSubscriber/LOADING]: Auto-subscribing net.mcreator.unusualend.recipes.brewing.InstantNightVisionBrewingRecipe to MOD
[12May2025 05:36:40.952] [modloading-worker-0/DEBUG] [mixin/]: Mixing BotaniaGrassBlockForgeMixin from botania_forge.mixins.json into vazkii.botania.common.block.BotaniaGrassBlock
[12May2025 05:36:40.956] [modloading-worker-0/DEBUG] [net.minecraftforge.fml.javafmlmod.AutomaticEventSubscriber/LOADING]: Auto-subscribing net.mcreator.unusualend.recipes.brewing.HealthBoostPotionBrewingRecipe to MOD
[12May2025 05:36:40.957] [modloading-worker-0/DEBUG] [net.minecraftforge.fml.javafmlmod.AutomaticEventSubscriber/LOADING]: Auto-subscribing net.mcreator.unusualend.recipes.brewing.HastePotionBrewingRecipe to MOD
[12May2025 05:36:40.958] [modloading-worker-0/DEBUG] [net.minecraftforge.fml.javafmlmod.AutomaticEventSubscriber/LOADING]: Auto-subscribing net.mcreator.unusualend.recipes.brewing.EndInfectionPotionBrewingRecipe to MOD
[12May2025 05:36:40.961] [modloading-worker-0/DEBUG] [net.minecraftforge.fml.javafmlmod.AutomaticEventSubscriber/LOADING]: Auto-subscribing net.mcreator.unusualend.recipes.brewing.ClassicHeavinessPotionBrewingRecipe to MOD
[12May2025 05:36:40.962] [modloading-worker-0/DEBUG] [net.minecraftforge.fml.javafmlmod.AutomaticEventSubscriber/LOADING]: Auto-subscribing net.mcreator.unusualend.recipes.brewing.ChorusTeaBrewingBrewingRecipe to MOD
[12May2025 05:36:40.962] [modloading-worker-0/DEBUG] [net.minecraftforge.fml.javafmlmod.AutomaticEventSubscriber/LOADING]: Auto-subscribing net.mcreator.unusualend.recipes.brewing.BuildingPotionRecipeBrewingRecipe to MOD
[12May2025 05:36:40.964] [modloading-worker-0/DEBUG] [net.minecraftforge.fml.javafmlmod.AutomaticEventSubscriber/LOADING]: Auto-subscribing net.mcreator.unusualend.recipes.brewing.AdvancedHastePotionBrewingRecipe to MOD
[12May2025 05:36:40.965] [modloading-worker-0/DEBUG] [net.minecraftforge.fml.javafmlmod.AutomaticEventSubscriber/LOADING]: Auto-subscribing net.mcreator.unusualend.procedures.WhenPlayerHurtProcedure to FORGE
[12May2025 05:36:40.968] [modloading-worker-0/DEBUG] [net.minecraftforge.fml.javafmlmod.AutomaticEventSubscriber/LOADING]: Auto-subscribing net.mcreator.unusualend.procedures.WarpedSquashOnBlockRightClickedProcedure to FORGE
[12May2025 05:36:40.971] [modloading-worker-0/DEBUG] [net.minecraftforge.fml.javafmlmod.AutomaticEventSubscriber/LOADING]: Auto-subscribing net.mcreator.unusualend.procedures.WarpedReefFishProcedure to FORGE
[12May2025 05:36:40.972] [modloading-worker-0/DEBUG] [net.minecraftforge.fml.javafmlmod.AutomaticEventSubscriber/LOADING]: Auto-subscribing net.mcreator.unusualend.procedures.WarpedBubbleHurtProcedure to FORGE
[12May2025 05:36:40.975] [modloading-worker-0/DEBUG] [net.minecraftforge.fml.javafmlmod.AutomaticEventSubscriber/LOADING]: Auto-subscribing net.mcreator.unusualend.procedures.UltraInstinctChorusProcedure to FORGE
[12May2025 05:36:40.976] [modloading-worker-0/DEBUG] [net.minecraftforge.fml.javafmlmod.AutomaticEventSubscriber/LOADING]: Auto-subscribing net.mcreator.unusualend.procedures.TeleportToWarpingWaystoneProcedure to FORGE
[12May2025 05:36:40.979] [modloading-worker-0/DEBUG] [net.minecraftforge.fml.javafmlmod.AutomaticEventSubscriber/LOADING]: Auto-subscribing net.mcreator.unusualend.procedures.TPConfirmProcedure to FORGE
[12May2025 05:36:40.980] [modloading-worker-0/DEBUG] [net.minecraftforge.fml.javafmlmod.AutomaticEventSubscriber/LOADING]: Auto-subscribing net.mcreator.unusualend.procedures.StipPlanksProcedure to FORGE
[12May2025 05:36:40.983] [modloading-worker-0/DEBUG] [net.minecraftforge.fml.javafmlmod.AutomaticEventSubscriber/LOADING]: Auto-subscribing net.mcreator.unusualend.procedures.ShinyGloopstoneBlockDestroyedByPlayerProcedure to FORGE
[12May2025 05:36:40.984] [modloading-worker-0/DEBUG] [net.minecraftforge.fml.javafmlmod.AutomaticEventSubscriber/LOADING]: Auto-subscribing net.mcreator.unusualend.procedures.ShearChorusProcedure to FORGE
[12May2025 05:36:40.986] [modloading-worker-0/DEBUG] [net.minecraftforge.fml.javafmlmod.AutomaticEventSubscriber/LOADING]: Auto-subscribing net.mcreator.unusualend.procedures.ShearChorusFlowersProcedure to FORGE
[12May2025 05:36:40.987] [modloading-worker-0/DEBUG] [net.minecraftforge.fml.javafmlmod.AutomaticEventSubscriber/LOADING]: Auto-subscribing net.mcreator.unusualend.procedures.ShearChorusCaneProcedure to FORGE
[12May2025 05:36:40.991] [modloading-worker-0/DEBUG] [net.minecraftforge.fml.javafmlmod.AutomaticEventSubscriber/LOADING]: Auto-subscribing net.mcreator.unusualend.procedures.RideBolokProcedure to FORGE
[12May2025 05:36:40.992] [modloading-worker-0/DEBUG] [net.minecraftforge.fml.javafmlmod.AutomaticEventSubscriber/LOADING]: Auto-subscribing net.mcreator.unusualend.procedures.ReturnMusicProcedure to FORGE
[12May2025 05:36:40.997] [modloading-worker-0/DEBUG] [net.minecraftforge.fml.javafmlmod.AutomaticEventSubscriber/LOADING]: Auto-subscribing net.mcreator.unusualend.procedures.ReduceBouncyDamagesProcedure to FORGE
[12May2025 05:36:40.998] [modloading-worker-0/DEBUG] [net.minecraftforge.fml.javafmlmod.AutomaticEventSubscriber/LOADING]: Auto-subscribing net.mcreator.unusualend.procedures.PlayerTickUpdateShieldProcedure to FORGE
[12May2025 05:36:41.004] [modloading-worker-0/DEBUG] [net.minecraftforge.fml.javafmlmod.AutomaticEventSubscriber/LOADING]: Auto-subscribing net.mcreator.unusualend.procedures.PlayerTickUpdateMusicProcedure to FORGE
[12May2025 05:36:41.004] [modloading-worker-0/DEBUG] [net.minecraftforge.fml.javafmlmod.AutomaticEventSubscriber/LOADING]: Auto-subscribing net.mcreator.unusualend.procedures.PlayerTickPlayMusicProcedure to FORGE
[12May2025 05:36:41.007] [modloading-worker-0/DEBUG] [net.minecraftforge.fml.javafmlmod.AutomaticEventSubscriber/LOADING]: Auto-subscribing net.mcreator.unusualend.procedures.PlayerTickOverlayProcedure to FORGE
[12May2025 05:36:41.008] [modloading-worker-0/DEBUG] [net.minecraftforge.fml.javafmlmod.AutomaticEventSubscriber/LOADING]: Auto-subscribing net.mcreator.unusualend.procedures.PlayerRightClickProcedure to FORGE
[12May2025 05:36:41.009] [modloading-worker-0/DEBUG] [net.minecraftforge.fml.javafmlmod.AutomaticEventSubscriber/LOADING]: Auto-subscribing net.mcreator.unusualend.procedures.PearlescentRingTriggerProcedure to FORGE
[12May2025 05:36:41.012] [modloading-worker-0/DEBUG] [net.minecraftforge.fml.javafmlmod.AutomaticEventSubscriber/LOADING]: Auto-subscribing net.mcreator.unusualend.procedures.OnRightClickOnVoidExplosiveProcedure to FORGE
[12May2025 05:36:41.012] [modloading-worker-0/DEBUG] [net.minecraftforge.fml.javafmlmod.AutomaticEventSubscriber/LOADING]: Auto-subscribing net.mcreator.unusualend.procedures.OnPlayerProcedureRespawnUpdateProcedure to FORGE
[12May2025 05:36:41.015] [modloading-worker-0/DEBUG] [net.minecraftforge.fml.javafmlmod.AutomaticEventSubscriber/LOADING]: Auto-subscribing net.mcreator.unusualend.procedures.OnBreakChorusProcedure to FORGE
[12May2025 05:36:41.016] [modloading-worker-0/DEBUG] [net.minecraftforge.fml.javafmlmod.AutomaticEventSubscriber/LOADING]: Auto-subscribing net.mcreator.unusualend.procedures.LinkedTotemTriggerProcedure to FORGE
[12May2025 05:36:41.018] [modloading-worker-0/DEBUG] [net.minecraftforge.fml.javafmlmod.AutomaticEventSubscriber/LOADING]: Auto-subscribing net.mcreator.unusualend.procedures.LeechingWandRightClickProcedure to FORGE
[12May2025 05:36:41.021] [modloading-worker-0/DEBUG] [net.minecraftforge.fml.javafmlmod.AutomaticEventSubscriber/LOADING]: Auto-subscribing net.mcreator.unusualend.procedures.GolemProtectDraglingsProcedure to FORGE
[12May2025 05:36:41.023] [modloading-worker-0/DEBUG] [net.minecraftforge.fml.javafmlmod.AutomaticEventSubscriber/LOADING]: Auto-subscribing net.mcreator.unusualend.procedures.GolemOrbUseProcedure to FORGE
[12May2025 05:36:41.025] [modloading-worker-0/DEBUG] [net.minecraftforge.fml.javafmlmod.AutomaticEventSubscriber/LOADING]: Auto-subscribing net.mcreator.unusualend.procedures.FireflyInstakillProcedure to FORGE
[12May2025 05:36:41.026] [modloading-worker-0/DEBUG] [net.minecraftforge.fml.javafmlmod.AutomaticEventSubscriber/LOADING]: Auto-subscribing net.mcreator.unusualend.procedures.FireFlyRegenProcedure to FORGE
[12May2025 05:36:41.028] [modloading-worker-0/DEBUG] [net.minecraftforge.fml.javafmlmod.AutomaticEventSubscriber/LOADING]: Auto-subscribing net.mcreator.unusualend.procedures.FeedBolokFinProcedure to FORGE
[12May2025 05:36:41.031] [modloading-worker-0/DEBUG] [net.minecraftforge.fml.javafmlmod.AutomaticEventSubscriber/LOADING]: Auto-subscribing net.mcreator.unusualend.procedures.EverlastingSaveItemsProcedure to FORGE
[12May2025 05:36:41.033] [modloading-worker-0/DEBUG] [net.minecraftforge.fml.javafmlmod.AutomaticEventSubscriber/LOADING]: Auto-subscribing net.mcreator.unusualend.procedures.EverlastingEnchantProcedure to FORGE
[12May2025 05:36:41.036] [modloading-worker-0/DEBUG] [net.minecraftforge.fml.javafmlmod.AutomaticEventSubscriber/LOADING]: Auto-subscribing net.mcreator.unusualend.procedures.EndermitesInfectProcedure to FORGE
[12May2025 05:36:41.036] [modloading-worker-0/DEBUG] [net.minecraftforge.fml.javafmlmod.AutomaticEventSubscriber/LOADING]: Auto-subscribing net.mcreator.unusualend.procedures.EnderlingTpProcedure to FORGE
[12May2025 05:36:41.039] [modloading-worker-0/DEBUG] [net.minecraftforge.fml.javafmlmod.AutomaticEventSubscriber/LOADING]: Auto-subscribing net.mcreator.unusualend.procedures.EnchantsHurtProcedure to FORGE
[12May2025 05:36:41.043] [modloading-worker-0/DEBUG] [net.minecraftforge.fml.javafmlmod.AutomaticEventSubscriber/LOADING]: Auto-subscribing net.mcreator.unusualend.procedures.ElytraDamagesProcedure to FORGE
[12May2025 05:36:41.043] [modloading-worker-0/DEBUG] [net.minecraftforge.fml.javafmlmod.AutomaticEventSubscriber/LOADING]: Auto-subscribing net.mcreator.unusualend.procedures.CrystallizeDamagesProcedure to FORGE
[12May2025 05:36:41.044] [modloading-worker-0/DEBUG] [net.minecraftforge.fml.javafmlmod.AutomaticEventSubscriber/LOADING]: Auto-subscribing net.mcreator.unusualend.procedures.CrystalCatalystRightclickedOnBlockProcedure to FORGE
[12May2025 05:36:41.047] [modloading-worker-0/DEBUG] [net.minecraftforge.fml.javafmlmod.AutomaticEventSubscriber/LOADING]: Auto-subscribing net.mcreator.unusualend.procedures.CooldownEndstoneGolemProcedure to FORGE
[12May2025 05:36:41.048] [modloading-worker-0/DEBUG] [net.minecraftforge.fml.javafmlmod.AutomaticEventSubscriber/LOADING]: Auto-subscribing net.mcreator.unusualend.procedures.CitrineTalismanBoostProcedure to FORGE
[12May2025 05:36:41.050] [modloading-worker-0/DEBUG] [net.minecraftforge.fml.javafmlmod.AutomaticEventSubscriber/LOADING]: Auto-subscribing net.mcreator.unusualend.procedures.CitrineFallDamageBounceProcedure to FORGE
[12May2025 05:36:41.051] [modloading-worker-0/DEBUG] [net.minecraftforge.fml.javafmlmod.AutomaticEventSubscriber/LOADING]: Auto-subscribing net.mcreator.unusualend.procedures.BuildingInhibOwnerProcedure to FORGE
[12May2025 05:36:41.058] [modloading-worker-0/DEBUG] [net.minecraftforge.fml.javafmlmod.AutomaticEventSubscriber/LOADING]: Auto-subscribing net.mcreator.unusualend.procedures.BoneMealEndstoneProcedure to FORGE
[12May2025 05:36:41.061] [modloading-worker-0/DEBUG] [net.minecraftforge.fml.javafmlmod.AutomaticEventSubscriber/LOADING]: Auto-subscribing net.mcreator.unusualend.procedures.BolokConvertShulkersProcedure to FORGE
[12May2025 05:36:41.064] [modloading-worker-0/DEBUG] [net.minecraftforge.fml.javafmlmod.AutomaticEventSubscriber/LOADING]: Auto-subscribing net.mcreator.unusualend.procedures.BlobShieldKnockbackProcedure to FORGE
[12May2025 05:36:41.064] [modloading-worker-0/DEBUG] [net.minecraftforge.fml.javafmlmod.AutomaticEventSubscriber/LOADING]: Auto-subscribing net.mcreator.unusualend.procedures.BlobQueenAttackAnimProcedure to FORGE
[12May2025 05:36:41.068] [modloading-worker-0/DEBUG] [net.minecraftforge.fml.javafmlmod.AutomaticEventSubscriber/LOADING]: Auto-subscribing net.mcreator.unusualend.procedures.AttributesModifiersProcedure to FORGE
[12May2025 05:36:41.069] [modloading-worker-0/DEBUG] [net.minecraftforge.fml.javafmlmod.AutomaticEventSubscriber/LOADING]: Auto-subscribing net.mcreator.unusualend.procedures.AncientSwordEntitySwingsItemProcedure to FORGE
[12May2025 05:36:41.071] [modloading-worker-0/DEBUG] [net.minecraftforge.fml.javafmlmod.AutomaticEventSubscriber/LOADING]: Auto-subscribing net.mcreator.unusualend.network.UnusualendModVariables to MOD
[12May2025 05:36:41.073] [modloading-worker-0/DEBUG] [net.minecraftforge.fml.javafmlmod.AutomaticEventSubscriber/LOADING]: Auto-subscribing net.mcreator.unusualend.network.UnusualendModVariables$PlayerVariablesProvider to FORGE
[12May2025 05:36:41.077] [modloading-worker-0/DEBUG] [net.minecraftforge.fml.javafmlmod.AutomaticEventSubscriber/LOADING]: Auto-subscribing net.mcreator.unusualend.network.UnusualendModVariables$EventBusVariableHandlers to FORGE
[12May2025 05:36:41.078] [modloading-worker-0/DEBUG] [net.minecraftforge.fml.javafmlmod.AutomaticEventSubscriber/LOADING]: Auto-subscribing net.mcreator.unusualend.network.InfuserGUIButtonMessage to MOD
[12May2025 05:36:41.081] [modloading-worker-0/DEBUG] [net.minecraftforge.fml.javafmlmod.AutomaticEventSubscriber/LOADING]: Auto-subscribing net.mcreator.unusualend.network.BolokNotesButtonMessage to MOD
[12May2025 05:36:41.081] [modloading-worker-0/DEBUG] [net.minecraftforge.fml.javafmlmod.AutomaticEventSubscriber/LOADING]: Auto-subscribing net.mcreator.unusualend.init.UnusualendModTrades to FORGE
[12May2025 05:36:41.082] [modloading-worker-0/DEBUG] [net.minecraftforge.fml.javafmlmod.AutomaticEventSubscriber/LOADING]: Auto-subscribing net.mcreator.unusualend.init.UnusualendModRecipeTypes to MOD
[12May2025 05:36:41.084] [modloading-worker-0/DEBUG] [net.minecraftforge.fml.javafmlmod.AutomaticEventSubscriber/LOADING]: Auto-subscribing net.mcreator.unusualend.init.UnusualendModLootModifier to MOD
[12May2025 05:36:41.086] [modloading-worker-0/DEBUG] [net.minecraftforge.fml.javafmlmod.AutomaticEventSubscriber/LOADING]: Auto-subscribing net.mcreator.unusualend.init.UnusualendModFuels to FORGE
[12May2025 05:36:41.088] [modloading-worker-0/DEBUG] [net.minecraftforge.fml.javafmlmod.AutomaticEventSubscriber/LOADING]: Auto-subscribing net.mcreator.unusualend.init.UnusualendModFeatures to FORGE
[12May2025 05:36:41.088] [modloading-worker-0/DEBUG] [net.minecraftforge.fml.javafmlmod.AutomaticEventSubscriber/LOADING]: Auto-subscribing net.mcreator.unusualend.init.UnusualendModEntities to MOD
[12May2025 05:36:41.089] [modloading-worker-0/DEBUG] [net.minecraftforge.fml.javafmlmod.AutomaticEventSubscriber/LOADING]: Auto-subscribing net.mcreator.unusualend.init.UnusualendModConfigs to MOD
[12May2025 05:36:41.093] [modloading-worker-0/DEBUG] [net.minecraftforge.fml.javafmlmod.AutomaticEventSubscriber/LOADING]: Auto-subscribing net.mcreator.unusualend.init.UnusualendModCompostableItems to MOD
[12May2025 05:36:41.094] [modloading-worker-0/DEBUG] [net.minecraftforge.fml.javafmlmod.AutomaticEventSubscriber/LOADING]: Auto-subscribing net.mcreator.unusualend.PotionEffectHud to MOD
[12May2025 05:36:41.094] [modloading-worker-0/DEBUG] [net.minecraftforge.fml.javafmlmod.AutomaticEventSubscriber/LOADING]: Auto-subscribing net.mcreator.unusualend.PotionEffectHud$ForgeBusEvents to FORGE
[12May2025 05:36:41.110] [modloading-worker-0/DEBUG] [net.minecraftforge.fml.javafmlmod.AutomaticEventSubscriber/LOADING]: Attempting to inject @EventBusSubscriber classes into the eventbus for betterfpsdist
[12May2025 05:36:41.124] [modloading-worker-0/DEBUG] [net.minecraftforge.fml.config.ConfigTracker/CONFIG]: Config file curios-client.toml for curios tracking
[12May2025 05:36:41.126] [modloading-worker-0/DEBUG] [net.minecraftforge.fml.config.ConfigTracker/CONFIG]: Config file curios-server.toml for curios tracking
[12May2025 05:36:41.128] [modloading-worker-0/DEBUG] [net.minecraftforge.fml.javafmlmod.AutomaticEventSubscriber/LOADING]: Attempting to inject @EventBusSubscriber classes into the eventbus for curios
[12May2025 05:36:41.131] [modloading-worker-0/DEBUG] [net.minecraftforge.fml.config.ConfigTracker/CONFIG]: Config file patchouli-client.toml for patchouli tracking
[12May2025 05:36:41.132] [modloading-worker-0/DEBUG] [net.minecraftforge.fml.javafmlmod.AutomaticEventSubscriber/LOADING]: Attempting to inject @EventBusSubscriber classes into the eventbus for patchouli
[12May2025 05:36:41.134] [modloading-worker-0/DEBUG] [net.minecraftforge.fml.javafmlmod.AutomaticEventSubscriber/LOADING]: Auto-subscribing vazkii.patchouli.forge.common.ForgeModInitializer to MOD
[12May2025 05:36:41.148] [modloading-worker-0/DEBUG] [net.minecraftforge.fml.javafmlmod.AutomaticEventSubscriber/LOADING]: Attempting to inject @EventBusSubscriber classes into the eventbus for botania
[12May2025 05:36:41.148] [modloading-worker-0/DEBUG] [net.minecraftforge.fml.javafmlmod.AutomaticEventSubscriber/LOADING]: Auto-subscribing vazkii.botania.forge.internal_caps.ForgeInternalEntityCapabilities$ModBusEvents to MOD
[12May2025 05:36:41.149] [modloading-worker-0/DEBUG] [net.minecraftforge.fml.javafmlmod.AutomaticEventSubscriber/LOADING]: Auto-subscribing vazkii.botania.forge.internal_caps.ForgeInternalEntityCapabilities$ForgeBusEvents to FORGE
[12May2025 05:36:41.151] [modloading-worker-0/DEBUG] [net.minecraftforge.fml.javafmlmod.AutomaticEventSubscriber/LOADING]: Auto-subscribing vazkii.botania.forge.data.ForgeDatagenInitializer to MOD
[12May2025 05:36:41.152] [modloading-worker-0/DEBUG] [net.minecraftforge.fml.javafmlmod.AutomaticEventSubscriber/LOADING]: Auto-subscribing vazkii.botania.forge.ForgeRegistryHandler to MOD
[12May2025 05:36:41.153] [modloading-worker-0/DEBUG] [net.minecraftforge.fml.javafmlmod.AutomaticEventSubscriber/LOADING]: Auto-subscribing vazkii.botania.forge.ForgeBotaniaConfig to MOD
[12May2025 05:36:41.166] [modloading-worker-0/DEBUG] [net.minecraftforge.fml.config.ConfigTracker/CONFIG]: Config file gravestone-server.toml for gravestone tracking
[12May2025 05:36:41.167] [modloading-worker-0/DEBUG] [net.minecraftforge.fml.config.ConfigTracker/CONFIG]: Config file gravestone-client.toml for gravestone tracking
[12May2025 05:36:41.167] [modloading-worker-0/DEBUG] [net.minecraftforge.fml.javafmlmod.AutomaticEventSubscriber/LOADING]: Attempting to inject @EventBusSubscriber classes into the eventbus for gravestone
[12May2025 05:36:41.168] [modloading-worker-0/DEBUG] [net.minecraftforge.fml.javafmlmod.AutomaticEventSubscriber/LOADING]: Auto-subscribing de.maxhenkel.gravestone.Main to FORGE
[12May2025 05:36:41.173] [modloading-worker-0/INFO] [Collective/]: Loading Collective version 8.1.
[12May2025 05:36:41.179] [modloading-worker-0/DEBUG] [mixin/]: Mixing EnchantmentHelperMixin from ae2.mixins.json into net.minecraft.world.item.enchantment.EnchantmentHelper
[12May2025 05:36:41.181] [modloading-worker-0/DEBUG] [mixin/]: ae2.mixins.json:EnchantmentHelperMixin: Class version 61 required is higher than the class version supported by the current version of Mixin (JAVA_11 supports class version 55)
[12May2025 05:36:41.182] [modloading-worker-0/DEBUG] [mixin/]: Mixing EnchantmentHelperMixin from quark.mixins.json into net.minecraft.world.item.enchantment.EnchantmentHelper
[12May2025 05:36:41.191] [modloading-worker-0/DEBUG] [xaero.hud.minimap.MinimapLogs/]: Loaded xaero.common.platform.services.ForgePlatformHelper@7c90ead4 for service interface xaero.common.platform.services.IPlatformHelper
[12May2025 05:36:41.204] [modloading-worker-0/DEBUG] [net.minecraftforge.fml.javafmlmod.AutomaticEventSubscriber/LOADING]: Attempting to inject @EventBusSubscriber classes into the eventbus for xaerominimap
[12May2025 05:36:41.226] [modloading-worker-0/DEBUG] [mixin/]: Mixing IZetaItemExtensionsMixin from quark.mixins.json into org.violetmoon.zeta.item.ext.IZetaItemExtensions
[12May2025 05:36:41.242] [modloading-worker-0/DEBUG] [mixin/]: Mixing self.IZetaItemMixin_FAKE from zeta_forge.mixins.json into org.violetmoon.zeta.item.ZetaBlockItem
[12May2025 05:36:41.267] [modloading-worker-0/DEBUG] [net.minecraftforge.fml.javafmlmod.AutomaticEventSubscriber/LOADING]: Attempting to inject @EventBusSubscriber classes into the eventbus for collective
[12May2025 05:36:41.268] [modloading-worker-0/DEBUG] [net.minecraftforge.fml.javafmlmod.AutomaticEventSubscriber/LOADING]: Auto-subscribing com.natamus.collective.forge.events.RegisterCollectiveForgeEvents to FORGE
[12May2025 05:36:41.301] [modloading-worker-0/DEBUG] [net.minecraftforge.fml.javafmlmod.AutomaticEventSubscriber/LOADING]: Attempting to inject @EventBusSubscriber classes into the eventbus for crittersandcompanions
[12May2025 05:36:41.301] [modloading-worker-0/DEBUG] [net.minecraftforge.fml.javafmlmod.AutomaticEventSubscriber/LOADING]: Auto-subscribing com.github.eterdelta.crittersandcompanions.CrittersAndCompanionsForge to MOD
[12May2025 05:36:41.302] [modloading-worker-0/DEBUG] [net.minecraftforge.fml.javafmlmod.AutomaticEventSubscriber/LOADING]: Auto-subscribing com.github.eterdelta.crittersandcompanions.CrittersAndCompanionsForge$ForgeEvents to FORGE
[12May2025 05:36:41.314] [modloading-worker-0/DEBUG] [net.minecraftforge.fml.config.ConfigTracker/CONFIG]: Config file elevatorid-server.toml for elevatorid tracking
[12May2025 05:36:41.314] [modloading-worker-0/DEBUG] [net.minecraftforge.fml.javafmlmod.AutomaticEventSubscriber/LOADING]: Attempting to inject @EventBusSubscriber classes into the eventbus for elevatorid
[12May2025 05:36:41.314] [modloading-worker-0/DEBUG] [net.minecraftforge.fml.javafmlmod.AutomaticEventSubscriber/LOADING]: Auto-subscribing xyz.vsngamer.elevatorid.util.RemapManager to FORGE
[12May2025 05:36:41.315] [modloading-worker-0/DEBUG] [net.minecraftforge.fml.javafmlmod.AutomaticEventSubscriber/LOADING]: Auto-subscribing xyz.vsngamer.elevatorid.init.ModConfig to MOD
[12May2025 05:36:41.315] [modloading-worker-0/DEBUG] [net.minecraftforge.fml.javafmlmod.AutomaticEventSubscriber/LOADING]: Auto-subscribing xyz.vsngamer.elevatorid.ElevatorMod to MOD
[12May2025 05:36:41.319] [modloading-worker-0/DEBUG] [net.minecraftforge.fml.javafmlmod.AutomaticEventSubscriber/LOADING]: Attempting to inject @EventBusSubscriber classes into the eventbus for inventoryhud
[12May2025 05:36:41.322] [modloading-worker-0/DEBUG] [net.minecraftforge.fml.javafmlmod.AutomaticEventSubscriber/LOADING]: Attempting to inject @EventBusSubscriber classes into the eventbus for resourcefullib
[12May2025 05:36:41.347] [modloading-worker-0/DEBUG] [net.minecraftforge.fml.javafmlmod.AutomaticEventSubscriber/LOADING]: Attempting to inject @EventBusSubscriber classes into the eventbus for mvs
[12May2025 05:36:41.353] [modloading-worker-0/DEBUG] [mixin/]: Mixing lootr.ConfigManagerMixin from quark_integrations.mixins.json into noobanidus.mods.lootr.config.ConfigManager
[12May2025 05:36:41.357] [modloading-worker-0/DEBUG] [net.minecraftforge.fml.config.ConfigTracker/CONFIG]: Config file zeta-common.toml for zeta tracking
[12May2025 05:36:41.363] [modloading-worker-0/DEBUG] [net.minecraftforge.fml.config.ConfigTracker/CONFIG]: Config file lootr-common.toml for lootr tracking
[12May2025 05:36:41.365] [modloading-worker-0/DEBUG] [net.minecraftforge.fml.config.ConfigTracker/CONFIG]: Config file lootr-client.toml for lootr tracking
[12May2025 05:36:41.388] [modloading-worker-0/DEBUG] [net.minecraftforge.fml.javafmlmod.AutomaticEventSubscriber/LOADING]: Attempting to inject @EventBusSubscriber classes into the eventbus for lootr
[12May2025 05:36:41.388] [modloading-worker-0/DEBUG] [net.minecraftforge.fml.javafmlmod.AutomaticEventSubscriber/LOADING]: Auto-subscribing noobanidus.mods.lootr.setup.CommonSetup to MOD
[12May2025 05:36:41.390] [modloading-worker-0/DEBUG] [net.minecraftforge.fml.javafmlmod.AutomaticEventSubscriber/LOADING]: Auto-subscribing noobanidus.mods.lootr.init.ModTabs to MOD
[12May2025 05:36:41.392] [modloading-worker-0/DEBUG] [net.minecraftforge.fml.javafmlmod.AutomaticEventSubscriber/LOADING]: Auto-subscribing noobanidus.mods.lootr.init.ModItems to MOD
[12May2025 05:36:41.392] [modloading-worker-0/DEBUG] [net.minecraftforge.fml.javafmlmod.AutomaticEventSubscriber/LOADING]: Auto-subscribing noobanidus.mods.lootr.gen.LootrDataGenerators to MOD
[12May2025 05:36:41.393] [modloading-worker-0/DEBUG] [net.minecraftforge.fml.javafmlmod.AutomaticEventSubscriber/LOADING]: Auto-subscribing noobanidus.mods.lootr.event.HandleChunk to FORGE
[12May2025 05:36:41.403] [modloading-worker-0/DEBUG] [net.minecraftforge.fml.javafmlmod.AutomaticEventSubscriber/LOADING]: Auto-subscribing noobanidus.mods.lootr.event.HandleCart to FORGE
[12May2025 05:36:41.404] [modloading-worker-0/DEBUG] [net.minecraftforge.fml.javafmlmod.AutomaticEventSubscriber/LOADING]: Attempting to inject @EventBusSubscriber classes into the eventbus for zeta
[12May2025 05:36:41.405] [modloading-worker-0/DEBUG] [net.minecraftforge.fml.javafmlmod.AutomaticEventSubscriber/LOADING]: Auto-subscribing noobanidus.mods.lootr.event.HandleBreak to FORGE
[12May2025 05:36:41.408] [modloading-worker-0/DEBUG] [net.minecraftforge.fml.javafmlmod.AutomaticEventSubscriber/LOADING]: Auto-subscribing noobanidus.mods.lootr.event.HandleAdvancement to FORGE
[12May2025 05:36:41.409] [modloading-worker-0/DEBUG] [net.minecraftforge.fml.javafmlmod.AutomaticEventSubscriber/LOADING]: Auto-subscribing noobanidus.mods.lootr.entity.EntityTicker to FORGE
[12May2025 05:36:41.410] [modloading-worker-0/DEBUG] [net.minecraftforge.fml.javafmlmod.AutomaticEventSubscriber/LOADING]: Auto-subscribing noobanidus.mods.lootr.config.ConfigManager to MOD
[12May2025 05:36:41.412] [modloading-worker-0/DEBUG] [net.minecraftforge.fml.javafmlmod.AutomaticEventSubscriber/LOADING]: Auto-subscribing noobanidus.mods.lootr.block.entities.TileTicker to FORGE
[12May2025 05:36:41.413] [modloading-worker-0/INFO] [quark/]: Initializing TerraBlender underground biome compat
[12May2025 05:36:41.417] [modloading-worker-0/DEBUG] [mixin/]: Mixing OverworldBiomeBuilderMixin from quark.mixins.json into net.minecraft.world.level.biome.OverworldBiomeBuilder
[12May2025 05:36:41.443] [modloading-worker-0/DEBUG] [mixin/]: Mixing self.IZetaBlockMixin_FAKE from zeta_forge.mixins.json into org.violetmoon.zeta.block.ZetaPillarBlock
[12May2025 05:36:41.452] [modloading-worker-0/DEBUG] [mixin/]: Mixing self.IZetaBlockMixin_FAKE from zeta_forge.mixins.json into org.violetmoon.zeta.block.ZetaBlock
[12May2025 05:36:41.458] [modloading-worker-0/DEBUG] [mixin/]: Mixing self.IZetaBlockMixin_FAKE from zeta_forge.mixins.json into org.violetmoon.zeta.block.ZetaFenceBlock
[12May2025 05:36:41.469] [modloading-worker-0/DEBUG] [mixin/]: Mixing self.IZetaBlockMixin_FAKE from zeta_forge.mixins.json into org.violetmoon.zeta.block.ZetaDoorBlock
[12May2025 05:36:41.480] [modloading-worker-0/DEBUG] [mixin/]: Mixing self.IZetaBlockMixin_FAKE from zeta_forge.mixins.json into org.violetmoon.zeta.block.ZetaTrapdoorBlock
[12May2025 05:36:41.493] [modloading-worker-0/DEBUG] [mixin/]: Mixing self.IZetaBlockMixin_FAKE from zeta_forge.mixins.json into org.violetmoon.zeta.block.ZetaPressurePlateBlock
[12May2025 05:36:41.505] [modloading-worker-0/DEBUG] [mixin/]: Mixing self.IZetaBlockMixin_FAKE from zeta_forge.mixins.json into org.violetmoon.zeta.block.ZetaButtonBlock
[12May2025 05:36:41.526] [modloading-worker-0/DEBUG] [mixin/]: Mixing self.IZetaBlockMixin_FAKE from zeta_forge.mixins.json into org.violetmoon.zeta.block.ZetaStandingSignBlock
[12May2025 05:36:41.536] [modloading-worker-0/DEBUG] [mixin/]: Mixing self.IZetaBlockMixin_FAKE from zeta_forge.mixins.json into org.violetmoon.zeta.block.ZetaWallSignBlock
[12May2025 05:36:41.543] [modloading-worker-0/DEBUG] [net.minecraftforge.fml.config.ConfigTracker/CONFIG]: Config file supplementaries-common.toml for supplementaries tracking
[12May2025 05:36:41.546] [modloading-worker-0/DEBUG] [mixin/]: Mixing self.IZetaBlockMixin_FAKE from zeta_forge.mixins.json into org.violetmoon.zeta.block.ZetaCeilingHangingSignBlock
[12May2025 05:36:41.556] [modloading-worker-0/DEBUG] [mixin/]: Mixing self.IZetaBlockMixin_FAKE from zeta_forge.mixins.json into org.violetmoon.zeta.block.ZetaWallHangingSignBlock
[12May2025 05:36:41.563] [modloading-worker-0/DEBUG] [mixin/]: Mixing common.ServerLifecycleHooksMixin from lithostitched.forge.mixins.json into net.minecraftforge.server.ServerLifecycleHooks
[12May2025 05:36:41.563] [modloading-worker-0/DEBUG] [mixin/]: Renaming synthetic method lambda$lithostitched$injectBiomeModifers$1(Ljava/util/List;Ljava/util/Map$Entry;)V to md5e188f$lambda$lithostitched$injectBiomeModifers$1$0 in lithostitched.forge.mixins.json:common.ServerLifecycleHooksMixin
[12May2025 05:36:41.563] [modloading-worker-0/DEBUG] [mixin/]: Renaming synthetic method lambda$lithostitched$injectBiomeModifers$0(Ljava/util/Map$Entry;)Z to md5e188f$lambda$lithostitched$injectBiomeModifers$0$1 in lithostitched.forge.mixins.json:common.ServerLifecycleHooksMixin
[12May2025 05:36:41.570] [modloading-worker-0/DEBUG] [mixin/]: Mixing self.IZetaBlockMixin_FAKE from quark.mixins.json into org.violetmoon.quark.content.building.block.VariantLadderBlock
[12May2025 05:36:41.584] [modloading-worker-0/DEBUG] [mixin/]: Mixing self.IZetaItemMixin_FAKE from zeta_forge.mixins.json into org.violetmoon.zeta.item.ZetaItem
[12May2025 05:36:41.730] [modloading-worker-0/DEBUG] [mixin/]: Mixing self.SelfLumiseneFluidMixin from supplementaries.mixins.json into net.mehvahdjukaar.supplementaries.common.fluids.LumiseneFluid
[12May2025 05:36:41.737] [modloading-worker-0/DEBUG] [mixin/]: Mixing self.SelfFlammableFluidBlockMixin from supplementaries.mixins.json into net.mehvahdjukaar.supplementaries.common.fluids.FlammableLiquidBlock
[12May2025 05:36:41.764] [modloading-worker-0/DEBUG] [mixin/]: Mixing self.SelfSoapItemMixin from supplementaries.mixins.json into net.mehvahdjukaar.supplementaries.common.items.SoapItem
[12May2025 05:36:41.790] [modloading-worker-0/DEBUG] [mixin/]: Mixing self.SelfGunpowderMixin from supplementaries.mixins.json into net.mehvahdjukaar.supplementaries.common.block.blocks.GunpowderBlock
[12May2025 05:36:41.796] [modloading-worker-0/DEBUG] [mixin/]: Mixing compat.PistonReactQuarkMixin from moonlight-common.mixins.json into net.mehvahdjukaar.moonlight.api.block.IPistonMotionReact
[12May2025 05:36:41.863] [modloading-worker-0/INFO] [quark-zeta/]: Discovered 160 modules to load.
[12May2025 05:36:41.865] [modloading-worker-0/INFO] [quark-zeta/]: Constructing module Abacus...
[12May2025 05:36:41.876] [modloading-worker-0/INFO] [quark-zeta/]: Constructing module Adjustable Chat...
[12May2025 05:36:41.877] [modloading-worker-0/INFO] [quark-zeta/]: Constructing module Ambient Discs...
[12May2025 05:36:41.879] [modloading-worker-0/INFO] [quark-zeta/]: Constructing module Ancient Tomes...
[12May2025 05:36:41.891] [modloading-worker-0/INFO] [quark-zeta/]: Constructing module Ancient Wood...
[12May2025 05:36:41.894] [modloading-worker-0/DEBUG] [mixin/]: Mixing self.IZetaBlockMixin_FAKE from zeta_forge.mixins.json into org.violetmoon.zeta.block.ZetaLeavesBlock
[12May2025 05:36:41.910] [modloading-worker-0/DEBUG] [mixin/]: Mixing self.IZetaBlockMixin_FAKE from zeta_forge.mixins.json into org.violetmoon.zeta.block.ZetaSaplingBlock
[12May2025 05:36:41.920] [modloading-worker-0/INFO] [quark-zeta/]: Constructing module Armed Armor Stands...
[12May2025 05:36:41.920] [modloading-worker-0/INFO] [quark-zeta/]: Constructing module Auto Walk Keybind...
[12May2025 05:36:41.921] [modloading-worker-0/INFO] [quark-zeta/]: Constructing module Automatic Recipe Unlock...
[12May2025 05:36:41.926] [modloading-worker-0/INFO] [quark-zeta/]: Constructing module Automatic Tool Restock...
[12May2025 05:36:41.929] [modloading-worker-0/DEBUG] [mixin/]: Mixing self.SelfSlingshotMixin from supplementaries.mixins.json into net.mehvahdjukaar.supplementaries.common.items.SlingshotItem
[12May2025 05:36:41.934] [modloading-worker-0/INFO] [quark-zeta/]: Constructing module Azalea Wood...
[12May2025 05:36:41.934] [modloading-worker-0/INFO] [quark-zeta/]: Constructing module Back Button Keybind...
[12May2025 05:36:41.935] [modloading-worker-0/INFO] [quark-zeta/]: Constructing module Backpack...
[12May2025 05:36:41.935] [modloading-worker-0/DEBUG] [mixin/]: Mixing self.IZetaItemMixin_FAKE from quark.mixins.json into org.violetmoon.quark.addons.oddities.item.BackpackItem
[12May2025 05:36:41.946] [modloading-worker-0/DEBUG] [mixin/]: Mixing self.SelfSafeMixin from supplementaries.mixins.json into net.mehvahdjukaar.supplementaries.common.block.blocks.SafeBlock
[12May2025 05:36:41.949] [modloading-worker-0/INFO] [quark-zeta/]: Constructing module Beacon Redirection...
[12May2025 05:36:41.951] [modloading-worker-0/INFO] [quark-zeta/]: Constructing module Better Elytra Rocket...
[12May2025 05:36:41.955] [modloading-worker-0/INFO] [quark-zeta/]: Constructing module Big Stone Clusters...
[12May2025 05:36:41.968] [modloading-worker-0/INFO] [quark-zeta/]: Constructing module Blossom Trees...
[12May2025 05:36:41.969] [modloading-worker-0/INFO] [quark-zeta/]: Constructing module Bottled Cloud...
[12May2025 05:36:41.975] [modloading-worker-0/INFO] [quark-zeta/]: Constructing module Buckets Show Inhabitants...
[12May2025 05:36:41.979] [modloading-worker-0/INFO] [quark-zeta/]: Constructing module Camera...
[12May2025 05:36:41.979] [modloading-worker-0/INFO] [quark-zeta/]: Constructing module Campfires Boost Elytra...
[12May2025 05:36:41.979] [modloading-worker-0/INFO] [quark-zeta/]: Constructing module Celebratory Lamps...
[12May2025 05:36:41.980] [modloading-worker-0/INFO] [quark-zeta/]: Constructing module Chains Connect Blocks...
[12May2025 05:36:41.983] [modloading-worker-0/INFO] [quark-zeta/]: Constructing module Chest Searching...
[12May2025 05:36:41.983] [modloading-worker-0/INFO] [quark-zeta/]: Constructing module Chorus Vegetation...
[12May2025 05:36:41.985] [modloading-worker-0/INFO] [quark-zeta/]: Constructing module Chute...
[12May2025 05:36:41.990] [modloading-worker-0/INFO] [quark-zeta/]: Constructing module Climate Control Remover...
[12May2025 05:36:41.992] [modloading-worker-0/INFO] [quark-zeta/]: Constructing module Color Runes...
[12May2025 05:36:41.995] [modloading-worker-0/DEBUG] [mixin/]: Mixing self.SelfWrenchMixin from supplementaries.mixins.json into net.mehvahdjukaar.supplementaries.common.items.WrenchItem
[12May2025 05:36:41.995] [modloading-worker-0/DEBUG] [mixin/]: Renaming synthetic method lambda$onLeftClickEntity$0(Lnet/minecraft/world/entity/player/Player;Lnet/minecraft/world/entity/player/Player;)V to md5e188f$lambda$onLeftClickEntity$0$0 in supplementaries.mixins.json:self.SelfWrenchMixin
[12May2025 05:36:42.003] [modloading-worker-0/INFO] [quark-zeta/]: Constructing module Compasses Work Everywhere...
[12May2025 05:36:42.004] [modloading-worker-0/INFO] [quark-zeta/]: Constructing module Compressed Blocks...
[12May2025 05:36:42.004] [modloading-worker-0/INFO] [quark-zeta/]: Constructing module Coral On Cactus...
[12May2025 05:36:42.005] [modloading-worker-0/INFO] [quark-zeta/]: Constructing module Corundum...
[12May2025 05:36:42.066] [modloading-worker-0/DEBUG] [mixin/]: Mixing self.SelfQuiverItemMixin from supplementaries.mixins.json into net.mehvahdjukaar.supplementaries.common.items.QuiverItem
[12May2025 05:36:42.064] [modloading-worker-0/INFO] [quark-zeta/]: Constructing module Crabs...
[12May2025 05:36:42.072] [modloading-worker-0/INFO] [quark-zeta/]: Constructing module Crafter...
[12May2025 05:36:42.076] [modloading-worker-0/DEBUG] [mixin/]: Mixing self.SelfLunchBoxItemMixin from supplementaries.mixins.json into net.mehvahdjukaar.supplementaries.common.items.LunchBoxItem
[12May2025 05:36:42.077] [modloading-worker-0/INFO] [quark-zeta/]: Constructing module Crate...
[12May2025 05:36:42.081] [modloading-worker-0/INFO] [quark-zeta/]: Constructing module Diamond Repair...
[12May2025 05:36:42.082] [modloading-worker-0/INFO] [quark-zeta/]: Constructing module Dispensers Place Blocks...
[12May2025 05:36:42.084] [modloading-worker-0/INFO] [quark-zeta/]: Constructing module Double Door Opening...
[12May2025 05:36:42.087] [modloading-worker-0/INFO] [quark-zeta/]: Constructing module Dragon Scales...
[12May2025 05:36:42.090] [modloading-worker-0/INFO] [quark-zeta/]: Constructing module Duskbound Blocks...
[12May2025 05:36:42.090] [modloading-worker-0/INFO] [quark-zeta/]: Constructing module Dyeable Item Frames...
[12May2025 05:36:42.094] [modloading-worker-0/INFO] [quark-zeta/]: Constructing module Easy Transfering...
[12May2025 05:36:42.094] [modloading-worker-0/INFO] [quark-zeta/]: Constructing module Elytra Indicator...
[12May2025 05:36:42.096] [modloading-worker-0/INFO] [quark-zeta/]: Constructing module Emotes...
[12May2025 05:36:42.096] [modloading-worker-0/INFO] [quark-zeta/]: Constructing module Enchantment Predicates...
[12May2025 05:36:42.097] [modloading-worker-0/INFO] [quark-zeta/]: Constructing module Enchantments Begone...
[12May2025 05:36:42.099] [modloading-worker-0/INFO] [quark-zeta/]: Constructing module Ender Watcher...
[12May2025 05:36:42.101] [modloading-worker-0/INFO] [quark-zeta/]: Constructing module Endermosh Music Disc...
[12May2025 05:36:42.104] [modloading-worker-0/INFO] [quark-zeta/]: Constructing module Enhanced Ladders...
[12May2025 05:36:42.104] [modloading-worker-0/INFO] [quark-zeta/]: Constructing module Expanded Item Interactions...
[12May2025 05:36:42.106] [modloading-worker-0/INFO] [quark-zeta/]: Constructing module Fairy Rings...
[12May2025 05:36:42.108] [modloading-worker-0/DEBUG] [mixin/]: Mixing self.SelfOpenableContainerMixin from supplementaries.mixins.json into net.mehvahdjukaar.supplementaries.common.block.tiles.OpeneableContainerBlockEntity
[12May2025 05:36:42.108] [modloading-worker-0/INFO] [quark-zeta/]: Constructing module Feeding Trough...
[12May2025 05:36:42.119] [modloading-worker-0/INFO] [quark-zeta/]: Constructing module Forgotten...
[12May2025 05:36:42.121] [modloading-worker-0/DEBUG] [mixin/]: Mixing self.IZetaItemMixin_FAKE from zeta_forge.mixins.json into org.violetmoon.zeta.item.ZetaArmorItem
[12May2025 05:36:42.139] [modloading-worker-0/DEBUG] [mixin/]: Mixing self.SelfPlanterMixin from supplementaries.mixins.json into net.mehvahdjukaar.supplementaries.common.block.blocks.PlanterBlock
[12May2025 05:36:42.141] [modloading-worker-0/INFO] [quark-zeta/]: Constructing module Foxhound...
[12May2025 05:36:42.142] [modloading-worker-0/INFO] [quark-zeta/]: Constructing module Framed Glass...
[12May2025 05:36:42.145] [modloading-worker-0/INFO] [quark-zeta/]: Constructing module Game Nerfs...
[12May2025 05:36:42.146] [modloading-worker-0/INFO] [quark-zeta/]: Constructing module Glass Item Frame...
[12May2025 05:36:42.153] [modloading-worker-0/INFO] [quark-zeta/]: Constructing module Glass Shard...
[12May2025 05:36:42.155] [modloading-worker-0/INFO] [quark-zeta/]: Constructing module Glimmering Weald...
[12May2025 05:36:42.158] [modloading-worker-0/DEBUG] [mixin/]: Mixing self.IZetaBlockMixin_FAKE from quark.mixins.json into org.violetmoon.quark.content.world.block.HugeGlowShroomBlock
[12May2025 05:36:42.176] [modloading-worker-0/DEBUG] [mixin/]: Mixing self.IZetaBlockMixin_FAKE from zeta_forge.mixins.json into org.violetmoon.zeta.block.ZetaBushBlock
[12May2025 05:36:42.188] [modloading-worker-0/INFO] [quark-zeta/]: Constructing module Gold Bars...
[12May2025 05:36:42.189] [modloading-worker-0/INFO] [quark-zeta/]: Constructing module Gold Tools Have Fortune...
[12May2025 05:36:42.190] [modloading-worker-0/INFO] [quark-zeta/]: Constructing module Grab Chickens...
[12May2025 05:36:42.191] [modloading-worker-0/INFO] [quark-zeta/]: Constructing module Grate...
[12May2025 05:36:42.195] [modloading-worker-0/INFO] [quark-zeta/]: Constructing module Gravisand...
[12May2025 05:36:42.196] [modloading-worker-0/INFO] [quark-zeta/]: Constructing module Greener Grass...
[12May2025 05:36:42.205] [modloading-worker-0/INFO] [quark-zeta/]: Constructing module Hedges...
[12May2025 05:36:42.209] [modloading-worker-0/INFO] [quark-zeta/]: Constructing module Hoe Harvesting...
[12May2025 05:36:42.212] [modloading-worker-0/INFO] [quark-zeta/]: Constructing module Hollow Logs...
[12May2025 05:36:42.212] [modloading-worker-0/INFO] [quark-zeta/]: Constructing module Horses Swim...
[12May2025 05:36:42.213] [modloading-worker-0/INFO] [quark-zeta/]: Constructing module Hotbar Changer...
[12May2025 05:36:42.215] [modloading-worker-0/INFO] [quark-zeta/]: Constructing module Improved Sponges...
[12May2025 05:36:42.215] [modloading-worker-0/INFO] [quark-zeta/]: Constructing module Improved Tooltips...
[12May2025 05:36:42.216] [modloading-worker-0/INFO] [quark-zeta/]: Constructing module Industrial Palette...
[12May2025 05:36:42.223] [modloading-worker-0/INFO] [quark-zeta/]: Constructing module Inventory Sorting...
[12May2025 05:36:42.225] [modloading-worker-0/INFO] [quark-zeta/]: Constructing module Iron Rod...
[12May2025 05:36:42.226] [modloading-worker-0/DEBUG] [mixin/]: Mixing self.IZetaBlockMixin_FAKE from quark.mixins.json into org.violetmoon.quark.content.automation.block.IronRodBlock
[12May2025 05:36:42.255] [modloading-worker-0/INFO] [quark-zeta/]: Constructing module Item Sharing...
[12May2025 05:36:42.255] [modloading-worker-0/INFO] [quark-zeta/]: Constructing module Japanese Palette...
[12May2025 05:36:42.256] [modloading-worker-0/DEBUG] [mixin/]: Mixing self.SelfFrameMixin from supplementaries.mixins.json into net.mehvahdjukaar.supplementaries.common.block.blocks.FrameBlock
[12May2025 05:36:42.256] [modloading-worker-0/INFO] [quark-zeta/]: Constructing module Leaf Carpet...
[12May2025 05:36:42.256] [modloading-worker-0/INFO] [quark-zeta/]: Constructing module Lock Rotation...
[12May2025 05:36:42.260] [modloading-worker-0/INFO] [quark-zeta/]: Constructing module Long Range Pick Block...
[12May2025 05:36:42.262] [modloading-worker-0/INFO] [quark-zeta/]: Constructing module Magnets...
[12May2025 05:36:42.269] [modloading-worker-0/INFO] [quark-zeta/]: Constructing module Map Washing...
[12May2025 05:36:42.277] [modloading-worker-0/INFO] [quark-zeta/]: Constructing module Matrix Enchanting...
[12May2025 05:36:42.280] [modloading-worker-0/DEBUG] [mixin/]: Mixing self.IZetaBlockMixin_FAKE from quark.mixins.json into org.violetmoon.quark.addons.oddities.block.MatrixEnchantingTableBlock
[12May2025 05:36:42.301] [modloading-worker-0/INFO] [quark-zeta/]: Constructing module Metal Buttons...
[12May2025 05:36:42.308] [modloading-worker-0/INFO] [quark-zeta/]: Constructing module Microcrafting Helper...
[12May2025 05:36:42.308] [modloading-worker-0/INFO] [quark-zeta/]: Constructing module Midori...
[12May2025 05:36:42.309] [modloading-worker-0/INFO] [quark-zeta/]: Constructing module Monster Box...
[12May2025 05:36:42.313] [modloading-worker-0/INFO] [quark-zeta/]: Constructing module More Banner Layers...
[12May2025 05:36:42.316] [modloading-worker-0/INFO] [quark-zeta/]: Constructing module More Brick Types...
[12May2025 05:36:42.316] [modloading-worker-0/INFO] [quark-zeta/]: Constructing module More Mud Blocks...
[12May2025 05:36:42.316] [modloading-worker-0/INFO] [quark-zeta/]: Constructing module More Note Block Sounds...
[12May2025 05:36:42.318] [modloading-worker-0/INFO] [quark-zeta/]: Constructing module More Potted Plants...
[12May2025 05:36:42.323] [modloading-worker-0/INFO] [quark-zeta/]: Constructing module Narrator Readout...
[12May2025 05:36:42.323] [modloading-worker-0/INFO] [quark-zeta/]: Constructing module Nether Brick Fence Gate...
[12May2025 05:36:42.324] [modloading-worker-0/INFO] [quark-zeta/]: Constructing module Nether Obsidian Spikes...
[12May2025 05:36:42.326] [modloading-worker-0/INFO] [quark-zeta/]: Constructing module New Stone Types...
[12May2025 05:36:42.331] [modloading-worker-0/INFO] [quark-zeta/]: Constructing module No Durability On Cosmetics...
[12May2025 05:36:42.332] [modloading-worker-0/INFO] [quark-zeta/]: Constructing module No More Lava Pockets...
[12May2025 05:36:42.334] [modloading-worker-0/INFO] [quark-zeta/]: Constructing module Obsidian Plate...
[12May2025 05:36:42.334] [modloading-worker-0/INFO] [quark-zeta/]: Constructing module Overlay Shader...
[12May2025 05:36:42.335] [modloading-worker-0/INFO] [quark-zeta/]: Constructing module Parrot Eggs...
[12May2025 05:36:42.338] [modloading-worker-0/INFO] [quark-zeta/]: Constructing module Pat The Dogs...
[12May2025 05:36:42.348] [modloading-worker-0/INFO] [quark-zeta/]: Constructing module Pathfinder Maps...
[12May2025 05:36:42.352] [modloading-worker-0/INFO] [quark-zeta/]: Constructing module Permafrost...
[12May2025 05:36:42.355] [modloading-worker-0/INFO] [quark-zeta/]: Constructing module Pickarang...
[12May2025 05:36:42.370] [modloading-worker-0/INFO] [quark-zeta/]: Constructing module Pig Litters...
[12May2025 05:36:42.370] [modloading-worker-0/INFO] [quark-zeta/]: Constructing module Pipes...
[12May2025 05:36:42.376] [modloading-worker-0/INFO] [quark-zeta/]: Constructing module Pistons Move Tile Entities...
[12May2025 05:36:42.380] [modloading-worker-0/INFO] [quark-zeta/]: Constructing module Poison Potato Usage...
[12May2025 05:36:42.381] [modloading-worker-0/INFO] [quark-zeta/]: Constructing module Quick Armor Swapping...
[12May2025 05:36:42.382] [modloading-worker-0/INFO] [quark-zeta/]: Constructing module Rainbow Lamps...
[12May2025 05:36:42.391] [modloading-worker-0/INFO] [quark-zeta/]: Constructing module Raw Metal Bricks...
[12May2025 05:36:42.391] [modloading-worker-0/INFO] [quark-zeta/]: Constructing module Reacharound Placing...
[12May2025 05:36:42.394] [modloading-worker-0/INFO] [quark-zeta/]: Constructing module Redstone Randomizer...
[12May2025 05:36:42.397] [modloading-worker-0/INFO] [quark-zeta/]: Constructing module Renewable Spore Blossoms...
[12May2025 05:36:42.400] [modloading-worker-0/INFO] [quark-zeta/]: Constructing module Replace Scaffolding...
[12May2025 05:36:42.406] [modloading-worker-0/INFO] [quark-zeta/]: Constructing module Rope...
[12May2025 05:36:42.422] [modloading-worker-0/INFO] [quark-zeta/]: Constructing module Safer Creatures...
[12May2025 05:36:42.423] [modloading-worker-0/INFO] [quark-zeta/]: Constructing module Seed Pouch...
[12May2025 05:36:42.436] [modloading-worker-0/INFO] [quark-zeta/]: Constructing module Shear Vines...
[12May2025 05:36:42.438] [modloading-worker-0/DEBUG] [mixin/]: Mixing self.IZetaBlockMixin_FAKE from zeta_forge.mixins.json into org.violetmoon.zeta.block.ZetaVineBlock
[12May2025 05:36:42.461] [modloading-worker-0/INFO] [quark-zeta/]: Constructing module Shiba...
[12May2025 05:36:42.462] [modloading-worker-0/INFO] [quark-zeta/]: Constructing module Shingles...
[12May2025 05:36:42.463] [modloading-worker-0/INFO] [quark-zeta/]: Constructing module Shulker Packing...
[12May2025 05:36:42.464] [modloading-worker-0/INFO] [quark-zeta/]: Constructing module Simple Harvest...
[12May2025 05:36:42.466] [modloading-worker-0/INFO] [quark-zeta/]: Constructing module Skull Pikes...
[12May2025 05:36:42.472] [modloading-worker-0/INFO] [quark-zeta/]: Constructing module Slabs To Blocks...
[12May2025 05:36:42.472] [modloading-worker-0/INFO] [quark-zeta/]: Constructing module Slime In A Bucket...
[12May2025 05:36:42.475] [modloading-worker-0/INFO] [quark-zeta/]: Constructing module Slimes To Magma Cubes...
[12May2025 05:36:42.476] [modloading-worker-0/INFO] [quark-zeta/]: Constructing module Snow Golem Player Heads...
[12May2025 05:36:42.478] [modloading-worker-0/INFO] [quark-zeta/]: Constructing module Soul Candles...
[12May2025 05:36:42.480] [modloading-worker-0/INFO] [quark-zeta/]: Constructing module Soul Sandstone...
[12May2025 05:36:42.481] [modloading-worker-0/INFO] [quark-zeta/]: Constructing module Spawner Replacer...
[12May2025 05:36:42.481] [modloading-worker-0/INFO] [quark-zeta/]: Constructing module Spiral Spires...
[12May2025 05:36:42.485] [modloading-worker-0/INFO] [quark-zeta/]: Constructing module Stonelings...
[12May2025 05:36:42.487] [modloading-worker-0/INFO] [quark-zeta/]: Constructing module Stools...
[12May2025 05:36:42.487] [modloading-worker-0/INFO] [quark-zeta/]: Constructing module Sturdy Stone...
[12May2025 05:36:42.490] [modloading-worker-0/INFO] [quark-zeta/]: Constructing module Thatch...
[12May2025 05:36:42.490] [modloading-worker-0/INFO] [quark-zeta/]: Constructing module Tiny Potato...
[12May2025 05:36:42.491] [modloading-worker-0/INFO] [quark-zeta/]: Constructing module Torch Arrow...
[12May2025 05:36:42.494] [modloading-worker-0/INFO] [quark-zeta/]: Constructing module Toretoise...
[12May2025 05:36:42.497] [modloading-worker-0/INFO] [quark-zeta/]: Constructing module Totem Of Holding...
[12May2025 05:36:42.503] [modloading-worker-0/INFO] [quark-zeta/]: Constructing module Trowel...
[12May2025 05:36:42.507] [modloading-worker-0/DEBUG] [mixin/]: Mixing SelfEntitySpawnDataMixin from moonlight.mixins.json into net.mehvahdjukaar.moonlight.api.entity.IExtraClientSpawnData
[12May2025 05:36:42.504] [modloading-worker-0/INFO] [quark-zeta/]: Constructing module Usage Ticker...
[12May2025 05:36:42.510] [modloading-worker-0/INFO] [quark-zeta/]: Constructing module Uses For Curses...
[12May2025 05:36:42.511] [modloading-worker-0/INFO] [quark-zeta/]: Constructing module Utility Recipes...
[12May2025 05:36:42.513] [modloading-worker-0/INFO] [quark-zeta/]: Constructing module Variant Animal Textures...
[12May2025 05:36:42.517] [modloading-worker-0/INFO] [quark-zeta/]: Constructing module Variant Bookshelves...
[12May2025 05:36:42.518] [modloading-worker-0/INFO] [quark-zeta/]: Constructing module Variant Chests...
[12May2025 05:36:42.520] [modloading-worker-0/DEBUG] [mixin/]: Mixing self.IZetaBlockMixin_FAKE from quark.mixins.json into org.violetmoon.quark.content.building.block.VariantTrappedChestBlock
[12May2025 05:36:42.538] [modloading-worker-0/DEBUG] [mixin/]: Mixing self.IZetaBlockMixin_FAKE from quark.mixins.json into org.violetmoon.quark.content.building.block.VariantChestBlock
[12May2025 05:36:42.548] [modloading-worker-0/INFO] [quark-zeta/]: Constructing module Variant Furnaces...
[12May2025 05:36:42.548] [modloading-worker-0/DEBUG] [mixin/]: Mixing self.IZetaBlockMixin_FAKE from quark.mixins.json into org.violetmoon.quark.content.building.block.VariantFurnaceBlock
[12May2025 05:36:42.561] [modloading-worker-0/INFO] [quark-zeta/]: Constructing module Variant Ladders...
[12May2025 05:36:42.561] [modloading-worker-0/INFO] [quark-zeta/]: Constructing module Variant Selector...
[12May2025 05:36:42.567] [modloading-worker-0/INFO] [quark-zeta/]: Constructing module Vertical Planks...
[12May2025 05:36:42.568] [modloading-worker-0/INFO] [quark-zeta/]: Constructing module Vertical Slabs...
[12May2025 05:36:42.570] [modloading-worker-0/DEBUG] [mixin/]: Mixing self.IZetaBlockMixin_FAKE from quark.mixins.json into org.violetmoon.quark.content.building.block.QuarkVerticalSlabBlock
[12May2025 05:36:42.583] [modloading-worker-0/DEBUG] [mixin/]: Mixing self.IZetaBlockMixin_FAKE from quark.mixins.json into org.violetmoon.quark.content.building.block.VerticalSlabBlock
[12May2025 05:36:42.602] [modloading-worker-0/INFO] [quark-zeta/]: Constructing module Vexes Die With Their Masters...
[12May2025 05:36:42.602] [modloading-worker-0/INFO] [quark-zeta/]: Constructing module Villager Rerolling Rework...
[12May2025 05:36:42.605] [modloading-worker-0/DEBUG] [mixin/]: Mixing MerchantOffersMixin from quark.mixins.json into net.minecraft.world.item.trading.MerchantOffers
[12May2025 05:36:42.608] [modloading-worker-0/INFO] [quark-zeta/]: Constructing module Villagers Follow Emeralds...
[12May2025 05:36:42.612] [modloading-worker-0/INFO] [quark-zeta/]: Constructing module Wooden Posts...
[12May2025 05:36:42.614] [modloading-worker-0/INFO] [quark-zeta/]: Constructing module Wool Shuts Up Minecarts...
[12May2025 05:36:42.616] [modloading-worker-0/INFO] [quark-zeta/]: Constructing module Wraith...
[12May2025 05:36:42.617] [modloading-worker-0/INFO] [quark-zeta/]: Constructing module Zombie Villagers On Normal...
[12May2025 05:36:42.617] [modloading-worker-0/INFO] [quark-zeta/]: Constructing module More Stone Variants...
[12May2025 05:36:42.620] [modloading-worker-0/DEBUG] [mixin/]: Mixing MapDataMixin from moonlight-common.mixins.json into net.minecraft.world.level.saveddata.maps.MapItemSavedData
[12May2025 05:36:42.619] [modloading-worker-0/INFO] [quark-zeta/]: Constructed 160 modules.
[12May2025 05:36:42.622] [modloading-worker-0/DEBUG] [mixin/]: Renaming synthetic method lambda$save$3(Lnet/minecraft/nbt/CompoundTag;Lnet/minecraft/resources/ResourceLocation;Lnet/mehvahdjukaar/moonlight/api/map/CustomMapData;)V to md5e188f$lambda$save$3$0 in moonlight-common.mixins.json:MapDataMixin
[12May2025 05:36:42.624] [modloading-worker-0/DEBUG] [mixin/]: Renaming synthetic method lambda$load$2(Lnet/minecraft/nbt/CompoundTag;Lnet/mehvahdjukaar/moonlight/api/map/CustomMapData;)V to md5e188f$lambda$load$2$1 in moonlight-common.mixins.json:MapDataMixin
[12May2025 05:36:42.624] [modloading-worker-0/DEBUG] [mixin/]: Renaming synthetic method lambda$setCustomDataDirty$1(Lnet/mehvahdjukaar/moonlight/api/map/CustomMapData$Type;Ljava/util/function/Consumer;Lnet/minecraft/world/level/saveddata/maps/MapItemSavedData$HoldingPlayer;)V to md5e188f$lambda$setCustomDataDirty$1$2 in moonlight-common.mixins.json:MapDataMixin
[12May2025 05:36:42.625] [modloading-worker-0/DEBUG] [mixin/]: Renaming synthetic method lambda$setCustomDecorationsDirty$0(Lnet/minecraft/world/level/saveddata/maps/MapItemSavedData$HoldingPlayer;)V to md5e188f$lambda$setCustomDecorationsDirty$0$3 in moonlight-common.mixins.json:MapDataMixin
[12May2025 05:36:42.678] [modloading-worker-0/DEBUG] [io.netty.util.internal.InternalThreadLocalMap/]: -Dio.netty.threadLocalMap.stringBuilder.initialSize: 1024
[12May2025 05:36:42.679] [modloading-worker-0/DEBUG] [io.netty.util.internal.InternalThreadLocalMap/]: -Dio.netty.threadLocalMap.stringBuilder.maxSize: 4096
[12May2025 05:36:42.680] [modloading-worker-0/DEBUG] [io.netty.util.internal.ThreadLocalRandom/]: -Dio.netty.initialSeedUniquifier: 0x3204966cda4a8d3a
[12May2025 05:36:42.802] [modloading-worker-0/DEBUG] [net.minecraftforge.fml.config.ConfigTracker/CONFIG]: Config file quark-common.toml for quark tracking
[12May2025 05:36:42.827] [modloading-worker-0/WARN] [net.minecraftforge.common.ForgeConfigSpec/CORE]: Configuration file /workspaces/MS-1/servidor_minecraft/config/quark-common.toml is not correct. Correcting
[12May2025 05:36:42.830] [modloading-worker-0/DEBUG] [net.minecraftforge.common.ForgeConfigSpec/CORE]: The comment on key building.leaf_carpet.Ignore Anti Overlap does not match the spec. This may create a backup.
[12May2025 05:36:42.830] [modloading-worker-0/DEBUG] [net.minecraftforge.common.ForgeConfigSpec/CORE]: The comment on key building.thatch.Ignore Anti Overlap does not match the spec. This may create a backup.
[12May2025 05:36:42.834] [modloading-worker-0/DEBUG] [mixin/]: Mixing accessor.BrainAccessor from moonlight-common.mixins.json into net.minecraft.world.entity.ai.Brain
[12May2025 05:36:42.845] [modloading-worker-0/DEBUG] [net.minecraftforge.fml.javafmlmod.AutomaticEventSubscriber/LOADING]: Attempting to inject @EventBusSubscriber classes into the eventbus for supplementaries
[12May2025 05:36:42.847] [modloading-worker-0/DEBUG] [net.minecraftforge.fml.javafmlmod.AutomaticEventSubscriber/LOADING]: Auto-subscribing net.mehvahdjukaar.supplementaries.forge.RemapHandler to FORGE
[12May2025 05:36:42.848] [modloading-worker-0/DEBUG] [net.minecraftforge.fml.javafmlmod.AutomaticEventSubscriber/LOADING]: Attempting to inject @EventBusSubscriber classes into the eventbus for ferritecore
[12May2025 05:36:42.855] [modloading-worker-0/DEBUG] [net.minecraftforge.fml.config.ConfigTracker/CONFIG]: Config file aiimprovements-common.toml for aiimprovements tracking
[12May2025 05:36:42.855] [modloading-worker-0/DEBUG] [net.minecraftforge.fml.javafmlmod.AutomaticEventSubscriber/LOADING]: Attempting to inject @EventBusSubscriber classes into the eventbus for aiimprovements
[12May2025 05:36:42.857] [modloading-worker-0/DEBUG] [net.minecraftforge.fml.javafmlmod.AutomaticEventSubscriber/LOADING]: Auto-subscribing com.builtbroken.ai.improvements.modifier.ModifierSystem to FORGE
[12May2025 05:36:42.868] [modloading-worker-0/DEBUG] [net.minecraftforge.fml.javafmlmod.AutomaticEventSubscriber/LOADING]: Auto-subscribing com.builtbroken.ai.improvements.AIImprovements to MOD
[12May2025 05:36:42.870] [modloading-worker-0/INFO] [com.cupboard.Cupboard/]: Loaded config for: cupboard.json
[12May2025 05:36:42.874] [modloading-worker-0/DEBUG] [net.minecraftforge.fml.javafmlmod.AutomaticEventSubscriber/LOADING]: Attempting to inject @EventBusSubscriber classes into the eventbus for cupboard
[12May2025 05:36:42.877] [modloading-worker-0/DEBUG] [net.minecraftforge.fml.javafmlmod.AutomaticEventSubscriber/LOADING]: Attempting to inject @EventBusSubscriber classes into the eventbus for scaffoldingdropsnearby
[12May2025 05:36:42.885] [modloading-worker-0/DEBUG] [net.minecraftforge.fml.javafmlmod.AutomaticEventSubscriber/LOADING]: Attempting to inject @EventBusSubscriber classes into the eventbus for quark
[12May2025 05:36:42.886] [modloading-worker-0/DEBUG] [net.minecraftforge.fml.javafmlmod.AutomaticEventSubscriber/LOADING]: Auto-subscribing org.violetmoon.quark.base.handler.QuarkRemapHandler to FORGE
[12May2025 05:36:42.963] [modloading-worker-0/DEBUG] [net.minecraftforge.fml.config.ConfigTracker/CONFIG]: Config file Obscuria/aquamirae-common.toml for aquamirae tracking
[12May2025 05:36:42.963] [modloading-worker-0/DEBUG] [net.minecraftforge.fml.config.ConfigTracker/CONFIG]: Config file Obscuria/aquamirae-client.toml for aquamirae tracking
[12May2025 05:36:42.966] [modloading-worker-0/DEBUG] [net.minecraftforge.fml.javafmlmod.AutomaticEventSubscriber/LOADING]: Attempting to inject @EventBusSubscriber classes into the eventbus for aquamirae
[12May2025 05:36:42.966] [modloading-worker-0/DEBUG] [net.minecraftforge.fml.javafmlmod.AutomaticEventSubscriber/LOADING]: Auto-subscribing com.obscuria.aquamirae.registry.AquamiraeEntities to MOD
[12May2025 05:36:42.967] [modloading-worker-0/DEBUG] [net.minecraftforge.fml.javafmlmod.AutomaticEventSubscriber/LOADING]: Auto-subscribing com.obscuria.aquamirae.registry.AquamiraeCreativeTab to MOD
[12May2025 05:36:42.967] [modloading-worker-0/DEBUG] [net.minecraftforge.fml.javafmlmod.AutomaticEventSubscriber/LOADING]: Auto-subscribing com.obscuria.aquamirae.network.ScrollMessage to MOD
[12May2025 05:36:42.968] [modloading-worker-0/DEBUG] [net.minecraftforge.fml.javafmlmod.AutomaticEventSubscriber/LOADING]: Auto-subscribing com.obscuria.aquamirae.common.recipes.SpectralPotionRecipe to MOD
[12May2025 05:36:42.969] [modloading-worker-0/DEBUG] [net.minecraftforge.fml.javafmlmod.AutomaticEventSubscriber/LOADING]: Auto-subscribing com.obscuria.aquamirae.common.recipes.PotionOfTenacityRecipe to MOD
[12May2025 05:36:42.970] [modloading-worker-0/DEBUG] [net.minecraftforge.fml.javafmlmod.AutomaticEventSubscriber/LOADING]: Auto-subscribing com.obscuria.aquamirae.common.items.armor.TerribleArmorItem to FORGE
[12May2025 05:36:42.970] [modloading-worker-0/DEBUG] [net.minecraftforge.fml.javafmlmod.AutomaticEventSubscriber/LOADING]: Auto-subscribing com.obscuria.aquamirae.common.items.RuneOfTheStormItem to FORGE
[12May2025 05:36:42.995] [main/DEBUG] [net.minecraftforge.fml.DeferredWorkQueue/LOADING]: Dispatching synchronous work for work queue CONSTRUCT: 3 jobs
[12May2025 05:36:43.000] [main/DEBUG] [net.minecraftforge.fml.config.ConfigTracker/CONFIG]: Config file unusualend-common.toml for unusualend tracking
[12May2025 05:36:43.000] [main/DEBUG] [net.minecraftforge.fml.DeferredWorkQueue/LOADING]: Synchronous work queue completed in 4.330 ms
[12May2025 05:36:43.156] [main/DEBUG] [mixin/]: Mixing common.RegistryDataLoaderMixin from lithostitched.mixins.json into net.minecraft.resources.RegistryDataLoader
[12May2025 05:36:43.159] [main/DEBUG] [mixin/]: Mixing RegistryDataLoaderMixin from zeta.mixins.json into net.minecraft.resources.RegistryDataLoader
[12May2025 05:36:43.634] [main/DEBUG] [net.minecraftforge.common.capabilities.CapabilityManager/CAPABILITIES]: Attempting to automatically register: Lappeng/api/networking/IInWorldGridNodeHost;
[12May2025 05:36:43.635] [main/DEBUG] [net.minecraftforge.common.capabilities.CapabilityManager/CAPABILITIES]: Attempting to automatically register: Lnet/minecraftforge/energy/IEnergyStorage;
[12May2025 05:36:43.635] [main/DEBUG] [net.minecraftforge.common.capabilities.CapabilityManager/CAPABILITIES]: Attempting to automatically register: Lnet/minecraftforge/fluids/capability/IFluidHandler;
[12May2025 05:36:43.635] [main/DEBUG] [net.minecraftforge.common.capabilities.CapabilityManager/CAPABILITIES]: Attempting to automatically register: Lnet/minecraftforge/fluids/capability/IFluidHandlerItem;
[12May2025 05:36:43.635] [main/DEBUG] [net.minecraftforge.common.capabilities.CapabilityManager/CAPABILITIES]: Attempting to automatically register: Lnet/minecraftforge/items/IItemHandler;
[12May2025 05:36:44.133] [main/INFO] [zeta-internal/]: Dispatching ZRegister to 3 listeners
[12May2025 05:36:44.138] [main/INFO] [zeta-internal/]: Dispatching ZRegister$Post to 1 listener
[12May2025 05:36:44.139] [main/INFO] [quark-zeta/]: Dispatching ZRegister to 96 listeners
[12May2025 05:36:44.160] [main/DEBUG] [mixin/]: Mixing self.IZetaBlockMixin_FAKE from zeta_forge.mixins.json into org.violetmoon.zeta.block.ZetaSlabBlock
[12May2025 05:36:44.166] [main/DEBUG] [mixin/]: Mixing self.IZetaBlockMixin_FAKE from zeta_forge.mixins.json into org.violetmoon.zeta.block.ZetaStairsBlock
[12May2025 05:36:44.167] [main/DEBUG] [net.minecraftforge.coremod.transformer.CoreModBaseTransformer/COREMOD]: Transforming net/minecraft/world/level/block/StairBlock
[12May2025 05:36:44.177] [main/DEBUG] [mixin/]: Mixing self.IZetaBlockMixin_FAKE from zeta_forge.mixins.json into org.violetmoon.zeta.block.ZetaFenceGateBlock
[12May2025 05:36:44.384] [main/DEBUG] [mixin/]: Mixing AccessorSmithingTrimRecipe from patchouli_xplat.mixins.json into net.minecraft.world.item.crafting.SmithingTrimRecipe
[12May2025 05:36:44.393] [main/DEBUG] [mixin/]: Mixing self.IZetaBlockMixin_FAKE from zeta_forge.mixins.json into org.violetmoon.zeta.block.ZetaInheritedPaneBlock
[12May2025 05:36:44.396] [main/DEBUG] [mixin/]: Mixing self.IZetaBlockMixin_FAKE from zeta_forge.mixins.json into org.violetmoon.zeta.block.ZetaPaneBlock
[12May2025 05:36:44.421] [main/DEBUG] [mixin/]: Mixing SpawnPlacementsMixin from botania_xplat.mixins.json into net.minecraft.world.entity.SpawnPlacements
[12May2025 05:36:44.422] [main/DEBUG] [mixin/]: Mixing SpawnPlacementsAccessor from crittersandcompanions.mixins.json into net.minecraft.world.entity.SpawnPlacements
[12May2025 05:36:44.422] [main/DEBUG] [mixin/]: Renaming @Invoker method invokeRegister(Lnet/minecraft/world/entity/EntityType;Lnet/minecraft/world/entity/SpawnPlacements$Type;Lnet/minecraft/world/level/levelgen/Heightmap$Types;Lnet/minecraft/world/entity/SpawnPlacements$SpawnPredicate;)V to invokeRegister_$md$5e188f$0 in crittersandcompanions.mixins.json:SpawnPlacementsAccessor
[12May2025 05:36:44.595] [main/DEBUG] [mixin/]: Mixing self.IZetaBlockMixin_FAKE from quark.mixins.json into org.violetmoon.quark.content.building.block.HedgeBlock
[12May2025 05:36:44.912] [main/DEBUG] [mixin/]: Mixing self.IZetaBlockMixin_FAKE from zeta_forge.mixins.json into org.violetmoon.zeta.block.ZetaWallBlock
[12May2025 05:36:45.343] [main/DEBUG] [mixin/]: Mixing self.IZetaBlockMixin_FAKE from zeta_forge.mixins.json into org.violetmoon.zeta.block.ZetaBlockWrapper
[12May2025 05:36:45.372] [main/INFO] [quark-zeta/]: Dispatching ZRegister$Post to 6 listeners
[12May2025 05:36:45.477] [main/DEBUG] [quark-zeta/]: Registering to minecraft:sound_event - quark:entity.shiba.eat_arrow
[12May2025 05:36:45.477] [main/DEBUG] [quark-zeta/]: Registering to minecraft:sound_event - quark:entity.shiba.whine
[12May2025 05:36:45.478] [main/DEBUG] [quark-zeta/]: Registering to minecraft:sound_event - quark:entity.shiba.step
[12May2025 05:36:45.478] [main/DEBUG] [quark-zeta/]: Registering to minecraft:sound_event - quark:entity.shiba.ambient
[12May2025 05:36:45.478] [main/DEBUG] [quark-zeta/]: Registering to minecraft:sound_event - quark:entity.shiba.pant
[12May2025 05:36:45.478] [main/DEBUG] [quark-zeta/]: Registering to minecraft:sound_event - quark:entity.shiba.hurt
[12May2025 05:36:45.478] [main/DEBUG] [quark-zeta/]: Registering to minecraft:sound_event - quark:entity.shiba.death
[12May2025 05:36:45.478] [main/DEBUG] [quark-zeta/]: Registering to minecraft:sound_event - quark:entity.stoneling.meep
[12May2025 05:36:45.478] [main/DEBUG] [quark-zeta/]: Registering to minecraft:sound_event - quark:entity.stoneling.purr
[12May2025 05:36:45.478] [main/DEBUG] [quark-zeta/]: Registering to minecraft:sound_event - quark:entity.stoneling.give
[12May2025 05:36:45.478] [main/DEBUG] [quark-zeta/]: Registering to minecraft:sound_event - quark:entity.stoneling.take
[12May2025 05:36:45.479] [main/DEBUG] [quark-zeta/]: Registering to minecraft:sound_event - quark:entity.stoneling.eat
[12May2025 05:36:45.481] [main/DEBUG] [quark-zeta/]: Registering to minecraft:sound_event - quark:entity.stoneling.die
[12May2025 05:36:45.481] [main/DEBUG] [quark-zeta/]: Registering to minecraft:sound_event - quark:entity.stoneling.cry
[12May2025 05:36:45.481] [main/DEBUG] [quark-zeta/]: Registering to minecraft:sound_event - quark:entity.stoneling.michael
[12May2025 05:36:45.481] [main/DEBUG] [quark-zeta/]: Registering to minecraft:sound_event - quark:entity.pickarang.throw
[12May2025 05:36:45.481] [main/DEBUG] [quark-zeta/]: Registering to minecraft:sound_event - quark:entity.pickarang.clank
[12May2025 05:36:45.481] [main/DEBUG] [quark-zeta/]: Registering to minecraft:sound_event - quark:entity.pickarang.spark
[12May2025 05:36:45.481] [main/DEBUG] [quark-zeta/]: Registering to minecraft:sound_event - quark:entity.pickarang.pickup
[12May2025 05:36:45.481] [main/DEBUG] [quark-zeta/]: Registering to minecraft:sound_event - quark:entity.foxhound.ambient
[12May2025 05:36:45.481] [main/DEBUG] [quark-zeta/]: Registering to minecraft:sound_event - quark:entity.foxhound.death
[12May2025 05:36:45.481] [main/DEBUG] [quark-zeta/]: Registering to minecraft:sound_event - quark:entity.foxhound.growl
[12May2025 05:36:45.481] [main/DEBUG] [quark-zeta/]: Registering to minecraft:sound_event - quark:entity.foxhound.hurt
[12May2025 05:36:45.481] [main/DEBUG] [quark-zeta/]: Registering to minecraft:sound_event - quark:entity.foxhound.pant
[12May2025 05:36:45.481] [main/DEBUG] [quark-zeta/]: Registering to minecraft:sound_event - quark:entity.foxhound.shake
[12May2025 05:36:45.481] [main/DEBUG] [quark-zeta/]: Registering to minecraft:sound_event - quark:entity.foxhound.whine
[12May2025 05:36:45.481] [main/DEBUG] [quark-zeta/]: Registering to minecraft:sound_event - quark:entity.foxhound.eat
[12May2025 05:36:45.481] [main/DEBUG] [quark-zeta/]: Registering to minecraft:sound_event - quark:entity.foxhound.crackle
[12May2025 05:36:45.481] [main/DEBUG] [quark-zeta/]: Registering to minecraft:sound_event - quark:entity.crab.die
[12May2025 05:36:45.481] [main/DEBUG] [quark-zeta/]: Registering to minecraft:sound_event - quark:entity.crab.hurt
[12May2025 05:36:45.482] [main/DEBUG] [quark-zeta/]: Registering to minecraft:sound_event - quark:entity.crab.idle
[12May2025 05:36:45.482] [main/DEBUG] [quark-zeta/]: Registering to minecraft:sound_event - quark:entity.toretoise.die
[12May2025 05:36:45.482] [main/DEBUG] [quark-zeta/]: Registering to minecraft:sound_event - quark:entity.toretoise.hurt
[12May2025 05:36:45.482] [main/DEBUG] [quark-zeta/]: Registering to minecraft:sound_event - quark:entity.toretoise.idle
[12May2025 05:36:45.482] [main/DEBUG] [quark-zeta/]: Registering to minecraft:sound_event - quark:entity.toretoise.angry
[12May2025 05:36:45.482] [main/DEBUG] [quark-zeta/]: Registering to minecraft:sound_event - quark:entity.toretoise.harvest
[12May2025 05:36:45.482] [main/DEBUG] [quark-zeta/]: Registering to minecraft:sound_event - quark:entity.toretoise.eat_satiated
[12May2025 05:36:45.482] [main/DEBUG] [quark-zeta/]: Registering to minecraft:sound_event - quark:entity.toretoise.eat
[12May2025 05:36:45.482] [main/DEBUG] [quark-zeta/]: Registering to minecraft:sound_event - quark:entity.toretoise.regrow
[12May2025 05:36:45.482] [main/DEBUG] [quark-zeta/]: Registering to minecraft:sound_event - quark:entity.parrot.egg
[12May2025 05:36:45.482] [main/DEBUG] [quark-zeta/]: Registering to minecraft:sound_event - quark:entity.soul_bead.idle
[12May2025 05:36:45.482] [main/DEBUG] [quark-zeta/]: Registering to minecraft:sound_event - quark:block.monster_box.growl
[12May2025 05:36:45.482] [main/DEBUG] [quark-zeta/]: Registering to minecraft:sound_event - quark:block.pipe.shoot
[12May2025 05:36:45.482] [main/DEBUG] [quark-zeta/]: Registering to minecraft:sound_event - quark:block.pipe.pickup
[12May2025 05:36:45.482] [main/DEBUG] [quark-zeta/]: Registering to minecraft:sound_event - quark:block.pipe.shoot.lenny
[12May2025 05:36:45.482] [main/DEBUG] [quark-zeta/]: Registering to minecraft:sound_event - quark:block.pipe.pickup.lenny
[12May2025 05:36:45.482] [main/DEBUG] [quark-zeta/]: Registering to minecraft:sound_event - quark:block.potato.do_it
[12May2025 05:36:45.482] [main/DEBUG] [quark-zeta/]: Registering to minecraft:sound_event - quark:block.potato.soda
[12May2025 05:36:45.482] [main/DEBUG] [quark-zeta/]: Registering to minecraft:sound_event - quark:block.potato.kingbdogz
[12May2025 05:36:45.482] [main/DEBUG] [quark-zeta/]: Registering to minecraft:sound_event - quark:block.potato.yung
[12May2025 05:36:45.482] [main/DEBUG] [quark-zeta/]: Registering to minecraft:sound_event - quark:block.potato.hurt
[12May2025 05:36:45.482] [main/DEBUG] [quark-zeta/]: Registering to minecraft:sound_event - quark:item.camera.shutter
[12May2025 05:36:45.482] [main/DEBUG] [quark-zeta/]: Registering to minecraft:sound_event - quark:item.soul_powder.spawn
[12May2025 05:36:45.482] [main/DEBUG] [quark-zeta/]: Registering to minecraft:sound_event - quark:item.bucket.fill_crab
[12May2025 05:36:45.482] [main/DEBUG] [quark-zeta/]: Registering to minecraft:sound_event - quark:item.bucket.empty_crab
[12May2025 05:36:45.482] [main/DEBUG] [quark-zeta/]: Registering to minecraft:sound_event - quark:pet.device
[12May2025 05:36:45.482] [main/DEBUG] [quark-zeta/]: Registering to minecraft:sound_event - quark:pet.neko
[12May2025 05:36:45.482] [main/DEBUG] [quark-zeta/]: Registering to minecraft:sound_event - quark:pet.slime
[12May2025 05:36:45.482] [main/DEBUG] [quark-zeta/]: Registering to minecraft:sound_event - quark:pet.wire
[12May2025 05:36:45.487] [main/DEBUG] [quark-zeta/]: Registering to minecraft:sound_event - quark:ambient.drips
[12May2025 05:36:45.487] [main/DEBUG] [quark-zeta/]: Registering to minecraft:sound_event - quark:ambient.ocean
[12May2025 05:36:45.488] [main/DEBUG] [quark-zeta/]: Registering to minecraft:sound_event - quark:ambient.rain
[12May2025 05:36:45.488] [main/DEBUG] [quark-zeta/]: Registering to minecraft:sound_event - quark:ambient.wind
[12May2025 05:36:45.488] [main/DEBUG] [quark-zeta/]: Registering to minecraft:sound_event - quark:ambient.fire
[12May2025 05:36:45.489] [main/DEBUG] [quark-zeta/]: Registering to minecraft:sound_event - quark:ambient.clock
[12May2025 05:36:45.489] [main/DEBUG] [quark-zeta/]: Registering to minecraft:sound_event - quark:ambient.crickets
[12May2025 05:36:45.489] [main/DEBUG] [quark-zeta/]: Registering to minecraft:sound_event - quark:ambient.chatter
[12May2025 05:36:45.489] [main/DEBUG] [quark-zeta/]: Registering to minecraft:sound_event - quark:music.endermosh
[12May2025 05:36:45.489] [main/DEBUG] [quark-zeta/]: Registering to minecraft:sound_event - quark:music.glimmering_weald
[12May2025 05:36:45.515] [main/DEBUG] [Decorative Blocks/]: Loaded lilypuree.decorative_blocks.platform.ForgePlatformHelper@2831cf5e for service interface lilypuree.decorative_blocks.platform.services.IPlatformHelper
[12May2025 05:36:45.516] [main/DEBUG] [Decorative Blocks/]: Loaded lilypuree.decorative_blocks.compat.SoulFiredHelperForge@53d1d689 for service interface lilypuree.decorative_blocks.platform.services.SoulFiredHelper
[12May2025 05:36:45.542] [main/DEBUG] [mixin/]: Mixing SelfModFlowingFluidMixin from moonlight.mixins.json into net.mehvahdjukaar.moonlight.api.fluids.ModFlowingFluid
[12May2025 05:36:45.543] [main/DEBUG] [mixin/]: Renaming synthetic method lambda$afterInit$0(Lnet/mehvahdjukaar/moonlight/api/client/forge/ModFluidType;)Lnet/minecraftforge/fluids/FluidType; to md5e188f$lambda$afterInit$0$0 in moonlight.mixins.json:SelfModFlowingFluidMixin
[12May2025 05:36:47.150] [main/DEBUG] [mixin/]: Mixing EnchantBookForEmeraldsMixin from quark.mixins.json into net.minecraft.world.entity.npc.VillagerTrades$EnchantBookForEmeralds
[12May2025 05:36:47.153] [main/DEBUG] [mixin/]: Mixing TreasureMapForEmeraldsMixin from supplementaries.mixins.json into net.minecraft.world.entity.npc.VillagerTrades$TreasureMapForEmeralds
[12May2025 05:36:47.477] [main/DEBUG] [quark-zeta/]: Registering to minecraft:block - quark:ancient_log
[12May2025 05:36:47.477] [main/DEBUG] [quark-zeta/]: Registering to minecraft:block - quark:hollow_ancient_log
[12May2025 05:36:47.478] [main/DEBUG] [quark-zeta/]: Registering to minecraft:block - quark:ancient_wood
[12May2025 05:36:47.478] [main/DEBUG] [quark-zeta/]: Registering to minecraft:block - quark:stripped_ancient_log
[12May2025 05:36:47.478] [main/DEBUG] [quark-zeta/]: Registering to minecraft:block - quark:stripped_ancient_wood
[12May2025 05:36:47.478] [main/DEBUG] [quark-zeta/]: Registering to minecraft:block - quark:ancient_planks
[12May2025 05:36:47.478] [main/DEBUG] [quark-zeta/]: Registering to minecraft:block - quark:vertical_ancient_planks
[12May2025 05:36:47.478] [main/DEBUG] [quark-zeta/]: Registering to minecraft:block - quark:ancient_planks_slab
[12May2025 05:36:47.479] [main/DEBUG] [quark-zeta/]: Registering to minecraft:block - quark:ancient_planks_stairs
[12May2025 05:36:47.479] [main/DEBUG] [quark-zeta/]: Registering to minecraft:block - quark:ancient_fence
[12May2025 05:36:47.479] [main/DEBUG] [quark-zeta/]: Registering to minecraft:block - quark:ancient_fence_gate
[12May2025 05:36:47.479] [main/DEBUG] [quark-zeta/]: Registering to minecraft:block - quark:ancient_door
[12May2025 05:36:47.480] [main/DEBUG] [quark-zeta/]: Registering to minecraft:block - quark:ancient_trapdoor
[12May2025 05:36:47.480] [main/DEBUG] [quark-zeta/]: Registering to minecraft:block - quark:ancient_pressure_plate
[12May2025 05:36:47.480] [main/DEBUG] [quark-zeta/]: Registering to minecraft:block - quark:ancient_button
[12May2025 05:36:47.480] [main/DEBUG] [quark-zeta/]: Registering to minecraft:block - quark:ancient_sign
[12May2025 05:36:47.480] [main/DEBUG] [quark-zeta/]: Registering to minecraft:block - quark:ancient_wall_sign
[12May2025 05:36:47.480] [main/DEBUG] [quark-zeta/]: Registering to minecraft:block - quark:ancient_hanging_sign
[12May2025 05:36:47.480] [main/DEBUG] [quark-zeta/]: Registering to minecraft:block - quark:ancient_wall_hanging_sign
[12May2025 05:36:47.481] [main/DEBUG] [quark-zeta/]: Registering to minecraft:block - quark:ancient_bookshelf
[12May2025 05:36:47.481] [main/DEBUG] [quark-zeta/]: Registering to minecraft:block - quark:ancient_ladder
[12May2025 05:36:47.481] [main/DEBUG] [quark-zeta/]: Registering to minecraft:block - quark:ancient_post
[12May2025 05:36:47.481] [main/DEBUG] [quark-zeta/]: Registering to minecraft:block - quark:stripped_ancient_post
[12May2025 05:36:47.481] [main/DEBUG] [quark-zeta/]: Registering to minecraft:block - quark:ancient_chest
[12May2025 05:36:47.481] [main/DEBUG] [quark-zeta/]: Registering to minecraft:block - quark:ancient_trapped_chest
[12May2025 05:36:47.481] [main/DEBUG] [quark-zeta/]: Registering to minecraft:block - quark:lootr_ancient_chest
[12May2025 05:36:47.481] [main/DEBUG] [quark-zeta/]: Registering to minecraft:block - quark:lootr_ancient_trapped_chest
[12May2025 05:36:47.481] [main/DEBUG] [quark-zeta/]: Registering to minecraft:block - quark:ancient_leaves
[12May2025 05:36:47.481] [main/DEBUG] [quark-zeta/]: Registering to minecraft:block - quark:ancient_sapling
[12May2025 05:36:47.481] [main/DEBUG] [quark-zeta/]: Registering to minecraft:block - quark:potted_ancient_sapling
[12May2025 05:36:47.481] [main/DEBUG] [quark-zeta/]: Registering to minecraft:block - quark:azalea_log
[12May2025 05:36:47.481] [main/DEBUG] [quark-zeta/]: Registering to minecraft:block - quark:hollow_azalea_log
[12May2025 05:36:47.481] [main/DEBUG] [quark-zeta/]: Registering to minecraft:block - quark:azalea_wood
[12May2025 05:36:47.481] [main/DEBUG] [quark-zeta/]: Registering to minecraft:block - quark:stripped_azalea_log
[12May2025 05:36:47.481] [main/DEBUG] [quark-zeta/]: Registering to minecraft:block - quark:stripped_azalea_wood
[12May2025 05:36:47.481] [main/DEBUG] [quark-zeta/]: Registering to minecraft:block - quark:azalea_planks
[12May2025 05:36:47.482] [main/DEBUG] [quark-zeta/]: Registering to minecraft:block - quark:vertical_azalea_planks
[12May2025 05:36:47.482] [main/DEBUG] [quark-zeta/]: Registering to minecraft:block - quark:azalea_planks_slab
[12May2025 05:36:47.482] [main/DEBUG] [quark-zeta/]: Registering to minecraft:block - quark:azalea_planks_stairs
[12May2025 05:36:47.482] [main/DEBUG] [quark-zeta/]: Registering to minecraft:block - quark:azalea_fence
[12May2025 05:36:47.482] [main/DEBUG] [quark-zeta/]: Registering to minecraft:block - quark:azalea_fence_gate
[12May2025 05:36:47.482] [main/DEBUG] [quark-zeta/]: Registering to minecraft:block - quark:azalea_door
[12May2025 05:36:47.482] [main/DEBUG] [quark-zeta/]: Registering to minecraft:block - quark:azalea_trapdoor
[12May2025 05:36:47.482] [main/DEBUG] [quark-zeta/]: Registering to minecraft:block - quark:azalea_pressure_plate
[12May2025 05:36:47.482] [main/DEBUG] [quark-zeta/]: Registering to minecraft:block - quark:azalea_button
[12May2025 05:36:47.482] [main/DEBUG] [quark-zeta/]: Registering to minecraft:block - quark:azalea_sign
[12May2025 05:36:47.482] [main/DEBUG] [quark-zeta/]: Registering to minecraft:block - quark:azalea_wall_sign
[12May2025 05:36:47.482] [main/DEBUG] [quark-zeta/]: Registering to minecraft:block - quark:azalea_hanging_sign
[12May2025 05:36:47.482] [main/DEBUG] [quark-zeta/]: Registering to minecraft:block - quark:azalea_wall_hanging_sign
[12May2025 05:36:47.482] [main/DEBUG] [quark-zeta/]: Registering to minecraft:block - quark:azalea_bookshelf
[12May2025 05:36:47.482] [main/DEBUG] [quark-zeta/]: Registering to minecraft:block - quark:azalea_ladder
[12May2025 05:36:47.482] [main/DEBUG] [quark-zeta/]: Registering to minecraft:block - quark:azalea_post
[12May2025 05:36:47.482] [main/DEBUG] [quark-zeta/]: Registering to minecraft:block - quark:stripped_azalea_post
[12May2025 05:36:47.482] [main/DEBUG] [quark-zeta/]: Registering to minecraft:block - quark:azalea_chest
[12May2025 05:36:47.482] [main/DEBUG] [quark-zeta/]: Registering to minecraft:block - quark:azalea_trapped_chest
[12May2025 05:36:47.482] [main/DEBUG] [quark-zeta/]: Registering to minecraft:block - quark:lootr_azalea_chest
[12May2025 05:36:47.482] [main/DEBUG] [quark-zeta/]: Registering to minecraft:block - quark:lootr_azalea_trapped_chest
[12May2025 05:36:47.482] [main/DEBUG] [quark-zeta/]: Registering to minecraft:block - quark:bonded_ravager_hide
[12May2025 05:36:47.483] [main/DEBUG] [quark-zeta/]: Registering to minecraft:block - quark:blossom_log
[12May2025 05:36:47.483] [main/DEBUG] [quark-zeta/]: Registering to minecraft:block - quark:hollow_blossom_log
[12May2025 05:36:47.483] [main/DEBUG] [quark-zeta/]: Registering to minecraft:block - quark:blossom_wood
[12May2025 05:36:47.483] [main/DEBUG] [quark-zeta/]: Registering to minecraft:block - quark:stripped_blossom_log
[12May2025 05:36:47.483] [main/DEBUG] [quark-zeta/]: Registering to minecraft:block - quark:stripped_blossom_wood
[12May2025 05:36:47.483] [main/DEBUG] [quark-zeta/]: Registering to minecraft:block - quark:blossom_planks
[12May2025 05:36:47.483] [main/DEBUG] [quark-zeta/]: Registering to minecraft:block - quark:vertical_blossom_planks
[12May2025 05:36:47.483] [main/DEBUG] [quark-zeta/]: Registering to minecraft:block - quark:blossom_planks_slab
[12May2025 05:36:47.484] [main/DEBUG] [quark-zeta/]: Registering to minecraft:block - quark:blossom_planks_stairs
[12May2025 05:36:47.484] [main/DEBUG] [quark-zeta/]: Registering to minecraft:block - quark:blossom_fence
[12May2025 05:36:47.484] [main/DEBUG] [quark-zeta/]: Registering to minecraft:block - quark:blossom_fence_gate
[12May2025 05:36:47.484] [main/DEBUG] [quark-zeta/]: Registering to minecraft:block - quark:blossom_door
[12May2025 05:36:47.484] [main/DEBUG] [quark-zeta/]: Registering to minecraft:block - quark:blossom_trapdoor
[12May2025 05:36:47.484] [main/DEBUG] [quark-zeta/]: Registering to minecraft:block - quark:blossom_pressure_plate
[12May2025 05:36:47.484] [main/DEBUG] [quark-zeta/]: Registering to minecraft:block - quark:blossom_button
[12May2025 05:36:47.485] [main/DEBUG] [quark-zeta/]: Registering to minecraft:block - quark:blossom_sign
[12May2025 05:36:47.485] [main/DEBUG] [quark-zeta/]: Registering to minecraft:block - quark:blossom_wall_sign
[12May2025 05:36:47.485] [main/DEBUG] [quark-zeta/]: Registering to minecraft:block - quark:blossom_hanging_sign
[12May2025 05:36:47.485] [main/DEBUG] [quark-zeta/]: Registering to minecraft:block - quark:blossom_wall_hanging_sign
[12May2025 05:36:47.485] [main/DEBUG] [quark-zeta/]: Registering to minecraft:block - quark:blossom_bookshelf
[12May2025 05:36:47.485] [main/DEBUG] [quark-zeta/]: Registering to minecraft:block - quark:blossom_ladder
[12May2025 05:36:47.485] [main/DEBUG] [quark-zeta/]: Registering to minecraft:block - quark:blossom_post
[12May2025 05:36:47.485] [main/DEBUG] [quark-zeta/]: Registering to minecraft:block - quark:stripped_blossom_post
[12May2025 05:36:47.486] [main/DEBUG] [quark-zeta/]: Registering to minecraft:block - quark:blossom_chest
[12May2025 05:36:47.486] [main/DEBUG] [quark-zeta/]: Registering to minecraft:block - quark:blossom_trapped_chest
[12May2025 05:36:47.486] [main/DEBUG] [quark-zeta/]: Registering to minecraft:block - quark:lootr_blossom_chest
[12May2025 05:36:47.486] [main/DEBUG] [quark-zeta/]: Registering to minecraft:block - quark:lootr_blossom_trapped_chest
[12May2025 05:36:47.486] [main/DEBUG] [quark-zeta/]: Registering to minecraft:block - quark:blue_blossom_leaves
[12May2025 05:36:47.486] [main/DEBUG] [quark-zeta/]: Registering to minecraft:block - quark:blue_blossom_sapling
[12May2025 05:36:47.486] [main/DEBUG] [quark-zeta/]: Registering to minecraft:block - quark:potted_blue_blossom_sapling
[12May2025 05:36:47.487] [main/DEBUG] [quark-zeta/]: Registering to minecraft:block - quark:lavender_blossom_leaves
[12May2025 05:36:47.487] [main/DEBUG] [quark-zeta/]: Registering to minecraft:block - quark:lavender_blossom_sapling
[12May2025 05:36:47.487] [main/DEBUG] [quark-zeta/]: Registering to minecraft:block - quark:potted_lavender_blossom_sapling
[12May2025 05:36:47.487] [main/DEBUG] [quark-zeta/]: Registering to minecraft:block - quark:orange_blossom_leaves
[12May2025 05:36:47.487] [main/DEBUG] [quark-zeta/]: Registering to minecraft:block - quark:orange_blossom_sapling
[12May2025 05:36:47.488] [main/DEBUG] [quark-zeta/]: Registering to minecraft:block - quark:potted_orange_blossom_sapling
[12May2025 05:36:47.488] [main/DEBUG] [quark-zeta/]: Registering to minecraft:block - quark:yellow_blossom_leaves
[12May2025 05:36:47.488] [main/DEBUG] [quark-zeta/]: Registering to minecraft:block - quark:yellow_blossom_sapling
[12May2025 05:36:47.488] [main/DEBUG] [quark-zeta/]: Registering to minecraft:block - quark:potted_yellow_blossom_sapling
[12May2025 05:36:47.488] [main/DEBUG] [quark-zeta/]: Registering to minecraft:block - quark:red_blossom_leaves
[12May2025 05:36:47.488] [main/DEBUG] [quark-zeta/]: Registering to minecraft:block - quark:red_blossom_sapling
[12May2025 05:36:47.488] [main/DEBUG] [quark-zeta/]: Registering to minecraft:block - quark:potted_red_blossom_sapling
[12May2025 05:36:47.489] [main/DEBUG] [quark-zeta/]: Registering to minecraft:block - quark:cloud
[12May2025 05:36:47.489] [main/DEBUG] [quark-zeta/]: Registering to minecraft:block - quark:stone_lamp
[12May2025 05:36:47.489] [main/DEBUG] [quark-zeta/]: Registering to minecraft:block - quark:stone_brick_lamp
[12May2025 05:36:47.489] [main/DEBUG] [quark-zeta/]: Registering to minecraft:block - quark:chorus_weeds
[12May2025 05:36:47.489] [main/DEBUG] [quark-zeta/]: Registering to minecraft:block - quark:chorus_twist
[12May2025 05:36:47.489] [main/DEBUG] [quark-zeta/]: Registering to minecraft:block - quark:potted_chorus_weeds
[12May2025 05:36:47.489] [main/DEBUG] [quark-zeta/]: Registering to minecraft:block - quark:potted_chorus_twist
[12May2025 05:36:47.490] [main/DEBUG] [quark-zeta/]: Registering to minecraft:block - quark:chute
[12May2025 05:36:47.490] [main/DEBUG] [quark-zeta/]: Registering to minecraft:block - quark:charcoal_block
[12May2025 05:36:47.490] [main/DEBUG] [quark-zeta/]: Registering to minecraft:block - quark:sugar_cane_block
[12May2025 05:36:47.490] [main/DEBUG] [quark-zeta/]: Registering to minecraft:block - quark:cactus_block
[12May2025 05:36:47.490] [main/DEBUG] [quark-zeta/]: Registering to minecraft:block - quark:chorus_fruit_block
[12May2025 05:36:47.490] [main/DEBUG] [quark-zeta/]: Registering to minecraft:block - quark:stick_block
[12May2025 05:36:47.490] [main/DEBUG] [quark-zeta/]: Registering to minecraft:block - quark:golden_apple_crate
[12May2025 05:36:47.491] [main/DEBUG] [quark-zeta/]: Registering to minecraft:block - quark:apple_crate
[12May2025 05:36:47.491] [main/DEBUG] [quark-zeta/]: Registering to minecraft:block - quark:potato_crate
[12May2025 05:36:47.491] [main/DEBUG] [quark-zeta/]: Registering to minecraft:block - quark:carrot_crate
[12May2025 05:36:47.491] [main/DEBUG] [quark-zeta/]: Registering to minecraft:block - quark:golden_carrot_crate
[12May2025 05:36:47.491] [main/DEBUG] [quark-zeta/]: Registering to minecraft:block - quark:beetroot_crate
[12May2025 05:36:47.491] [main/DEBUG] [quark-zeta/]: Registering to minecraft:block - quark:cocoa_beans_sack
[12May2025 05:36:47.491] [main/DEBUG] [quark-zeta/]: Registering to minecraft:block - quark:nether_wart_sack
[12May2025 05:36:47.492] [main/DEBUG] [quark-zeta/]: Registering to minecraft:block - quark:gunpowder_sack
[12May2025 05:36:47.492] [main/DEBUG] [quark-zeta/]: Registering to minecraft:block - quark:berry_sack
[12May2025 05:36:47.492] [main/DEBUG] [quark-zeta/]: Registering to minecraft:block - quark:glowberry_sack
[12May2025 05:36:47.492] [main/DEBUG] [quark-zeta/]: Registering to minecraft:block - quark:blaze_lantern
[12May2025 05:36:47.492] [main/DEBUG] [quark-zeta/]: Registering to minecraft:block - quark:bonded_leather
[12May2025 05:36:47.492] [main/DEBUG] [quark-zeta/]: Registering to minecraft:block - quark:bonded_rabbit_hide
[12May2025 05:36:47.493] [main/DEBUG] [quark-zeta/]: Registering to minecraft:block - quark:red_corundum
[12May2025 05:36:47.493] [main/DEBUG] [quark-zeta/]: Registering to minecraft:block - quark:waxed_red_corundum
[12May2025 05:36:47.493] [main/DEBUG] [quark-zeta/]: Registering to minecraft:block - quark:red_corundum_pane
[12May2025 05:36:47.493] [main/DEBUG] [quark-zeta/]: Registering to minecraft:block - quark:red_corundum_cluster
[12May2025 05:36:47.493] [main/DEBUG] [quark-zeta/]: Registering to minecraft:block - quark:orange_corundum
[12May2025 05:36:47.493] [main/DEBUG] [quark-zeta/]: Registering to minecraft:block - quark:waxed_orange_corundum
[12May2025 05:36:47.494] [main/DEBUG] [quark-zeta/]: Registering to minecraft:block - quark:orange_corundum_pane
[12May2025 05:36:47.494] [main/DEBUG] [quark-zeta/]: Registering to minecraft:block - quark:orange_corundum_cluster
[12May2025 05:36:47.494] [main/DEBUG] [quark-zeta/]: Registering to minecraft:block - quark:yellow_corundum
[12May2025 05:36:47.494] [main/DEBUG] [quark-zeta/]: Registering to minecraft:block - quark:waxed_yellow_corundum
[12May2025 05:36:47.494] [main/DEBUG] [quark-zeta/]: Registering to minecraft:block - quark:yellow_corundum_pane
[12May2025 05:36:47.494] [main/DEBUG] [quark-zeta/]: Registering to minecraft:block - quark:yellow_corundum_cluster
[12May2025 05:36:47.494] [main/DEBUG] [quark-zeta/]: Registering to minecraft:block - quark:green_corundum
[12May2025 05:36:47.495] [main/DEBUG] [quark-zeta/]: Registering to minecraft:block - quark:waxed_green_corundum
[12May2025 05:36:47.496] [main/DEBUG] [quark-zeta/]: Registering to minecraft:block - quark:green_corundum_pane
[12May2025 05:36:47.496] [main/DEBUG] [quark-zeta/]: Registering to minecraft:block - quark:green_corundum_cluster
[12May2025 05:36:47.496] [main/DEBUG] [quark-zeta/]: Registering to minecraft:block - quark:blue_corundum
[12May2025 05:36:47.496] [main/DEBUG] [quark-zeta/]: Registering to minecraft:block - quark:waxed_blue_corundum
[12May2025 05:36:47.496] [main/DEBUG] [quark-zeta/]: Registering to minecraft:block - quark:blue_corundum_pane
[12May2025 05:36:47.497] [main/DEBUG] [quark-zeta/]: Registering to minecraft:block - quark:blue_corundum_cluster
[12May2025 05:36:47.497] [main/DEBUG] [quark-zeta/]: Registering to minecraft:block - quark:indigo_corundum
[12May2025 05:36:47.497] [main/DEBUG] [quark-zeta/]: Registering to minecraft:block - quark:waxed_indigo_corundum
[12May2025 05:36:47.497] [main/DEBUG] [quark-zeta/]: Registering to minecraft:block - quark:indigo_corundum_pane
[12May2025 05:36:47.497] [main/DEBUG] [quark-zeta/]: Registering to minecraft:block - quark:indigo_corundum_cluster
[12May2025 05:36:47.497] [main/DEBUG] [quark-zeta/]: Registering to minecraft:block - quark:violet_corundum
[12May2025 05:36:47.497] [main/DEBUG] [quark-zeta/]: Registering to minecraft:block - quark:waxed_violet_corundum
[12May2025 05:36:47.498] [main/DEBUG] [quark-zeta/]: Registering to minecraft:block - quark:violet_corundum_pane
[12May2025 05:36:47.498] [main/DEBUG] [quark-zeta/]: Registering to minecraft:block - quark:violet_corundum_cluster
[12May2025 05:36:47.498] [main/DEBUG] [quark-zeta/]: Registering to minecraft:block - quark:white_corundum
[12May2025 05:36:47.498] [main/DEBUG] [quark-zeta/]: Registering to minecraft:block - quark:waxed_white_corundum
[12May2025 05:36:47.498] [main/DEBUG] [quark-zeta/]: Registering to minecraft:block - quark:white_corundum_pane
[12May2025 05:36:47.498] [main/DEBUG] [quark-zeta/]: Registering to minecraft:block - quark:white_corundum_cluster
[12May2025 05:36:47.498] [main/DEBUG] [quark-zeta/]: Registering to minecraft:block - quark:black_corundum
[12May2025 05:36:47.498] [main/DEBUG] [quark-zeta/]: Registering to minecraft:block - quark:waxed_black_corundum
[12May2025 05:36:47.499] [main/DEBUG] [quark-zeta/]: Registering to minecraft:block - quark:black_corundum_pane
[12May2025 05:36:47.499] [main/DEBUG] [quark-zeta/]: Registering to minecraft:block - quark:black_corundum_cluster
[12May2025 05:36:47.499] [main/DEBUG] [quark-zeta/]: Registering to minecraft:block - quark:crafter
[12May2025 05:36:47.499] [main/DEBUG] [quark-zeta/]: Registering to minecraft:block - quark:crate
[12May2025 05:36:47.499] [main/DEBUG] [quark-zeta/]: Registering to minecraft:block - quark:duskbound_block
[12May2025 05:36:47.499] [main/DEBUG] [quark-zeta/]: Registering to minecraft:block - quark:duskbound_lantern
[12May2025 05:36:47.499] [main/DEBUG] [quark-zeta/]: Registering to minecraft:block - quark:duskbound_block_slab
[12May2025 05:36:47.499] [main/DEBUG] [quark-zeta/]: Registering to minecraft:block - quark:duskbound_block_stairs
[12May2025 05:36:47.500] [main/DEBUG] [quark-zeta/]: Registering to minecraft:block - quark:ender_watcher
[12May2025 05:36:47.500] [main/DEBUG] [quark-zeta/]: Registering to minecraft:block - quark:feeding_trough
[12May2025 05:36:47.500] [main/DEBUG] [quark-zeta/]: Registering to minecraft:block - quark:framed_glass
[12May2025 05:36:47.500] [main/DEBUG] [quark-zeta/]: Registering to minecraft:block - quark:framed_glass_pane
[12May2025 05:36:47.500] [main/DEBUG] [quark-zeta/]: Registering to minecraft:block - quark:white_framed_glass
[12May2025 05:36:47.500] [main/DEBUG] [quark-zeta/]: Registering to minecraft:block - quark:light_gray_framed_glass
[12May2025 05:36:47.500] [main/DEBUG] [quark-zeta/]: Registering to minecraft:block - quark:gray_framed_glass
[12May2025 05:36:47.500] [main/DEBUG] [quark-zeta/]: Registering to minecraft:block - quark:black_framed_glass
[12May2025 05:36:47.500] [main/DEBUG] [quark-zeta/]: Registering to minecraft:block - quark:brown_framed_glass
[12May2025 05:36:47.501] [main/DEBUG] [quark-zeta/]: Registering to minecraft:block - quark:red_framed_glass
[12May2025 05:36:47.501] [main/DEBUG] [quark-zeta/]: Registering to minecraft:block - quark:orange_framed_glass
[12May2025 05:36:47.501] [main/DEBUG] [quark-zeta/]: Registering to minecraft:block - quark:yellow_framed_glass
[12May2025 05:36:47.501] [main/DEBUG] [quark-zeta/]: Registering to minecraft:block - quark:lime_framed_glass
[12May2025 05:36:47.501] [main/DEBUG] [quark-zeta/]: Registering to minecraft:block - quark:green_framed_glass
[12May2025 05:36:47.501] [main/DEBUG] [quark-zeta/]: Registering to minecraft:block - quark:cyan_framed_glass
[12May2025 05:36:47.501] [main/DEBUG] [quark-zeta/]: Registering to minecraft:block - quark:light_blue_framed_glass
[12May2025 05:36:47.502] [main/DEBUG] [quark-zeta/]: Registering to minecraft:block - quark:blue_framed_glass
[12May2025 05:36:47.502] [main/DEBUG] [quark-zeta/]: Registering to minecraft:block - quark:purple_framed_glass
[12May2025 05:36:47.502] [main/DEBUG] [quark-zeta/]: Registering to minecraft:block - quark:magenta_framed_glass
[12May2025 05:36:47.502] [main/DEBUG] [quark-zeta/]: Registering to minecraft:block - quark:pink_framed_glass
[12May2025 05:36:47.502] [main/DEBUG] [quark-zeta/]: Registering to minecraft:block - quark:white_framed_glass_pane
[12May2025 05:36:47.503] [main/DEBUG] [quark-zeta/]: Registering to minecraft:block - quark:light_gray_framed_glass_pane
[12May2025 05:36:47.503] [main/DEBUG] [quark-zeta/]: Registering to minecraft:block - quark:gray_framed_glass_pane
[12May2025 05:36:47.503] [main/DEBUG] [quark-zeta/]: Registering to minecraft:block - quark:black_framed_glass_pane
[12May2025 05:36:47.504] [main/DEBUG] [quark-zeta/]: Registering to minecraft:block - quark:brown_framed_glass_pane
[12May2025 05:36:47.504] [main/DEBUG] [quark-zeta/]: Registering to minecraft:block - quark:red_framed_glass_pane
[12May2025 05:36:47.504] [main/DEBUG] [quark-zeta/]: Registering to minecraft:block - quark:orange_framed_glass_pane
[12May2025 05:36:47.504] [main/DEBUG] [quark-zeta/]: Registering to minecraft:block - quark:yellow_framed_glass_pane
[12May2025 05:36:47.504] [main/DEBUG] [quark-zeta/]: Registering to minecraft:block - quark:lime_framed_glass_pane
[12May2025 05:36:47.504] [main/DEBUG] [quark-zeta/]: Registering to minecraft:block - quark:green_framed_glass_pane
[12May2025 05:36:47.504] [main/DEBUG] [quark-zeta/]: Registering to minecraft:block - quark:cyan_framed_glass_pane
[12May2025 05:36:47.505] [main/DEBUG] [quark-zeta/]: Registering to minecraft:block - quark:light_blue_framed_glass_pane
[12May2025 05:36:47.505] [main/DEBUG] [quark-zeta/]: Registering to minecraft:block - quark:blue_framed_glass_pane
[12May2025 05:36:47.505] [main/DEBUG] [quark-zeta/]: Registering to minecraft:block - quark:purple_framed_glass_pane
[12May2025 05:36:47.505] [main/DEBUG] [quark-zeta/]: Registering to minecraft:block - quark:magenta_framed_glass_pane
[12May2025 05:36:47.505] [main/DEBUG] [quark-zeta/]: Registering to minecraft:block - quark:pink_framed_glass_pane
[12May2025 05:36:47.505] [main/DEBUG] [quark-zeta/]: Registering to minecraft:block - quark:dirty_glass
[12May2025 05:36:47.505] [main/DEBUG] [quark-zeta/]: Registering to minecraft:block - quark:dirty_glass_pane
[12May2025 05:36:47.505] [main/DEBUG] [quark-zeta/]: Registering to minecraft:block - quark:glow_shroom
[12May2025 05:36:47.506] [main/DEBUG] [quark-zeta/]: Registering to minecraft:block - quark:glow_shroom_block
[12May2025 05:36:47.506] [main/DEBUG] [quark-zeta/]: Registering to minecraft:block - quark:glow_shroom_stem
[12May2025 05:36:47.506] [main/DEBUG] [quark-zeta/]: Registering to minecraft:block - quark:glow_shroom_ring
[12May2025 05:36:47.506] [main/DEBUG] [quark-zeta/]: Registering to minecraft:block - quark:glow_lichen_growth
[12May2025 05:36:47.506] [main/DEBUG] [quark-zeta/]: Registering to minecraft:block - quark:potted_glow_lichen_growth
[12May2025 05:36:47.506] [main/DEBUG] [quark-zeta/]: Registering to minecraft:block - quark:potted_glow_shroom
[12May2025 05:36:47.506] [main/DEBUG] [quark-zeta/]: Registering to minecraft:block - quark:gold_bars
[12May2025 05:36:47.506] [main/DEBUG] [quark-zeta/]: Registering to minecraft:block - quark:grate
[12May2025 05:36:47.507] [main/DEBUG] [quark-zeta/]: Registering to minecraft:block - quark:gravisand
[12May2025 05:36:47.507] [main/DEBUG] [quark-zeta/]: Registering to minecraft:block - quark:oak_hedge
[12May2025 05:36:47.507] [main/DEBUG] [quark-zeta/]: Registering to minecraft:block - quark:spruce_hedge
[12May2025 05:36:47.507] [main/DEBUG] [quark-zeta/]: Registering to minecraft:block - quark:birch_hedge
[12May2025 05:36:47.507] [main/DEBUG] [quark-zeta/]: Registering to minecraft:block - quark:jungle_hedge
[12May2025 05:36:47.507] [main/DEBUG] [quark-zeta/]: Registering to minecraft:block - quark:acacia_hedge
[12May2025 05:36:47.507] [main/DEBUG] [quark-zeta/]: Registering to minecraft:block - quark:dark_oak_hedge
[12May2025 05:36:47.507] [main/DEBUG] [quark-zeta/]: Registering to minecraft:block - quark:mangrove_hedge
[12May2025 05:36:47.507] [main/DEBUG] [quark-zeta/]: Registering to minecraft:block - quark:cherry_hedge
[12May2025 05:36:47.507] [main/DEBUG] [quark-zeta/]: Registering to minecraft:block - quark:azalea_hedge
[12May2025 05:36:47.508] [main/DEBUG] [quark-zeta/]: Registering to minecraft:block - quark:flowering_azalea_hedge
[12May2025 05:36:47.508] [main/DEBUG] [quark-zeta/]: Registering to minecraft:block - quark:hollow_oak_log
[12May2025 05:36:47.508] [main/DEBUG] [quark-zeta/]: Registering to minecraft:block - quark:hollow_spruce_log
[12May2025 05:36:47.508] [main/DEBUG] [quark-zeta/]: Registering to minecraft:block - quark:hollow_birch_log
[12May2025 05:36:47.508] [main/DEBUG] [quark-zeta/]: Registering to minecraft:block - quark:hollow_jungle_log
[12May2025 05:36:47.508] [main/DEBUG] [quark-zeta/]: Registering to minecraft:block - quark:hollow_acacia_log
[12May2025 05:36:47.508] [main/DEBUG] [quark-zeta/]: Registering to minecraft:block - quark:hollow_dark_oak_log
[12May2025 05:36:47.508] [main/DEBUG] [quark-zeta/]: Registering to minecraft:block - quark:hollow_crimson_stem
[12May2025 05:36:47.508] [main/DEBUG] [quark-zeta/]: Registering to minecraft:block - quark:hollow_warped_stem
[12May2025 05:36:47.508] [main/DEBUG] [quark-zeta/]: Registering to minecraft:block - quark:hollow_mangrove_log
[12May2025 05:36:47.508] [main/DEBUG] [quark-zeta/]: Registering to minecraft:block - quark:hollow_cherry_log
[12May2025 05:36:47.508] [main/DEBUG] [quark-zeta/]: Registering to minecraft:block - quark:iron_plate
[12May2025 05:36:47.508] [main/DEBUG] [quark-zeta/]: Registering to minecraft:block - quark:rusty_iron_plate
[12May2025 05:36:47.509] [main/DEBUG] [quark-zeta/]: Registering to minecraft:block - quark:iron_pillar
[12May2025 05:36:47.509] [main/DEBUG] [quark-zeta/]: Registering to minecraft:block - quark:iron_plate_slab
[12May2025 05:36:47.509] [main/DEBUG] [quark-zeta/]: Registering to minecraft:block - quark:iron_plate_stairs
[12May2025 05:36:47.509] [main/DEBUG] [quark-zeta/]: Registering to minecraft:block - quark:rusty_iron_plate_slab
[12May2025 05:36:47.509] [main/DEBUG] [quark-zeta/]: Registering to minecraft:block - quark:rusty_iron_plate_stairs
[12May2025 05:36:47.509] [main/DEBUG] [quark-zeta/]: Registering to minecraft:block - quark:iron_ladder
[12May2025 05:36:47.509] [main/DEBUG] [quark-zeta/]: Registering to minecraft:block - quark:iron_rod
[12May2025 05:36:47.509] [main/DEBUG] [quark-zeta/]: Registering to minecraft:block - quark:paper_lantern
[12May2025 05:36:47.510] [main/DEBUG] [quark-zeta/]: Registering to minecraft:block - quark:paper_lantern_sakura
[12May2025 05:36:47.510] [main/DEBUG] [quark-zeta/]: Registering to minecraft:block - quark:paper_wall
[12May2025 05:36:47.510] [main/DEBUG] [quark-zeta/]: Registering to minecraft:block - quark:paper_wall_big
[12May2025 05:36:47.510] [main/DEBUG] [quark-zeta/]: Registering to minecraft:block - quark:paper_wall_sakura
[12May2025 05:36:47.510] [main/DEBUG] [quark-zeta/]: Registering to minecraft:block - quark:bamboo_mat
[12May2025 05:36:47.510] [main/DEBUG] [quark-zeta/]: Registering to minecraft:block - quark:bamboo_mat_carpet
[12May2025 05:36:47.510] [main/DEBUG] [quark-zeta/]: Registering to minecraft:block - quark:oak_leaf_carpet
[12May2025 05:36:47.510] [main/DEBUG] [quark-zeta/]: Registering to minecraft:block - quark:spruce_leaf_carpet
[12May2025 05:36:47.510] [main/DEBUG] [quark-zeta/]: Registering to minecraft:block - quark:birch_leaf_carpet
[12May2025 05:36:47.511] [main/DEBUG] [quark-zeta/]: Registering to minecraft:block - quark:jungle_leaf_carpet
[12May2025 05:36:47.511] [main/DEBUG] [quark-zeta/]: Registering to minecraft:block - quark:acacia_leaf_carpet
[12May2025 05:36:47.511] [main/DEBUG] [quark-zeta/]: Registering to minecraft:block - quark:dark_oak_leaf_carpet
[12May2025 05:36:47.511] [main/DEBUG] [quark-zeta/]: Registering to minecraft:block - quark:mangrove_leaf_carpet
[12May2025 05:36:47.511] [main/DEBUG] [quark-zeta/]: Registering to minecraft:block - quark:cherry_leaf_carpet
[12May2025 05:36:47.511] [main/DEBUG] [quark-zeta/]: Registering to minecraft:block - quark:azalea_leaf_carpet
[12May2025 05:36:47.511] [main/DEBUG] [quark-zeta/]: Registering to minecraft:block - quark:flowering_azalea_leaf_carpet
[12May2025 05:36:47.511] [main/DEBUG] [quark-zeta/]: Registering to minecraft:block - quark:magnet
[12May2025 05:36:47.512] [main/DEBUG] [quark-zeta/]: Registering to minecraft:block - quark:magnetized_block
[12May2025 05:36:47.512] [main/DEBUG] [quark-zeta/]: Registering to minecraft:block - quark:matrix_enchanter
[12May2025 05:36:47.512] [main/DEBUG] [quark-zeta/]: Registering to minecraft:block - quark:iron_button
[12May2025 05:36:47.512] [main/DEBUG] [quark-zeta/]: Registering to minecraft:block - quark:gold_button
[12May2025 05:36:47.512] [main/DEBUG] [quark-zeta/]: Registering to minecraft:block - quark:midori_block
[12May2025 05:36:47.512] [main/DEBUG] [quark-zeta/]: Registering to minecraft:block - quark:midori_pillar
[12May2025 05:36:47.512] [main/DEBUG] [quark-zeta/]: Registering to minecraft:block - quark:midori_block_slab
[12May2025 05:36:47.512] [main/DEBUG] [quark-zeta/]: Registering to minecraft:block - quark:midori_block_stairs
[12May2025 05:36:47.513] [main/DEBUG] [quark-zeta/]: Registering to minecraft:block - quark:monster_box
[12May2025 05:36:47.513] [main/DEBUG] [quark-zeta/]: Registering to minecraft:block - quark:blue_nether_bricks
[12May2025 05:36:47.513] [main/DEBUG] [quark-zeta/]: Registering to minecraft:block - quark:blue_nether_bricks_wall
[12May2025 05:36:47.513] [main/DEBUG] [quark-zeta/]: Registering to minecraft:block - quark:blue_nether_bricks_slab
[12May2025 05:36:47.513] [main/DEBUG] [quark-zeta/]: Registering to minecraft:block - quark:blue_nether_bricks_stairs
[12May2025 05:36:47.514] [main/DEBUG] [quark-zeta/]: Registering to minecraft:block - quark:sandstone_bricks
[12May2025 05:36:47.514] [main/DEBUG] [quark-zeta/]: Registering to minecraft:block - quark:sandstone_bricks_wall
[12May2025 05:36:47.514] [main/DEBUG] [quark-zeta/]: Registering to minecraft:block - quark:sandstone_bricks_slab
[12May2025 05:36:47.514] [main/DEBUG] [quark-zeta/]: Registering to minecraft:block - quark:sandstone_bricks_stairs
[12May2025 05:36:47.514] [main/DEBUG] [quark-zeta/]: Registering to minecraft:block - quark:red_sandstone_bricks
[12May2025 05:36:47.514] [main/DEBUG] [quark-zeta/]: Registering to minecraft:block - quark:red_sandstone_bricks_wall
[12May2025 05:36:47.514] [main/DEBUG] [quark-zeta/]: Registering to minecraft:block - quark:red_sandstone_bricks_slab
[12May2025 05:36:47.514] [main/DEBUG] [quark-zeta/]: Registering to minecraft:block - quark:red_sandstone_bricks_stairs
[12May2025 05:36:47.514] [main/DEBUG] [quark-zeta/]: Registering to minecraft:block - quark:soul_sandstone_bricks
[12May2025 05:36:47.514] [main/DEBUG] [quark-zeta/]: Registering to minecraft:block - quark:soul_sandstone_bricks_wall
[12May2025 05:36:47.514] [main/DEBUG] [quark-zeta/]: Registering to minecraft:block - quark:soul_sandstone_bricks_slab
[12May2025 05:36:47.514] [main/DEBUG] [quark-zeta/]: Registering to minecraft:block - quark:soul_sandstone_bricks_stairs
[12May2025 05:36:47.514] [main/DEBUG] [quark-zeta/]: Registering to minecraft:block - quark:cobblestone_bricks
[12May2025 05:36:47.514] [main/DEBUG] [quark-zeta/]: Registering to minecraft:block - quark:cobblestone_bricks_wall
[12May2025 05:36:47.514] [main/DEBUG] [quark-zeta/]: Registering to minecraft:block - quark:cobblestone_bricks_slab
[12May2025 05:36:47.514] [main/DEBUG] [quark-zeta/]: Registering to minecraft:block - quark:cobblestone_bricks_stairs
[12May2025 05:36:47.514] [main/DEBUG] [quark-zeta/]: Registering to minecraft:block - quark:mossy_cobblestone_bricks
[12May2025 05:36:47.514] [main/DEBUG] [quark-zeta/]: Registering to minecraft:block - quark:mossy_cobblestone_bricks_wall
[12May2025 05:36:47.514] [main/DEBUG] [quark-zeta/]: Registering to minecraft:block - quark:mossy_cobblestone_bricks_slab
[12May2025 05:36:47.514] [main/DEBUG] [quark-zeta/]: Registering to minecraft:block - quark:mossy_cobblestone_bricks_stairs
[12May2025 05:36:47.514] [main/DEBUG] [quark-zeta/]: Registering to minecraft:block - quark:blackstone_bricks
[12May2025 05:36:47.514] [main/DEBUG] [quark-zeta/]: Registering to minecraft:block - quark:blackstone_bricks_wall
[12May2025 05:36:47.514] [main/DEBUG] [quark-zeta/]: Registering to minecraft:block - quark:blackstone_bricks_slab
[12May2025 05:36:47.514] [main/DEBUG] [quark-zeta/]: Registering to minecraft:block - quark:blackstone_bricks_stairs
[12May2025 05:36:47.514] [main/DEBUG] [quark-zeta/]: Registering to minecraft:block - quark:dirt_bricks
[12May2025 05:36:47.514] [main/DEBUG] [quark-zeta/]: Registering to minecraft:block - quark:dirt_bricks_wall
[12May2025 05:36:47.515] [main/DEBUG] [quark-zeta/]: Registering to minecraft:block - quark:dirt_bricks_slab
[12May2025 05:36:47.515] [main/DEBUG] [quark-zeta/]: Registering to minecraft:block - quark:dirt_bricks_stairs
[12May2025 05:36:47.515] [main/DEBUG] [quark-zeta/]: Registering to minecraft:block - quark:netherrack_bricks
[12May2025 05:36:47.515] [main/DEBUG] [quark-zeta/]: Registering to minecraft:block - quark:netherrack_bricks_wall
[12May2025 05:36:47.515] [main/DEBUG] [quark-zeta/]: Registering to minecraft:block - quark:netherrack_bricks_slab
[12May2025 05:36:47.515] [main/DEBUG] [quark-zeta/]: Registering to minecraft:block - quark:netherrack_bricks_stairs
[12May2025 05:36:47.515] [main/DEBUG] [quark-zeta/]: Registering to minecraft:block - quark:carved_mud_bricks
[12May2025 05:36:47.515] [main/DEBUG] [quark-zeta/]: Registering to minecraft:block - quark:mud_pillar
[12May2025 05:36:47.515] [main/DEBUG] [quark-zeta/]: Registering to minecraft:block - quark:mud_brick_lattice
[12May2025 05:36:47.515] [main/DEBUG] [quark-zeta/]: Registering to minecraft:block - quark:potted_beetroot
[12May2025 05:36:47.515] [main/DEBUG] [quark-zeta/]: Registering to minecraft:block - quark:potted_berries
[12May2025 05:36:47.515] [main/DEBUG] [quark-zeta/]: Registering to minecraft:block - quark:potted_carrot
[12May2025 05:36:47.515] [main/DEBUG] [quark-zeta/]: Registering to minecraft:block - quark:potted_chorus
[12May2025 05:36:47.515] [main/DEBUG] [quark-zeta/]: Registering to minecraft:block - quark:potted_cocoa_bean
[12May2025 05:36:47.515] [main/DEBUG] [quark-zeta/]: Registering to minecraft:block - quark:potted_grass
[12May2025 05:36:47.516] [main/DEBUG] [quark-zeta/]: Registering to minecraft:block - quark:potted_peony
[12May2025 05:36:47.517] [main/DEBUG] [quark-zeta/]: Registering to minecraft:block - quark:potted_large_fern
[12May2025 05:36:47.517] [main/DEBUG] [quark-zeta/]: Registering to minecraft:block - quark:potted_lilac
[12May2025 05:36:47.517] [main/DEBUG] [quark-zeta/]: Registering to minecraft:block - quark:potted_melon
[12May2025 05:36:47.517] [main/DEBUG] [quark-zeta/]: Registering to minecraft:block - quark:potted_nether_sprouts
[12May2025 05:36:47.518] [main/DEBUG] [quark-zeta/]: Registering to minecraft:block - quark:potted_nether_wart
[12May2025 05:36:47.518] [main/DEBUG] [quark-zeta/]: Registering to minecraft:block - quark:potted_potato
[12May2025 05:36:47.518] [main/DEBUG] [quark-zeta/]: Registering to minecraft:block - quark:potted_pumpkin
[12May2025 05:36:47.518] [main/DEBUG] [quark-zeta/]: Registering to minecraft:block - quark:potted_rose
[12May2025 05:36:47.518] [main/DEBUG] [quark-zeta/]: Registering to minecraft:block - quark:potted_sea_pickle
[12May2025 05:36:47.518] [main/DEBUG] [quark-zeta/]: Registering to minecraft:block - quark:potted_sugar_cane
[12May2025 05:36:47.518] [main/DEBUG] [quark-zeta/]: Registering to minecraft:block - quark:potted_sunflower
[12May2025 05:36:47.519] [main/DEBUG] [quark-zeta/]: Registering to minecraft:block - quark:potted_tall_grass
[12May2025 05:36:47.519] [main/DEBUG] [quark-zeta/]: Registering to minecraft:block - quark:potted_twisting_vines
[12May2025 05:36:47.519] [main/DEBUG] [quark-zeta/]: Registering to minecraft:block - quark:potted_vine
[12May2025 05:36:47.519] [main/DEBUG] [quark-zeta/]: Registering to minecraft:block - quark:potted_weeping_vines
[12May2025 05:36:47.519] [main/DEBUG] [quark-zeta/]: Registering to minecraft:block - quark:potted_wheat
[12May2025 05:36:47.519] [main/DEBUG] [quark-zeta/]: Registering to minecraft:block - quark:potted_cave_vines
[12May2025 05:36:47.519] [main/DEBUG] [quark-zeta/]: Registering to minecraft:block - quark:potted_pitcher_plant
[12May2025 05:36:47.519] [main/DEBUG] [quark-zeta/]: Registering to minecraft:block - quark:nether_brick_fence_gate
[12May2025 05:36:47.519] [main/DEBUG] [quark-zeta/]: Registering to minecraft:block - quark:limestone
[12May2025 05:36:47.520] [main/DEBUG] [quark-zeta/]: Registering to minecraft:block - quark:polished_limestone
[12May2025 05:36:47.520] [main/DEBUG] [quark-zeta/]: Registering to minecraft:block - quark:limestone_wall
[12May2025 05:36:47.520] [main/DEBUG] [quark-zeta/]: Registering to minecraft:block - quark:limestone_slab
[12May2025 05:36:47.520] [main/DEBUG] [quark-zeta/]: Registering to minecraft:block - quark:limestone_stairs
[12May2025 05:36:47.520] [main/DEBUG] [quark-zeta/]: Registering to minecraft:block - quark:polished_limestone_slab
[12May2025 05:36:47.520] [main/DEBUG] [quark-zeta/]: Registering to minecraft:block - quark:polished_limestone_stairs
[12May2025 05:36:47.520] [main/DEBUG] [quark-zeta/]: Registering to minecraft:block - quark:jasper
[12May2025 05:36:47.520] [main/DEBUG] [quark-zeta/]: Registering to minecraft:block - quark:polished_jasper
[12May2025 05:36:47.520] [main/DEBUG] [quark-zeta/]: Registering to minecraft:block - quark:jasper_wall
[12May2025 05:36:47.521] [main/DEBUG] [quark-zeta/]: Registering to minecraft:block - quark:jasper_slab
[12May2025 05:36:47.521] [main/DEBUG] [quark-zeta/]: Registering to minecraft:block - quark:jasper_stairs
[12May2025 05:36:47.521] [main/DEBUG] [quark-zeta/]: Registering to minecraft:block - quark:polished_jasper_slab
[12May2025 05:36:47.521] [main/DEBUG] [quark-zeta/]: Registering to minecraft:block - quark:polished_jasper_stairs
[12May2025 05:36:47.521] [main/DEBUG] [quark-zeta/]: Registering to minecraft:block - quark:shale
[12May2025 05:36:47.521] [main/DEBUG] [quark-zeta/]: Registering to minecraft:block - quark:polished_shale
[12May2025 05:36:47.521] [main/DEBUG] [quark-zeta/]: Registering to minecraft:block - quark:shale_wall
[12May2025 05:36:47.521] [main/DEBUG] [quark-zeta/]: Registering to minecraft:block - quark:shale_slab
[12May2025 05:36:47.522] [main/DEBUG] [quark-zeta/]: Registering to minecraft:block - quark:shale_stairs
[12May2025 05:36:47.522] [main/DEBUG] [quark-zeta/]: Registering to minecraft:block - quark:polished_shale_slab
[12May2025 05:36:47.522] [main/DEBUG] [quark-zeta/]: Registering to minecraft:block - quark:polished_shale_stairs
[12May2025 05:36:47.522] [main/DEBUG] [quark-zeta/]: Registering to minecraft:block - quark:myalite
[12May2025 05:36:47.522] [main/DEBUG] [quark-zeta/]: Registering to minecraft:block - quark:polished_myalite
[12May2025 05:36:47.522] [main/DEBUG] [quark-zeta/]: Registering to minecraft:block - quark:myalite_wall
[12May2025 05:36:47.522] [main/DEBUG] [quark-zeta/]: Registering to minecraft:block - quark:myalite_slab
[12May2025 05:36:47.522] [main/DEBUG] [quark-zeta/]: Registering to minecraft:block - quark:myalite_stairs
[12May2025 05:36:47.523] [main/DEBUG] [quark-zeta/]: Registering to minecraft:block - quark:polished_myalite_slab
[12May2025 05:36:47.523] [main/DEBUG] [quark-zeta/]: Registering to minecraft:block - quark:polished_myalite_stairs
[12May2025 05:36:47.523] [main/DEBUG] [quark-zeta/]: Registering to minecraft:block - quark:obsidian_pressure_plate
[12May2025 05:36:47.523] [main/DEBUG] [quark-zeta/]: Registering to minecraft:block - quark:permafrost
[12May2025 05:36:47.523] [main/DEBUG] [quark-zeta/]: Registering to minecraft:block - quark:permafrost_wall
[12May2025 05:36:47.523] [main/DEBUG] [quark-zeta/]: Registering to minecraft:block - quark:permafrost_slab
[12May2025 05:36:47.523] [main/DEBUG] [quark-zeta/]: Registering to minecraft:block - quark:permafrost_stairs
[12May2025 05:36:47.523] [main/DEBUG] [quark-zeta/]: Registering to minecraft:block - quark:permafrost_bricks
[12May2025 05:36:47.523] [main/DEBUG] [quark-zeta/]: Registering to minecraft:block - quark:permafrost_bricks_wall
[12May2025 05:36:47.523] [main/DEBUG] [quark-zeta/]: Registering to minecraft:block - quark:permafrost_bricks_slab
[12May2025 05:36:47.524] [main/DEBUG] [quark-zeta/]: Registering to minecraft:block - quark:permafrost_bricks_stairs
[12May2025 05:36:47.524] [main/DEBUG] [quark-zeta/]: Registering to minecraft:block - quark:pipe
[12May2025 05:36:47.524] [main/DEBUG] [quark-zeta/]: Registering to minecraft:block - quark:encased_pipe
[12May2025 05:36:47.524] [main/DEBUG] [quark-zeta/]: Registering to minecraft:block - quark:red_crystal_lamp
[12May2025 05:36:47.524] [main/DEBUG] [quark-zeta/]: Registering to minecraft:block - quark:orange_crystal_lamp
[12May2025 05:36:47.524] [main/DEBUG] [quark-zeta/]: Registering to minecraft:block - quark:yellow_crystal_lamp
[12May2025 05:36:47.524] [main/DEBUG] [quark-zeta/]: Registering to minecraft:block - quark:green_crystal_lamp
[12May2025 05:36:47.524] [main/DEBUG] [quark-zeta/]: Registering to minecraft:block - quark:blue_crystal_lamp
[12May2025 05:36:47.524] [main/DEBUG] [quark-zeta/]: Registering to minecraft:block - quark:indigo_crystal_lamp
[12May2025 05:36:47.525] [main/DEBUG] [quark-zeta/]: Registering to minecraft:block - quark:violet_crystal_lamp
[12May2025 05:36:47.525] [main/DEBUG] [quark-zeta/]: Registering to minecraft:block - quark:white_crystal_lamp
[12May2025 05:36:47.525] [main/DEBUG] [quark-zeta/]: Registering to minecraft:block - quark:black_crystal_lamp
[12May2025 05:36:47.525] [main/DEBUG] [quark-zeta/]: Registering to minecraft:block - quark:raw_iron_bricks
[12May2025 05:36:47.525] [main/DEBUG] [quark-zeta/]: Registering to minecraft:block - quark:raw_gold_bricks
[12May2025 05:36:47.525] [main/DEBUG] [quark-zeta/]: Registering to minecraft:block - quark:raw_copper_bricks
[12May2025 05:36:47.525] [main/DEBUG] [quark-zeta/]: Registering to minecraft:block - quark:raw_iron_bricks_wall
[12May2025 05:36:47.525] [main/DEBUG] [quark-zeta/]: Registering to minecraft:block - quark:raw_iron_bricks_slab
[12May2025 05:36:47.526] [main/DEBUG] [quark-zeta/]: Registering to minecraft:block - quark:raw_iron_bricks_stairs
[12May2025 05:36:47.526] [main/DEBUG] [quark-zeta/]: Registering to minecraft:block - quark:raw_gold_bricks_wall
[12May2025 05:36:47.526] [main/DEBUG] [quark-zeta/]: Registering to minecraft:block - quark:raw_gold_bricks_slab
[12May2025 05:36:47.526] [main/DEBUG] [quark-zeta/]: Registering to minecraft:block - quark:raw_gold_bricks_stairs
[12May2025 05:36:47.527] [main/DEBUG] [quark-zeta/]: Registering to minecraft:block - quark:raw_copper_bricks_wall
[12May2025 05:36:47.527] [main/DEBUG] [quark-zeta/]: Registering to minecraft:block - quark:raw_copper_bricks_slab
[12May2025 05:36:47.527] [main/DEBUG] [quark-zeta/]: Registering to minecraft:block - quark:raw_copper_bricks_stairs
[12May2025 05:36:47.527] [main/DEBUG] [quark-zeta/]: Registering to minecraft:block - quark:redstone_randomizer
[12May2025 05:36:47.527] [main/DEBUG] [quark-zeta/]: Registering to minecraft:block - quark:rope
[12May2025 05:36:47.527] [main/DEBUG] [quark-zeta/]: Registering to minecraft:block - quark:cut_vine
[12May2025 05:36:47.527] [main/DEBUG] [quark-zeta/]: Registering to minecraft:block - quark:shingles
[12May2025 05:36:47.527] [main/DEBUG] [quark-zeta/]: Registering to minecraft:block - quark:shingles_slab
[12May2025 05:36:47.527] [main/DEBUG] [quark-zeta/]: Registering to minecraft:block - quark:shingles_stairs
[12May2025 05:36:47.528] [main/DEBUG] [quark-zeta/]: Registering to minecraft:block - quark:white_shingles
[12May2025 05:36:47.528] [main/DEBUG] [quark-zeta/]: Registering to minecraft:block - quark:white_shingles_slab
[12May2025 05:36:47.528] [main/DEBUG] [quark-zeta/]: Registering to minecraft:block - quark:white_shingles_stairs
[12May2025 05:36:47.528] [main/DEBUG] [quark-zeta/]: Registering to minecraft:block - quark:orange_shingles
[12May2025 05:36:47.528] [main/DEBUG] [quark-zeta/]: Registering to minecraft:block - quark:orange_shingles_slab
[12May2025 05:36:47.528] [main/DEBUG] [quark-zeta/]: Registering to minecraft:block - quark:orange_shingles_stairs
[12May2025 05:36:47.528] [main/DEBUG] [quark-zeta/]: Registering to minecraft:block - quark:magenta_shingles
[12May2025 05:36:47.528] [main/DEBUG] [quark-zeta/]: Registering to minecraft:block - quark:magenta_shingles_slab
[12May2025 05:36:47.528] [main/DEBUG] [quark-zeta/]: Registering to minecraft:block - quark:magenta_shingles_stairs
[12May2025 05:36:47.528] [main/DEBUG] [quark-zeta/]: Registering to minecraft:block - quark:light_blue_shingles
[12May2025 05:36:47.528] [main/DEBUG] [quark-zeta/]: Registering to minecraft:block - quark:light_blue_shingles_slab
[12May2025 05:36:47.528] [main/DEBUG] [quark-zeta/]: Registering to minecraft:block - quark:light_blue_shingles_stairs
[12May2025 05:36:47.528] [main/DEBUG] [quark-zeta/]: Registering to minecraft:block - quark:yellow_shingles
[12May2025 05:36:47.529] [main/DEBUG] [quark-zeta/]: Registering to minecraft:block - quark:yellow_shingles_slab
[12May2025 05:36:47.529] [main/DEBUG] [quark-zeta/]: Registering to minecraft:block - quark:yellow_shingles_stairs
[12May2025 05:36:47.529] [main/DEBUG] [quark-zeta/]: Registering to minecraft:block - quark:lime_shingles
[12May2025 05:36:47.529] [main/DEBUG] [quark-zeta/]: Registering to minecraft:block - quark:lime_shingles_slab
[12May2025 05:36:47.529] [main/DEBUG] [quark-zeta/]: Registering to minecraft:block - quark:lime_shingles_stairs
[12May2025 05:36:47.529] [main/DEBUG] [quark-zeta/]: Registering to minecraft:block - quark:pink_shingles
[12May2025 05:36:47.529] [main/DEBUG] [quark-zeta/]: Registering to minecraft:block - quark:pink_shingles_slab
[12May2025 05:36:47.529] [main/DEBUG] [quark-zeta/]: Registering to minecraft:block - quark:pink_shingles_stairs
[12May2025 05:36:47.529] [main/DEBUG] [quark-zeta/]: Registering to minecraft:block - quark:gray_shingles
[12May2025 05:36:47.529] [main/DEBUG] [quark-zeta/]: Registering to minecraft:block - quark:gray_shingles_slab
[12May2025 05:36:47.529] [main/DEBUG] [quark-zeta/]: Registering to minecraft:block - quark:gray_shingles_stairs
[12May2025 05:36:47.529] [main/DEBUG] [quark-zeta/]: Registering to minecraft:block - quark:light_gray_shingles
[12May2025 05:36:47.529] [main/DEBUG] [quark-zeta/]: Registering to minecraft:block - quark:light_gray_shingles_slab
[12May2025 05:36:47.529] [main/DEBUG] [quark-zeta/]: Registering to minecraft:block - quark:light_gray_shingles_stairs
[12May2025 05:36:47.529] [main/DEBUG] [quark-zeta/]: Registering to minecraft:block - quark:cyan_shingles
[12May2025 05:36:47.532] [main/DEBUG] [quark-zeta/]: Registering to minecraft:block - quark:cyan_shingles_slab
[12May2025 05:36:47.532] [main/DEBUG] [quark-zeta/]: Registering to minecraft:block - quark:cyan_shingles_stairs
[12May2025 05:36:47.532] [main/DEBUG] [quark-zeta/]: Registering to minecraft:block - quark:purple_shingles
[12May2025 05:36:47.532] [main/DEBUG] [quark-zeta/]: Registering to minecraft:block - quark:purple_shingles_slab
[12May2025 05:36:47.532] [main/DEBUG] [quark-zeta/]: Registering to minecraft:block - quark:purple_shingles_stairs
[12May2025 05:36:47.532] [main/DEBUG] [quark-zeta/]: Registering to minecraft:block - quark:blue_shingles
[12May2025 05:36:47.533] [main/DEBUG] [quark-zeta/]: Registering to minecraft:block - quark:blue_shingles_slab
[12May2025 05:36:47.533] [main/DEBUG] [quark-zeta/]: Registering to minecraft:block - quark:blue_shingles_stairs
[12May2025 05:36:47.533] [main/DEBUG] [quark-zeta/]: Registering to minecraft:block - quark:brown_shingles
[12May2025 05:36:47.533] [main/DEBUG] [quark-zeta/]: Registering to minecraft:block - quark:brown_shingles_slab
[12May2025 05:36:47.533] [main/DEBUG] [quark-zeta/]: Registering to minecraft:block - quark:brown_shingles_stairs
[12May2025 05:36:47.534] [main/DEBUG] [quark-zeta/]: Registering to minecraft:block - quark:green_shingles
[12May2025 05:36:47.534] [main/DEBUG] [quark-zeta/]: Registering to minecraft:block - quark:green_shingles_slab
[12May2025 05:36:47.534] [main/DEBUG] [quark-zeta/]: Registering to minecraft:block - quark:green_shingles_stairs
[12May2025 05:36:47.534] [main/DEBUG] [quark-zeta/]: Registering to minecraft:block - quark:red_shingles
[12May2025 05:36:47.534] [main/DEBUG] [quark-zeta/]: Registering to minecraft:block - quark:red_shingles_slab
[12May2025 05:36:47.534] [main/DEBUG] [quark-zeta/]: Registering to minecraft:block - quark:red_shingles_stairs
[12May2025 05:36:47.534] [main/DEBUG] [quark-zeta/]: Registering to minecraft:block - quark:black_shingles
[12May2025 05:36:47.535] [main/DEBUG] [quark-zeta/]: Registering to minecraft:block - quark:black_shingles_slab
[12May2025 05:36:47.535] [main/DEBUG] [quark-zeta/]: Registering to minecraft:block - quark:black_shingles_stairs
[12May2025 05:36:47.535] [main/DEBUG] [quark-zeta/]: Registering to minecraft:block - quark:soul_sandstone
[12May2025 05:36:47.535] [main/DEBUG] [quark-zeta/]: Registering to minecraft:block - quark:soul_sandstone_wall
[12May2025 05:36:47.535] [main/DEBUG] [quark-zeta/]: Registering to minecraft:block - quark:soul_sandstone_slab
[12May2025 05:36:47.535] [main/DEBUG] [quark-zeta/]: Registering to minecraft:block - quark:soul_sandstone_stairs
[12May2025 05:36:47.535] [main/DEBUG] [quark-zeta/]: Registering to minecraft:block - quark:chiseled_soul_sandstone
[12May2025 05:36:47.535] [main/DEBUG] [quark-zeta/]: Registering to minecraft:block - quark:cut_soul_sandstone
[12May2025 05:36:47.536] [main/DEBUG] [quark-zeta/]: Registering to minecraft:block - quark:cut_soul_sandstone_slab
[12May2025 05:36:47.536] [main/DEBUG] [quark-zeta/]: Registering to minecraft:block - quark:smooth_soul_sandstone
[12May2025 05:36:47.536] [main/DEBUG] [quark-zeta/]: Registering to minecraft:block - quark:smooth_soul_sandstone_slab
[12May2025 05:36:47.536] [main/DEBUG] [quark-zeta/]: Registering to minecraft:block - quark:smooth_soul_sandstone_stairs
[12May2025 05:36:47.536] [main/DEBUG] [quark-zeta/]: Registering to minecraft:block - quark:dusky_myalite
[12May2025 05:36:47.536] [main/DEBUG] [quark-zeta/]: Registering to minecraft:block - quark:myalite_crystal
[12May2025 05:36:47.536] [main/DEBUG] [quark-zeta/]: Registering to minecraft:block - quark:white_stool
[12May2025 05:36:47.536] [main/DEBUG] [quark-zeta/]: Registering to minecraft:block - quark:light_gray_stool
[12May2025 05:36:47.537] [main/DEBUG] [quark-zeta/]: Registering to minecraft:block - quark:gray_stool
[12May2025 05:36:47.537] [main/DEBUG] [quark-zeta/]: Registering to minecraft:block - quark:black_stool
[12May2025 05:36:47.537] [main/DEBUG] [quark-zeta/]: Registering to minecraft:block - quark:brown_stool
[12May2025 05:36:47.537] [main/DEBUG] [quark-zeta/]: Registering to minecraft:block - quark:red_stool
[12May2025 05:36:47.537] [main/DEBUG] [quark-zeta/]: Registering to minecraft:block - quark:orange_stool
[12May2025 05:36:47.537] [main/DEBUG] [quark-zeta/]: Registering to minecraft:block - quark:yellow_stool
[12May2025 05:36:47.537] [main/DEBUG] [quark-zeta/]: Registering to minecraft:block - quark:lime_stool
[12May2025 05:36:47.537] [main/DEBUG] [quark-zeta/]: Registering to minecraft:block - quark:green_stool
[12May2025 05:36:47.538] [main/DEBUG] [quark-zeta/]: Registering to minecraft:block - quark:cyan_stool
[12May2025 05:36:47.538] [main/DEBUG] [quark-zeta/]: Registering to minecraft:block - quark:light_blue_stool
[12May2025 05:36:47.538] [main/DEBUG] [quark-zeta/]: Registering to minecraft:block - quark:blue_stool
[12May2025 05:36:47.538] [main/DEBUG] [quark-zeta/]: Registering to minecraft:block - quark:purple_stool
[12May2025 05:36:47.538] [main/DEBUG] [quark-zeta/]: Registering to minecraft:block - quark:magenta_stool
[12May2025 05:36:47.538] [main/DEBUG] [quark-zeta/]: Registering to minecraft:block - quark:pink_stool
[12May2025 05:36:47.538] [main/DEBUG] [quark-zeta/]: Registering to minecraft:block - quark:sturdy_stone
[12May2025 05:36:47.538] [main/DEBUG] [quark-zeta/]: Registering to minecraft:block - quark:thatch
[12May2025 05:36:47.539] [main/DEBUG] [quark-zeta/]: Registering to minecraft:block - quark:thatch_slab
[12May2025 05:36:47.539] [main/DEBUG] [quark-zeta/]: Registering to minecraft:block - quark:thatch_stairs
[12May2025 05:36:47.539] [main/DEBUG] [quark-zeta/]: Registering to minecraft:block - quark:tiny_potato
[12May2025 05:36:47.539] [main/DEBUG] [quark-zeta/]: Registering to minecraft:block - quark:spruce_bookshelf
[12May2025 05:36:47.539] [main/DEBUG] [quark-zeta/]: Registering to minecraft:block - quark:birch_bookshelf
[12May2025 05:36:47.539] [main/DEBUG] [quark-zeta/]: Registering to minecraft:block - quark:jungle_bookshelf
[12May2025 05:36:47.539] [main/DEBUG] [quark-zeta/]: Registering to minecraft:block - quark:acacia_bookshelf
[12May2025 05:36:47.539] [main/DEBUG] [quark-zeta/]: Registering to minecraft:block - quark:dark_oak_bookshelf
[12May2025 05:36:47.540] [main/DEBUG] [quark-zeta/]: Registering to minecraft:block - quark:crimson_bookshelf
[12May2025 05:36:47.540] [main/DEBUG] [quark-zeta/]: Registering to minecraft:block - quark:warped_bookshelf
[12May2025 05:36:47.540] [main/DEBUG] [quark-zeta/]: Registering to minecraft:block - quark:mangrove_bookshelf
[12May2025 05:36:47.540] [main/DEBUG] [quark-zeta/]: Registering to minecraft:block - quark:bamboo_bookshelf
[12May2025 05:36:47.540] [main/DEBUG] [quark-zeta/]: Registering to minecraft:block - quark:cherry_bookshelf
[12May2025 05:36:47.540] [main/DEBUG] [quark-zeta/]: Registering to minecraft:block - quark:oak_chest
[12May2025 05:36:47.540] [main/DEBUG] [quark-zeta/]: Registering to minecraft:block - quark:oak_trapped_chest
[12May2025 05:36:47.541] [main/DEBUG] [quark-zeta/]: Registering to minecraft:block - quark:lootr_oak_chest
[12May2025 05:36:47.541] [main/DEBUG] [quark-zeta/]: Registering to minecraft:block - quark:lootr_oak_trapped_chest
[12May2025 05:36:47.541] [main/DEBUG] [quark-zeta/]: Registering to minecraft:block - quark:spruce_chest
[12May2025 05:36:47.541] [main/DEBUG] [quark-zeta/]: Registering to minecraft:block - quark:spruce_trapped_chest
[12May2025 05:36:47.541] [main/DEBUG] [quark-zeta/]: Registering to minecraft:block - quark:lootr_spruce_chest
[12May2025 05:36:47.541] [main/DEBUG] [quark-zeta/]: Registering to minecraft:block - quark:lootr_spruce_trapped_chest
[12May2025 05:36:47.541] [main/DEBUG] [quark-zeta/]: Registering to minecraft:block - quark:birch_chest
[12May2025 05:36:47.541] [main/DEBUG] [quark-zeta/]: Registering to minecraft:block - quark:birch_trapped_chest
[12May2025 05:36:47.542] [main/DEBUG] [quark-zeta/]: Registering to minecraft:block - quark:lootr_birch_chest
[12May2025 05:36:47.542] [main/DEBUG] [quark-zeta/]: Registering to minecraft:block - quark:lootr_birch_trapped_chest
[12May2025 05:36:47.542] [main/DEBUG] [quark-zeta/]: Registering to minecraft:block - quark:jungle_chest
[12May2025 05:36:47.542] [main/DEBUG] [quark-zeta/]: Registering to minecraft:block - quark:jungle_trapped_chest
[12May2025 05:36:47.542] [main/DEBUG] [quark-zeta/]: Registering to minecraft:block - quark:lootr_jungle_chest
[12May2025 05:36:47.542] [main/DEBUG] [quark-zeta/]: Registering to minecraft:block - quark:lootr_jungle_trapped_chest
[12May2025 05:36:47.542] [main/DEBUG] [quark-zeta/]: Registering to minecraft:block - quark:acacia_chest
[12May2025 05:36:47.542] [main/DEBUG] [quark-zeta/]: Registering to minecraft:block - quark:acacia_trapped_chest
[12May2025 05:36:47.542] [main/DEBUG] [quark-zeta/]: Registering to minecraft:block - quark:lootr_acacia_chest
[12May2025 05:36:47.542] [main/DEBUG] [quark-zeta/]: Registering to minecraft:block - quark:lootr_acacia_trapped_chest
[12May2025 05:36:47.543] [main/DEBUG] [quark-zeta/]: Registering to minecraft:block - quark:dark_oak_chest
[12May2025 05:36:47.543] [main/DEBUG] [quark-zeta/]: Registering to minecraft:block - quark:dark_oak_trapped_chest
[12May2025 05:36:47.543] [main/DEBUG] [quark-zeta/]: Registering to minecraft:block - quark:lootr_dark_oak_chest
[12May2025 05:36:47.543] [main/DEBUG] [quark-zeta/]: Registering to minecraft:block - quark:lootr_dark_oak_trapped_chest
[12May2025 05:36:47.543] [main/DEBUG] [quark-zeta/]: Registering to minecraft:block - quark:crimson_chest
[12May2025 05:36:47.543] [main/DEBUG] [quark-zeta/]: Registering to minecraft:block - quark:crimson_trapped_chest
[12May2025 05:36:47.543] [main/DEBUG] [quark-zeta/]: Registering to minecraft:block - quark:lootr_crimson_chest
[12May2025 05:36:47.543] [main/DEBUG] [quark-zeta/]: Registering to minecraft:block - quark:lootr_crimson_trapped_chest
[12May2025 05:36:47.544] [main/DEBUG] [quark-zeta/]: Registering to minecraft:block - quark:warped_chest
[12May2025 05:36:47.544] [main/DEBUG] [quark-zeta/]: Registering to minecraft:block - quark:warped_trapped_chest
[12May2025 05:36:47.544] [main/DEBUG] [quark-zeta/]: Registering to minecraft:block - quark:lootr_warped_chest
[12May2025 05:36:47.544] [main/DEBUG] [quark-zeta/]: Registering to minecraft:block - quark:lootr_warped_trapped_chest
[12May2025 05:36:47.544] [main/DEBUG] [quark-zeta/]: Registering to minecraft:block - quark:mangrove_chest
[12May2025 05:36:47.544] [main/DEBUG] [quark-zeta/]: Registering to minecraft:block - quark:mangrove_trapped_chest
[12May2025 05:36:47.544] [main/DEBUG] [quark-zeta/]: Registering to minecraft:block - quark:lootr_mangrove_chest
[12May2025 05:36:47.544] [main/DEBUG] [quark-zeta/]: Registering to minecraft:block - quark:lootr_mangrove_trapped_chest
[12May2025 05:36:47.544] [main/DEBUG] [quark-zeta/]: Registering to minecraft:block - quark:bamboo_chest
[12May2025 05:36:47.545] [main/DEBUG] [quark-zeta/]: Registering to minecraft:block - quark:bamboo_trapped_chest
[12May2025 05:36:47.545] [main/DEBUG] [quark-zeta/]: Registering to minecraft:block - quark:lootr_bamboo_chest
[12May2025 05:36:47.545] [main/DEBUG] [quark-zeta/]: Registering to minecraft:block - quark:lootr_bamboo_trapped_chest
[12May2025 05:36:47.545] [main/DEBUG] [quark-zeta/]: Registering to minecraft:block - quark:cherry_chest
[12May2025 05:36:47.545] [main/DEBUG] [quark-zeta/]: Registering to minecraft:block - quark:cherry_trapped_chest
[12May2025 05:36:47.545] [main/DEBUG] [quark-zeta/]: Registering to minecraft:block - quark:lootr_cherry_chest
[12May2025 05:36:47.545] [main/DEBUG] [quark-zeta/]: Registering to minecraft:block - quark:lootr_cherry_trapped_chest
[12May2025 05:36:47.545] [main/DEBUG] [quark-zeta/]: Registering to minecraft:block - quark:nether_brick_chest
[12May2025 05:36:47.545] [main/DEBUG] [quark-zeta/]: Registering to minecraft:block - quark:nether_brick_trapped_chest
[12May2025 05:36:47.546] [main/DEBUG] [quark-zeta/]: Registering to minecraft:block - quark:lootr_nether_brick_chest
[12May2025 05:36:47.546] [main/DEBUG] [quark-zeta/]: Registering to minecraft:block - quark:lootr_nether_brick_trapped_chest
[12May2025 05:36:47.546] [main/DEBUG] [quark-zeta/]: Registering to minecraft:block - quark:purpur_chest
[12May2025 05:36:47.546] [main/DEBUG] [quark-zeta/]: Registering to minecraft:block - quark:purpur_trapped_chest
[12May2025 05:36:47.546] [main/DEBUG] [quark-zeta/]: Registering to minecraft:block - quark:lootr_purpur_chest
[12May2025 05:36:47.546] [main/DEBUG] [quark-zeta/]: Registering to minecraft:block - quark:lootr_purpur_trapped_chest
[12May2025 05:36:47.546] [main/DEBUG] [quark-zeta/]: Registering to minecraft:block - quark:prismarine_chest
[12May2025 05:36:47.546] [main/DEBUG] [quark-zeta/]: Registering to minecraft:block - quark:prismarine_trapped_chest
[12May2025 05:36:47.546] [main/DEBUG] [quark-zeta/]: Registering to minecraft:block - quark:lootr_prismarine_chest
[12May2025 05:36:47.547] [main/DEBUG] [quark-zeta/]: Registering to minecraft:block - quark:lootr_prismarine_trapped_chest
[12May2025 05:36:47.547] [main/DEBUG] [quark-zeta/]: Registering to minecraft:block - quark:deepslate_furnace
[12May2025 05:36:47.547] [main/DEBUG] [quark-zeta/]: Registering to minecraft:block - quark:blackstone_furnace
[12May2025 05:36:47.547] [main/DEBUG] [quark-zeta/]: Registering to minecraft:block - quark:spruce_ladder
[12May2025 05:36:47.547] [main/DEBUG] [quark-zeta/]: Registering to minecraft:block - quark:birch_ladder
[12May2025 05:36:47.547] [main/DEBUG] [quark-zeta/]: Registering to minecraft:block - quark:jungle_ladder
[12May2025 05:36:47.547] [main/DEBUG] [quark-zeta/]: Registering to minecraft:block - quark:acacia_ladder
[12May2025 05:36:47.547] [main/DEBUG] [quark-zeta/]: Registering to minecraft:block - quark:dark_oak_ladder
[12May2025 05:36:47.547] [main/DEBUG] [quark-zeta/]: Registering to minecraft:block - quark:crimson_ladder
[12May2025 05:36:47.547] [main/DEBUG] [quark-zeta/]: Registering to minecraft:block - quark:warped_ladder
[12May2025 05:36:47.547] [main/DEBUG] [quark-zeta/]: Registering to minecraft:block - quark:mangrove_ladder
[12May2025 05:36:47.548] [main/DEBUG] [quark-zeta/]: Registering to minecraft:block - quark:bamboo_ladder
[12May2025 05:36:47.548] [main/DEBUG] [quark-zeta/]: Registering to minecraft:block - quark:cherry_ladder
[12May2025 05:36:47.548] [main/DEBUG] [quark-zeta/]: Registering to minecraft:block - quark:vertical_oak_planks
[12May2025 05:36:47.548] [main/DEBUG] [quark-zeta/]: Registering to minecraft:block - quark:vertical_spruce_planks
[12May2025 05:36:47.548] [main/DEBUG] [quark-zeta/]: Registering to minecraft:block - quark:vertical_birch_planks
[12May2025 05:36:47.548] [main/DEBUG] [quark-zeta/]: Registering to minecraft:block - quark:vertical_jungle_planks
[12May2025 05:36:47.548] [main/DEBUG] [quark-zeta/]: Registering to minecraft:block - quark:vertical_acacia_planks
[12May2025 05:36:47.548] [main/DEBUG] [quark-zeta/]: Registering to minecraft:block - quark:vertical_dark_oak_planks
[12May2025 05:36:47.548] [main/DEBUG] [quark-zeta/]: Registering to minecraft:block - quark:vertical_crimson_planks
[12May2025 05:36:47.548] [main/DEBUG] [quark-zeta/]: Registering to minecraft:block - quark:vertical_warped_planks
[12May2025 05:36:47.549] [main/DEBUG] [quark-zeta/]: Registering to minecraft:block - quark:vertical_mangrove_planks
[12May2025 05:36:47.549] [main/DEBUG] [quark-zeta/]: Registering to minecraft:block - quark:vertical_bamboo_planks
[12May2025 05:36:47.549] [main/DEBUG] [quark-zeta/]: Registering to minecraft:block - quark:vertical_cherry_planks
[12May2025 05:36:47.549] [main/DEBUG] [quark-zeta/]: Registering to minecraft:block - quark:oak_post
[12May2025 05:36:47.549] [main/DEBUG] [quark-zeta/]: Registering to minecraft:block - quark:stripped_oak_post
[12May2025 05:36:47.549] [main/DEBUG] [quark-zeta/]: Registering to minecraft:block - quark:spruce_post
[12May2025 05:36:47.549] [main/DEBUG] [quark-zeta/]: Registering to minecraft:block - quark:stripped_spruce_post
[12May2025 05:36:47.549] [main/DEBUG] [quark-zeta/]: Registering to minecraft:block - quark:birch_post
[12May2025 05:36:47.549] [main/DEBUG] [quark-zeta/]: Registering to minecraft:block - quark:stripped_birch_post
[12May2025 05:36:47.549] [main/DEBUG] [quark-zeta/]: Registering to minecraft:block - quark:jungle_post
[12May2025 05:36:47.549] [main/DEBUG] [quark-zeta/]: Registering to minecraft:block - quark:stripped_jungle_post
[12May2025 05:36:47.549] [main/DEBUG] [quark-zeta/]: Registering to minecraft:block - quark:acacia_post
[12May2025 05:36:47.549] [main/DEBUG] [quark-zeta/]: Registering to minecraft:block - quark:stripped_acacia_post
[12May2025 05:36:47.549] [main/DEBUG] [quark-zeta/]: Registering to minecraft:block - quark:dark_oak_post
[12May2025 05:36:47.549] [main/DEBUG] [quark-zeta/]: Registering to minecraft:block - quark:stripped_dark_oak_post
[12May2025 05:36:47.549] [main/DEBUG] [quark-zeta/]: Registering to minecraft:block - quark:crimson_post
[12May2025 05:36:47.549] [main/DEBUG] [quark-zeta/]: Registering to minecraft:block - quark:stripped_crimson_post
[12May2025 05:36:47.549] [main/DEBUG] [quark-zeta/]: Registering to minecraft:block - quark:warped_post
[12May2025 05:36:47.549] [main/DEBUG] [quark-zeta/]: Registering to minecraft:block - quark:stripped_warped_post
[12May2025 05:36:47.549] [main/DEBUG] [quark-zeta/]: Registering to minecraft:block - quark:mangrove_post
[12May2025 05:36:47.549] [main/DEBUG] [quark-zeta/]: Registering to minecraft:block - quark:stripped_mangrove_post
[12May2025 05:36:47.549] [main/DEBUG] [quark-zeta/]: Registering to minecraft:block - quark:bamboo_post
[12May2025 05:36:47.549] [main/DEBUG] [quark-zeta/]: Registering to minecraft:block - quark:stripped_bamboo_post
[12May2025 05:36:47.549] [main/DEBUG] [quark-zeta/]: Registering to minecraft:block - quark:cherry_post
[12May2025 05:36:47.550] [main/DEBUG] [quark-zeta/]: Registering to minecraft:block - quark:stripped_cherry_post
[12May2025 05:36:47.550] [main/DEBUG] [quark-zeta/]: Registering to minecraft:block - quark:polished_calcite
[12May2025 05:36:47.550] [main/DEBUG] [quark-zeta/]: Registering to minecraft:block - quark:calcite_wall
[12May2025 05:36:47.550] [main/DEBUG] [quark-zeta/]: Registering to minecraft:block - quark:calcite_slab
[12May2025 05:36:47.550] [main/DEBUG] [quark-zeta/]: Registering to minecraft:block - quark:calcite_stairs
[12May2025 05:36:47.550] [main/DEBUG] [quark-zeta/]: Registering to minecraft:block - quark:polished_calcite_slab
[12May2025 05:36:47.550] [main/DEBUG] [quark-zeta/]: Registering to minecraft:block - quark:polished_calcite_stairs
[12May2025 05:36:47.550] [main/DEBUG] [quark-zeta/]: Registering to minecraft:block - quark:polished_dripstone
[12May2025 05:36:47.550] [main/DEBUG] [quark-zeta/]: Registering to minecraft:block - quark:dripstone_block_wall
[12May2025 05:36:47.550] [main/DEBUG] [quark-zeta/]: Registering to minecraft:block - quark:dripstone_block_slab
[12May2025 05:36:47.550] [main/DEBUG] [quark-zeta/]: Registering to minecraft:block - quark:dripstone_block_stairs
[12May2025 05:36:47.550] [main/DEBUG] [quark-zeta/]: Registering to minecraft:block - quark:polished_dripstone_slab
[12May2025 05:36:47.550] [main/DEBUG] [quark-zeta/]: Registering to minecraft:block - quark:polished_dripstone_stairs
[12May2025 05:36:47.550] [main/DEBUG] [quark-zeta/]: Registering to minecraft:block - quark:polished_tuff
[12May2025 05:36:47.550] [main/DEBUG] [quark-zeta/]: Registering to minecraft:block - quark:tuff_wall
[12May2025 05:36:47.550] [main/DEBUG] [quark-zeta/]: Registering to minecraft:block - quark:tuff_slab
[12May2025 05:36:47.550] [main/DEBUG] [quark-zeta/]: Registering to minecraft:block - quark:tuff_stairs
[12May2025 05:36:47.550] [main/DEBUG] [quark-zeta/]: Registering to minecraft:block - quark:polished_tuff_slab
[12May2025 05:36:47.550] [main/DEBUG] [quark-zeta/]: Registering to minecraft:block - quark:polished_tuff_stairs
[12May2025 05:36:47.550] [main/DEBUG] [quark-zeta/]: Registering to minecraft:block - quark:granite_bricks
[12May2025 05:36:47.550] [main/DEBUG] [quark-zeta/]: Registering to minecraft:block - quark:chiseled_granite_bricks
[12May2025 05:36:47.550] [main/DEBUG] [quark-zeta/]: Registering to minecraft:block - quark:granite_pillar
[12May2025 05:36:47.550] [main/DEBUG] [quark-zeta/]: Registering to minecraft:block - quark:granite_bricks_wall
[12May2025 05:36:47.550] [main/DEBUG] [quark-zeta/]: Registering to minecraft:block - quark:granite_bricks_slab
[12May2025 05:36:47.550] [main/DEBUG] [quark-zeta/]: Registering to minecraft:block - quark:granite_bricks_stairs
[12May2025 05:36:47.550] [main/DEBUG] [quark-zeta/]: Registering to minecraft:block - quark:diorite_bricks
[12May2025 05:36:47.550] [main/DEBUG] [quark-zeta/]: Registering to minecraft:block - quark:chiseled_diorite_bricks
[12May2025 05:36:47.550] [main/DEBUG] [quark-zeta/]: Registering to minecraft:block - quark:diorite_pillar
[12May2025 05:36:47.550] [main/DEBUG] [quark-zeta/]: Registering to minecraft:block - quark:diorite_bricks_wall
[12May2025 05:36:47.550] [main/DEBUG] [quark-zeta/]: Registering to minecraft:block - quark:diorite_bricks_slab
[12May2025 05:36:47.551] [main/DEBUG] [quark-zeta/]: Registering to minecraft:block - quark:diorite_bricks_stairs
[12May2025 05:36:47.551] [main/DEBUG] [quark-zeta/]: Registering to minecraft:block - quark:andesite_bricks
[12May2025 05:36:47.551] [main/DEBUG] [quark-zeta/]: Registering to minecraft:block - quark:chiseled_andesite_bricks
[12May2025 05:36:47.551] [main/DEBUG] [quark-zeta/]: Registering to minecraft:block - quark:andesite_pillar
[12May2025 05:36:47.551] [main/DEBUG] [quark-zeta/]: Registering to minecraft:block - quark:andesite_bricks_wall
[12May2025 05:36:47.551] [main/DEBUG] [quark-zeta/]: Registering to minecraft:block - quark:andesite_bricks_slab
[12May2025 05:36:47.551] [main/DEBUG] [quark-zeta/]: Registering to minecraft:block - quark:andesite_bricks_stairs
[12May2025 05:36:47.551] [main/DEBUG] [quark-zeta/]: Registering to minecraft:block - quark:calcite_bricks
[12May2025 05:36:47.551] [main/DEBUG] [quark-zeta/]: Registering to minecraft:block - quark:chiseled_calcite_bricks
[12May2025 05:36:47.551] [main/DEBUG] [quark-zeta/]: Registering to minecraft:block - quark:calcite_pillar
[12May2025 05:36:47.551] [main/DEBUG] [quark-zeta/]: Registering to minecraft:block - quark:calcite_bricks_wall
[12May2025 05:36:47.551] [main/DEBUG] [quark-zeta/]: Registering to minecraft:block - quark:calcite_bricks_slab
[12May2025 05:36:47.551] [main/DEBUG] [quark-zeta/]: Registering to minecraft:block - quark:calcite_bricks_stairs
[12May2025 05:36:47.551] [main/DEBUG] [quark-zeta/]: Registering to minecraft:block - quark:dripstone_bricks
[12May2025 05:36:47.553] [main/DEBUG] [quark-zeta/]: Registering to minecraft:block - quark:chiseled_dripstone_bricks
[12May2025 05:36:47.553] [main/DEBUG] [quark-zeta/]: Registering to minecraft:block - quark:dripstone_pillar
[12May2025 05:36:47.554] [main/DEBUG] [quark-zeta/]: Registering to minecraft:block - quark:dripstone_bricks_wall
[12May2025 05:36:47.554] [main/DEBUG] [quark-zeta/]: Registering to minecraft:block - quark:dripstone_bricks_slab
[12May2025 05:36:47.554] [main/DEBUG] [quark-zeta/]: Registering to minecraft:block - quark:dripstone_bricks_stairs
[12May2025 05:36:47.554] [main/DEBUG] [quark-zeta/]: Registering to minecraft:block - quark:tuff_bricks
[12May2025 05:36:47.554] [main/DEBUG] [quark-zeta/]: Registering to minecraft:block - quark:chiseled_tuff_bricks
[12May2025 05:36:47.554] [main/DEBUG] [quark-zeta/]: Registering to minecraft:block - quark:tuff_pillar
[12May2025 05:36:47.554] [main/DEBUG] [quark-zeta/]: Registering to minecraft:block - quark:tuff_bricks_wall
[12May2025 05:36:47.554] [main/DEBUG] [quark-zeta/]: Registering to minecraft:block - quark:tuff_bricks_slab
[12May2025 05:36:47.554] [main/DEBUG] [quark-zeta/]: Registering to minecraft:block - quark:tuff_bricks_stairs
[12May2025 05:36:47.554] [main/DEBUG] [quark-zeta/]: Registering to minecraft:block - quark:limestone_bricks
[12May2025 05:36:47.555] [main/DEBUG] [quark-zeta/]: Registering to minecraft:block - quark:chiseled_limestone_bricks
[12May2025 05:36:47.555] [main/DEBUG] [quark-zeta/]: Registering to minecraft:block - quark:limestone_pillar
[12May2025 05:36:47.555] [main/DEBUG] [quark-zeta/]: Registering to minecraft:block - quark:limestone_bricks_wall
[12May2025 05:36:47.555] [main/DEBUG] [quark-zeta/]: Registering to minecraft:block - quark:limestone_bricks_slab
[12May2025 05:36:47.555] [main/DEBUG] [quark-zeta/]: Registering to minecraft:block - quark:limestone_bricks_stairs
[12May2025 05:36:47.555] [main/DEBUG] [quark-zeta/]: Registering to minecraft:block - quark:jasper_bricks
[12May2025 05:36:47.555] [main/DEBUG] [quark-zeta/]: Registering to minecraft:block - quark:chiseled_jasper_bricks
[12May2025 05:36:47.555] [main/DEBUG] [quark-zeta/]: Registering to minecraft:block - quark:jasper_pillar
[12May2025 05:36:47.555] [main/DEBUG] [quark-zeta/]: Registering to minecraft:block - quark:jasper_bricks_wall
[12May2025 05:36:47.556] [main/DEBUG] [quark-zeta/]: Registering to minecraft:block - quark:jasper_bricks_slab
[12May2025 05:36:47.556] [main/DEBUG] [quark-zeta/]: Registering to minecraft:block - quark:jasper_bricks_stairs
[12May2025 05:36:47.556] [main/DEBUG] [quark-zeta/]: Registering to minecraft:block - quark:shale_bricks
[12May2025 05:36:47.556] [main/DEBUG] [quark-zeta/]: Registering to minecraft:block - quark:chiseled_shale_bricks
[12May2025 05:36:47.556] [main/DEBUG] [quark-zeta/]: Registering to minecraft:block - quark:shale_pillar
[12May2025 05:36:47.556] [main/DEBUG] [quark-zeta/]: Registering to minecraft:block - quark:shale_bricks_wall
[12May2025 05:36:47.556] [main/DEBUG] [quark-zeta/]: Registering to minecraft:block - quark:shale_bricks_slab
[12May2025 05:36:47.556] [main/DEBUG] [quark-zeta/]: Registering to minecraft:block - quark:shale_bricks_stairs
[12May2025 05:36:47.557] [main/DEBUG] [quark-zeta/]: Registering to minecraft:block - quark:myalite_bricks
[12May2025 05:36:47.557] [main/DEBUG] [quark-zeta/]: Registering to minecraft:block - quark:chiseled_myalite_bricks
[12May2025 05:36:47.557] [main/DEBUG] [quark-zeta/]: Registering to minecraft:block - quark:myalite_pillar
[12May2025 05:36:47.557] [main/DEBUG] [quark-zeta/]: Registering to minecraft:block - quark:myalite_bricks_wall
[12May2025 05:36:47.557] [main/DEBUG] [quark-zeta/]: Registering to minecraft:block - quark:myalite_bricks_slab
[12May2025 05:36:47.557] [main/DEBUG] [quark-zeta/]: Registering to minecraft:block - quark:myalite_bricks_stairs
[12May2025 05:36:47.557] [main/DEBUG] [quark-zeta/]: Registering to minecraft:block - quark:blue_blossom_hedge
[12May2025 05:36:47.557] [main/DEBUG] [quark-zeta/]: Registering to minecraft:block - quark:lavender_blossom_hedge
[12May2025 05:36:47.557] [main/DEBUG] [quark-zeta/]: Registering to minecraft:block - quark:orange_blossom_hedge
[12May2025 05:36:47.558] [main/DEBUG] [quark-zeta/]: Registering to minecraft:block - quark:yellow_blossom_hedge
[12May2025 05:36:47.558] [main/DEBUG] [quark-zeta/]: Registering to minecraft:block - quark:red_blossom_hedge
[12May2025 05:36:47.558] [main/DEBUG] [quark-zeta/]: Registering to minecraft:block - quark:ancient_hedge
[12May2025 05:36:47.558] [main/DEBUG] [quark-zeta/]: Registering to minecraft:block - quark:blue_blossom_leaf_carpet
[12May2025 05:36:47.558] [main/DEBUG] [quark-zeta/]: Registering to minecraft:block - quark:lavender_blossom_leaf_carpet
[12May2025 05:36:47.558] [main/DEBUG] [quark-zeta/]: Registering to minecraft:block - quark:orange_blossom_leaf_carpet
[12May2025 05:36:47.558] [main/DEBUG] [quark-zeta/]: Registering to minecraft:block - quark:yellow_blossom_leaf_carpet
[12May2025 05:36:47.558] [main/DEBUG] [quark-zeta/]: Registering to minecraft:block - quark:red_blossom_leaf_carpet
[12May2025 05:36:47.558] [main/DEBUG] [quark-zeta/]: Registering to minecraft:block - quark:ancient_leaf_carpet
[12May2025 05:36:47.559] [main/DEBUG] [quark-zeta/]: Registering to minecraft:block - quark:acacia_vertical_slab
[12May2025 05:36:47.559] [main/DEBUG] [quark-zeta/]: Registering to minecraft:block - quark:andesite_vertical_slab
[12May2025 05:36:47.559] [main/DEBUG] [quark-zeta/]: Registering to minecraft:block - quark:birch_vertical_slab
[12May2025 05:36:47.559] [main/DEBUG] [quark-zeta/]: Registering to minecraft:block - quark:brick_vertical_slab
[12May2025 05:36:47.559] [main/DEBUG] [quark-zeta/]: Registering to minecraft:block - quark:cobblestone_vertical_slab
[12May2025 05:36:47.559] [main/DEBUG] [quark-zeta/]: Registering to minecraft:block - quark:cut_red_sandstone_vertical_slab
[12May2025 05:36:47.559] [main/DEBUG] [quark-zeta/]: Registering to minecraft:block - quark:cut_sandstone_vertical_slab
[12May2025 05:36:47.559] [main/DEBUG] [quark-zeta/]: Registering to minecraft:block - quark:dark_oak_vertical_slab
[12May2025 05:36:47.560] [main/DEBUG] [quark-zeta/]: Registering to minecraft:block - quark:dark_prismarine_vertical_slab
[12May2025 05:36:47.561] [main/DEBUG] [quark-zeta/]: Registering to minecraft:block - quark:diorite_vertical_slab
[12May2025 05:36:47.561] [main/DEBUG] [quark-zeta/]: Registering to minecraft:block - quark:end_stone_brick_vertical_slab
[12May2025 05:36:47.561] [main/DEBUG] [quark-zeta/]: Registering to minecraft:block - quark:granite_vertical_slab
[12May2025 05:36:47.561] [main/DEBUG] [quark-zeta/]: Registering to minecraft:block - quark:jungle_vertical_slab
[12May2025 05:36:47.561] [main/DEBUG] [quark-zeta/]: Registering to minecraft:block - quark:mossy_cobblestone_vertical_slab
[12May2025 05:36:47.561] [main/DEBUG] [quark-zeta/]: Registering to minecraft:block - quark:mossy_stone_brick_vertical_slab
[12May2025 05:36:47.561] [main/DEBUG] [quark-zeta/]: Registering to minecraft:block - quark:nether_brick_vertical_slab
[12May2025 05:36:47.561] [main/DEBUG] [quark-zeta/]: Registering to minecraft:block - quark:oak_vertical_slab
[12May2025 05:36:47.562] [main/DEBUG] [quark-zeta/]: Registering to minecraft:block - quark:polished_andesite_vertical_slab
[12May2025 05:36:47.562] [main/DEBUG] [quark-zeta/]: Registering to minecraft:block - quark:polished_diorite_vertical_slab
[12May2025 05:36:47.562] [main/DEBUG] [quark-zeta/]: Registering to minecraft:block - quark:polished_granite_vertical_slab
[12May2025 05:36:47.562] [main/DEBUG] [quark-zeta/]: Registering to minecraft:block - quark:prismarine_vertical_slab
[12May2025 05:36:47.562] [main/DEBUG] [quark-zeta/]: Registering to minecraft:block - quark:prismarine_brick_vertical_slab
[12May2025 05:36:47.562] [main/DEBUG] [quark-zeta/]: Registering to minecraft:block - quark:purpur_vertical_slab
[12May2025 05:36:47.562] [main/DEBUG] [quark-zeta/]: Registering to minecraft:block - quark:quartz_vertical_slab
[12May2025 05:36:47.562] [main/DEBUG] [quark-zeta/]: Registering to minecraft:block - quark:red_nether_brick_vertical_slab
[12May2025 05:36:47.562] [main/DEBUG] [quark-zeta/]: Registering to minecraft:block - quark:red_sandstone_vertical_slab
[12May2025 05:36:47.563] [main/DEBUG] [quark-zeta/]: Registering to minecraft:block - quark:sandstone_vertical_slab
[12May2025 05:36:47.563] [main/DEBUG] [quark-zeta/]: Registering to minecraft:block - quark:smooth_quartz_vertical_slab
[12May2025 05:36:47.563] [main/DEBUG] [quark-zeta/]: Registering to minecraft:block - quark:smooth_red_sandstone_vertical_slab
[12May2025 05:36:47.563] [main/DEBUG] [quark-zeta/]: Registering to minecraft:block - quark:smooth_sandstone_vertical_slab
[12May2025 05:36:47.563] [main/DEBUG] [quark-zeta/]: Registering to minecraft:block - quark:smooth_stone_vertical_slab
[12May2025 05:36:47.563] [main/DEBUG] [quark-zeta/]: Registering to minecraft:block - quark:spruce_vertical_slab
[12May2025 05:36:47.563] [main/DEBUG] [quark-zeta/]: Registering to minecraft:block - quark:stone_vertical_slab
[12May2025 05:36:47.563] [main/DEBUG] [quark-zeta/]: Registering to minecraft:block - quark:stone_brick_vertical_slab
[12May2025 05:36:47.564] [main/DEBUG] [quark-zeta/]: Registering to minecraft:block - quark:blackstone_vertical_slab
[12May2025 05:36:47.564] [main/DEBUG] [quark-zeta/]: Registering to minecraft:block - quark:polished_blackstone_vertical_slab
[12May2025 05:36:47.564] [main/DEBUG] [quark-zeta/]: Registering to minecraft:block - quark:polished_blackstone_brick_vertical_slab
[12May2025 05:36:47.564] [main/DEBUG] [quark-zeta/]: Registering to minecraft:block - quark:crimson_vertical_slab
[12May2025 05:36:47.564] [main/DEBUG] [quark-zeta/]: Registering to minecraft:block - quark:warped_vertical_slab
[12May2025 05:36:47.564] [main/DEBUG] [quark-zeta/]: Registering to minecraft:block - quark:cobbled_deepslate_vertical_slab
[12May2025 05:36:47.564] [main/DEBUG] [quark-zeta/]: Registering to minecraft:block - quark:polished_deepslate_vertical_slab
[12May2025 05:36:47.564] [main/DEBUG] [quark-zeta/]: Registering to minecraft:block - quark:deepslate_brick_vertical_slab
[12May2025 05:36:47.564] [main/DEBUG] [quark-zeta/]: Registering to minecraft:block - quark:deepslate_tile_vertical_slab
[12May2025 05:36:47.565] [main/DEBUG] [quark-zeta/]: Registering to minecraft:block - quark:mangrove_vertical_slab
[12May2025 05:36:47.565] [main/DEBUG] [quark-zeta/]: Registering to minecraft:block - quark:mud_brick_vertical_slab
[12May2025 05:36:47.565] [main/DEBUG] [quark-zeta/]: Registering to minecraft:block - quark:cherry_vertical_slab
[12May2025 05:36:47.565] [main/DEBUG] [quark-zeta/]: Registering to minecraft:block - quark:bamboo_vertical_slab
[12May2025 05:36:47.565] [main/DEBUG] [quark-zeta/]: Registering to minecraft:block - quark:bamboo_mosaic_vertical_slab
[12May2025 05:36:47.565] [main/DEBUG] [quark-zeta/]: Registering to minecraft:block - quark:cut_copper_vertical_slab
[12May2025 05:36:47.565] [main/DEBUG] [quark-zeta/]: Registering to minecraft:block - quark:waxed_cut_copper_vertical_slab
[12May2025 05:36:47.565] [main/DEBUG] [quark-zeta/]: Registering to minecraft:block - quark:exposed_cut_copper_vertical_slab
[12May2025 05:36:47.565] [main/DEBUG] [quark-zeta/]: Registering to minecraft:block - quark:waxed_exposed_cut_copper_vertical_slab
[12May2025 05:36:47.566] [main/DEBUG] [quark-zeta/]: Registering to minecraft:block - quark:weathered_cut_copper_vertical_slab
[12May2025 05:36:47.566] [main/DEBUG] [quark-zeta/]: Registering to minecraft:block - quark:waxed_weathered_cut_copper_vertical_slab
[12May2025 05:36:47.566] [main/DEBUG] [quark-zeta/]: Registering to minecraft:block - quark:oxidized_cut_copper_vertical_slab
[12May2025 05:36:47.566] [main/DEBUG] [quark-zeta/]: Registering to minecraft:block - quark:waxed_oxidized_cut_copper_vertical_slab
[12May2025 05:36:47.566] [main/DEBUG] [quark-zeta/]: Registering to minecraft:block - quark:ancient_planks_vertical_slab
[12May2025 05:36:47.566] [main/DEBUG] [quark-zeta/]: Registering to minecraft:block - quark:azalea_planks_vertical_slab
[12May2025 05:36:47.566] [main/DEBUG] [quark-zeta/]: Registering to minecraft:block - quark:blossom_planks_vertical_slab
[12May2025 05:36:47.566] [main/DEBUG] [quark-zeta/]: Registering to minecraft:block - quark:duskbound_block_vertical_slab
[12May2025 05:36:47.567] [main/DEBUG] [quark-zeta/]: Registering to minecraft:block - quark:iron_plate_vertical_slab
[12May2025 05:36:47.567] [main/DEBUG] [quark-zeta/]: Registering to minecraft:block - quark:rusty_iron_plate_vertical_slab
[12May2025 05:36:47.567] [main/DEBUG] [quark-zeta/]: Registering to minecraft:block - quark:midori_block_vertical_slab
[12May2025 05:36:47.567] [main/DEBUG] [quark-zeta/]: Registering to minecraft:block - quark:blue_nether_bricks_vertical_slab
[12May2025 05:36:47.567] [main/DEBUG] [quark-zeta/]: Registering to minecraft:block - quark:sandstone_bricks_vertical_slab
[12May2025 05:36:47.567] [main/DEBUG] [quark-zeta/]: Registering to minecraft:block - quark:red_sandstone_bricks_vertical_slab
[12May2025 05:36:47.567] [main/DEBUG] [quark-zeta/]: Registering to minecraft:block - quark:soul_sandstone_bricks_vertical_slab
[12May2025 05:36:47.567] [main/DEBUG] [quark-zeta/]: Registering to minecraft:block - quark:cobblestone_bricks_vertical_slab
[12May2025 05:36:47.567] [main/DEBUG] [quark-zeta/]: Registering to minecraft:block - quark:mossy_cobblestone_bricks_vertical_slab
[12May2025 05:36:47.568] [main/DEBUG] [quark-zeta/]: Registering to minecraft:block - quark:blackstone_bricks_vertical_slab
[12May2025 05:36:47.568] [main/DEBUG] [quark-zeta/]: Registering to minecraft:block - quark:dirt_bricks_vertical_slab
[12May2025 05:36:47.568] [main/DEBUG] [quark-zeta/]: Registering to minecraft:block - quark:netherrack_bricks_vertical_slab
[12May2025 05:36:47.568] [main/DEBUG] [quark-zeta/]: Registering to minecraft:block - quark:limestone_vertical_slab
[12May2025 05:36:47.568] [main/DEBUG] [quark-zeta/]: Registering to minecraft:block - quark:polished_limestone_vertical_slab
[12May2025 05:36:47.568] [main/DEBUG] [quark-zeta/]: Registering to minecraft:block - quark:jasper_vertical_slab
[12May2025 05:36:47.568] [main/DEBUG] [quark-zeta/]: Registering to minecraft:block - quark:polished_jasper_vertical_slab
[12May2025 05:36:47.568] [main/DEBUG] [quark-zeta/]: Registering to minecraft:block - quark:shale_vertical_slab
[12May2025 05:36:47.568] [main/DEBUG] [quark-zeta/]: Registering to minecraft:block - quark:polished_shale_vertical_slab
[12May2025 05:36:47.569] [main/DEBUG] [quark-zeta/]: Registering to minecraft:block - quark:myalite_vertical_slab
[12May2025 05:36:47.569] [main/DEBUG] [quark-zeta/]: Registering to minecraft:block - quark:polished_myalite_vertical_slab
[12May2025 05:36:47.569] [main/DEBUG] [quark-zeta/]: Registering to minecraft:block - quark:permafrost_vertical_slab
[12May2025 05:36:47.569] [main/DEBUG] [quark-zeta/]: Registering to minecraft:block - quark:permafrost_bricks_vertical_slab
[12May2025 05:36:47.569] [main/DEBUG] [quark-zeta/]: Registering to minecraft:block - quark:raw_iron_bricks_vertical_slab
[12May2025 05:36:47.569] [main/DEBUG] [quark-zeta/]: Registering to minecraft:block - quark:raw_gold_bricks_vertical_slab
[12May2025 05:36:47.569] [main/DEBUG] [quark-zeta/]: Registering to minecraft:block - quark:raw_copper_bricks_vertical_slab
[12May2025 05:36:47.569] [main/DEBUG] [quark-zeta/]: Registering to minecraft:block - quark:shingles_vertical_slab
[12May2025 05:36:47.569] [main/DEBUG] [quark-zeta/]: Registering to minecraft:block - quark:white_shingles_vertical_slab
[12May2025 05:36:47.570] [main/DEBUG] [quark-zeta/]: Registering to minecraft:block - quark:orange_shingles_vertical_slab
[12May2025 05:36:47.570] [main/DEBUG] [quark-zeta/]: Registering to minecraft:block - quark:magenta_shingles_vertical_slab
[12May2025 05:36:47.570] [main/DEBUG] [quark-zeta/]: Registering to minecraft:block - quark:light_blue_shingles_vertical_slab
[12May2025 05:36:47.570] [main/DEBUG] [quark-zeta/]: Registering to minecraft:block - quark:yellow_shingles_vertical_slab
[12May2025 05:36:47.570] [main/DEBUG] [quark-zeta/]: Registering to minecraft:block - quark:lime_shingles_vertical_slab
[12May2025 05:36:47.570] [main/DEBUG] [quark-zeta/]: Registering to minecraft:block - quark:pink_shingles_vertical_slab
[12May2025 05:36:47.570] [main/DEBUG] [quark-zeta/]: Registering to minecraft:block - quark:gray_shingles_vertical_slab
[12May2025 05:36:47.570] [main/DEBUG] [quark-zeta/]: Registering to minecraft:block - quark:light_gray_shingles_vertical_slab
[12May2025 05:36:47.570] [main/DEBUG] [quark-zeta/]: Registering to minecraft:block - quark:cyan_shingles_vertical_slab
[12May2025 05:36:47.571] [main/DEBUG] [quark-zeta/]: Registering to minecraft:block - quark:purple_shingles_vertical_slab
[12May2025 05:36:47.571] [main/DEBUG] [quark-zeta/]: Registering to minecraft:block - quark:blue_shingles_vertical_slab
[12May2025 05:36:47.571] [main/DEBUG] [quark-zeta/]: Registering to minecraft:block - quark:brown_shingles_vertical_slab
[12May2025 05:36:47.571] [main/DEBUG] [quark-zeta/]: Registering to minecraft:block - quark:green_shingles_vertical_slab
[12May2025 05:36:47.571] [main/DEBUG] [quark-zeta/]: Registering to minecraft:block - quark:red_shingles_vertical_slab
[12May2025 05:36:47.571] [main/DEBUG] [quark-zeta/]: Registering to minecraft:block - quark:black_shingles_vertical_slab
[12May2025 05:36:47.571] [main/DEBUG] [quark-zeta/]: Registering to minecraft:block - quark:soul_sandstone_vertical_slab
[12May2025 05:36:47.571] [main/DEBUG] [quark-zeta/]: Registering to minecraft:block - quark:cut_soul_sandstone_vertical_slab
[12May2025 05:36:47.572] [main/DEBUG] [quark-zeta/]: Registering to minecraft:block - quark:smooth_soul_sandstone_vertical_slab
[12May2025 05:36:47.572] [main/DEBUG] [quark-zeta/]: Registering to minecraft:block - quark:thatch_vertical_slab
[12May2025 05:36:47.572] [main/DEBUG] [quark-zeta/]: Registering to minecraft:block - quark:calcite_vertical_slab
[12May2025 05:36:47.572] [main/DEBUG] [quark-zeta/]: Registering to minecraft:block - quark:polished_calcite_vertical_slab
[12May2025 05:36:47.572] [main/DEBUG] [quark-zeta/]: Registering to minecraft:block - quark:dripstone_block_vertical_slab
[12May2025 05:36:47.572] [main/DEBUG] [quark-zeta/]: Registering to minecraft:block - quark:polished_dripstone_vertical_slab
[12May2025 05:36:47.572] [main/DEBUG] [quark-zeta/]: Registering to minecraft:block - quark:tuff_vertical_slab
[12May2025 05:36:47.572] [main/DEBUG] [quark-zeta/]: Registering to minecraft:block - quark:polished_tuff_vertical_slab
[12May2025 05:36:47.572] [main/DEBUG] [quark-zeta/]: Registering to minecraft:block - quark:granite_bricks_vertical_slab
[12May2025 05:36:47.572] [main/DEBUG] [quark-zeta/]: Registering to minecraft:block - quark:diorite_bricks_vertical_slab
[12May2025 05:36:47.573] [main/DEBUG] [quark-zeta/]: Registering to minecraft:block - quark:andesite_bricks_vertical_slab
[12May2025 05:36:47.573] [main/DEBUG] [quark-zeta/]: Registering to minecraft:block - quark:calcite_bricks_vertical_slab
[12May2025 05:36:47.573] [main/DEBUG] [quark-zeta/]: Registering to minecraft:block - quark:dripstone_bricks_vertical_slab
[12May2025 05:36:47.573] [main/DEBUG] [quark-zeta/]: Registering to minecraft:block - quark:tuff_bricks_vertical_slab
[12May2025 05:36:47.573] [main/DEBUG] [quark-zeta/]: Registering to minecraft:block - quark:limestone_bricks_vertical_slab
[12May2025 05:36:47.573] [main/DEBUG] [quark-zeta/]: Registering to minecraft:block - quark:jasper_bricks_vertical_slab
[12May2025 05:36:47.573] [main/DEBUG] [quark-zeta/]: Registering to minecraft:block - quark:shale_bricks_vertical_slab
[12May2025 05:36:47.573] [main/DEBUG] [quark-zeta/]: Registering to minecraft:block - quark:myalite_bricks_vertical_slab
[12May2025 05:36:47.594] [main/DEBUG] [mixin/]: Mixing SelfItemDisplayTileMixin from moonlight.mixins.json into net.mehvahdjukaar.moonlight.api.block.ItemDisplayTile
[12May2025 05:36:47.881] [main/DEBUG] [mixin/]: Mixing self.SelfSpeakerBlockTileMixin from supplementaries.mixins.json into net.mehvahdjukaar.supplementaries.common.block.tiles.SpeakerBlockTile
[12May2025 05:36:47.923] [main/DEBUG] [mixin/]: Mixing accessors.ExplosionAccess from immersiveengineering.mixins.json into net.minecraft.world.level.Explosion
[12May2025 05:36:47.923] [main/DEBUG] [mixin/]: Renaming @Invoker method callAddBlockDrops(Lit/unimi/dsi/fastutil/objects/ObjectArrayList;Lnet/minecraft/world/item/ItemStack;Lnet/minecraft/core/BlockPos;)V to callAddBlockDrops_$md$5e188f$0 in immersiveengineering.mixins.json:accessors.ExplosionAccess
[12May2025 05:36:47.924] [main/DEBUG] [mixin/]: Mixing ExplosionMixin from supplementaries-common.mixins.json into net.minecraft.world.level.Explosion
[12May2025 05:36:48.004] [main/INFO] [Moonlight/]: Initialized block sets in 38ms
[12May2025 05:36:48.027] [main/DEBUG] [quark-zeta/]: Registering to minecraft:mob_effect - quark:resilience
[12May2025 05:36:48.092] [main/DEBUG] [mixin/]: Mixing impl.MixinBlockHelper from glitchcore.forge.mixins.json into glitchcore.util.BlockHelper
[12May2025 05:36:48.348] [main/DEBUG] [quark-zeta/]: Registering to minecraft:item - quark:abacus
[12May2025 05:36:48.348] [main/DEBUG] [quark-zeta/]: Registering to minecraft:item - quark:music_disc_drips
[12May2025 05:36:48.348] [main/DEBUG] [quark-zeta/]: Registering to minecraft:item - quark:music_disc_ocean
[12May2025 05:36:48.348] [main/DEBUG] [quark-zeta/]: Registering to minecraft:item - quark:music_disc_rain
[12May2025 05:36:48.348] [main/DEBUG] [quark-zeta/]: Registering to minecraft:item - quark:music_disc_wind
[12May2025 05:36:48.348] [main/DEBUG] [quark-zeta/]: Registering to minecraft:item - quark:music_disc_fire
[12May2025 05:36:48.348] [main/DEBUG] [quark-zeta/]: Registering to minecraft:item - quark:music_disc_clock
[12May2025 05:36:48.348] [main/DEBUG] [quark-zeta/]: Registering to minecraft:item - quark:music_disc_crickets
[12May2025 05:36:48.349] [main/DEBUG] [quark-zeta/]: Registering to minecraft:item - quark:music_disc_chatter
[12May2025 05:36:48.349] [main/DEBUG] [quark-zeta/]: Registering to minecraft:item - quark:ancient_tome
[12May2025 05:36:48.349] [main/DEBUG] [quark-zeta/]: Registering to minecraft:item - quark:ancient_log
[12May2025 05:36:48.349] [main/DEBUG] [quark-zeta/]: Registering to minecraft:item - quark:hollow_ancient_log
[12May2025 05:36:48.349] [main/DEBUG] [quark-zeta/]: Registering to minecraft:item - quark:ancient_wood
[12May2025 05:36:48.349] [main/DEBUG] [quark-zeta/]: Registering to minecraft:item - quark:stripped_ancient_log
[12May2025 05:36:48.349] [main/DEBUG] [quark-zeta/]: Registering to minecraft:item - quark:stripped_ancient_wood
[12May2025 05:36:48.349] [main/DEBUG] [quark-zeta/]: Registering to minecraft:item - quark:ancient_planks
[12May2025 05:36:48.349] [main/DEBUG] [quark-zeta/]: Registering to minecraft:item - quark:vertical_ancient_planks
[12May2025 05:36:48.350] [main/DEBUG] [quark-zeta/]: Registering to minecraft:item - quark:ancient_planks_slab
[12May2025 05:36:48.350] [main/DEBUG] [quark-zeta/]: Registering to minecraft:item - quark:ancient_planks_stairs
[12May2025 05:36:48.350] [main/DEBUG] [quark-zeta/]: Registering to minecraft:item - quark:ancient_fence
[12May2025 05:36:48.350] [main/DEBUG] [quark-zeta/]: Registering to minecraft:item - quark:ancient_fence_gate
[12May2025 05:36:48.350] [main/DEBUG] [quark-zeta/]: Registering to minecraft:item - quark:ancient_door
[12May2025 05:36:48.350] [main/DEBUG] [quark-zeta/]: Registering to minecraft:item - quark:ancient_trapdoor
[12May2025 05:36:48.350] [main/DEBUG] [quark-zeta/]: Registering to minecraft:item - quark:ancient_pressure_plate
[12May2025 05:36:48.350] [main/DEBUG] [quark-zeta/]: Registering to minecraft:item - quark:ancient_button
[12May2025 05:36:48.350] [main/DEBUG] [quark-zeta/]: Registering to minecraft:item - quark:ancient_bookshelf
[12May2025 05:36:48.350] [main/DEBUG] [quark-zeta/]: Registering to minecraft:item - quark:ancient_ladder
[12May2025 05:36:48.350] [main/DEBUG] [quark-zeta/]: Registering to minecraft:item - quark:ancient_post
[12May2025 05:36:48.350] [main/DEBUG] [quark-zeta/]: Registering to minecraft:item - quark:stripped_ancient_post
[12May2025 05:36:48.350] [main/DEBUG] [quark-zeta/]: Registering to minecraft:item - quark:ancient_chest
[12May2025 05:36:48.350] [main/DEBUG] [quark-zeta/]: Registering to minecraft:item - quark:ancient_trapped_chest
[12May2025 05:36:48.351] [main/DEBUG] [quark-zeta/]: Registering to minecraft:item - quark:lootr_ancient_chest
[12May2025 05:36:48.351] [main/DEBUG] [quark-zeta/]: Registering to minecraft:item - quark:lootr_ancient_trapped_chest
[12May2025 05:36:48.351] [main/DEBUG] [quark-zeta/]: Registering to minecraft:item - quark:ancient_sign
[12May2025 05:36:48.351] [main/DEBUG] [quark-zeta/]: Registering to minecraft:item - quark:ancient_hanging_sign
[12May2025 05:36:48.351] [main/DEBUG] [quark-zeta/]: Registering to minecraft:item - quark:ancient_boat
[12May2025 05:36:48.351] [main/DEBUG] [quark-zeta/]: Registering to minecraft:item - quark:ancient_chest_boat
[12May2025 05:36:48.351] [main/DEBUG] [quark-zeta/]: Registering to minecraft:item - quark:ancient_leaves
[12May2025 05:36:48.351] [main/DEBUG] [quark-zeta/]: Registering to minecraft:item - quark:ancient_sapling
[12May2025 05:36:48.351] [main/DEBUG] [quark-zeta/]: Registering to minecraft:item - quark:ancient_fruit
[12May2025 05:36:48.351] [main/DEBUG] [quark-zeta/]: Registering to minecraft:item - quark:azalea_log
[12May2025 05:36:48.351] [main/DEBUG] [quark-zeta/]: Registering to minecraft:item - quark:hollow_azalea_log
[12May2025 05:36:48.351] [main/DEBUG] [quark-zeta/]: Registering to minecraft:item - quark:azalea_wood
[12May2025 05:36:48.352] [main/DEBUG] [quark-zeta/]: Registering to minecraft:item - quark:stripped_azalea_log
[12May2025 05:36:48.352] [main/DEBUG] [quark-zeta/]: Registering to minecraft:item - quark:stripped_azalea_wood
[12May2025 05:36:48.352] [main/DEBUG] [quark-zeta/]: Registering to minecraft:item - quark:azalea_planks
[12May2025 05:36:48.352] [main/DEBUG] [quark-zeta/]: Registering to minecraft:item - quark:vertical_azalea_planks
[12May2025 05:36:48.358] [main/DEBUG] [quark-zeta/]: Registering to minecraft:item - quark:azalea_planks_slab
[12May2025 05:36:48.358] [main/DEBUG] [quark-zeta/]: Registering to minecraft:item - quark:azalea_planks_stairs
[12May2025 05:36:48.358] [main/DEBUG] [quark-zeta/]: Registering to minecraft:item - quark:azalea_fence
[12May2025 05:36:48.358] [main/DEBUG] [quark-zeta/]: Registering to minecraft:item - quark:azalea_fence_gate
[12May2025 05:36:48.358] [main/DEBUG] [quark-zeta/]: Registering to minecraft:item - quark:azalea_door
[12May2025 05:36:48.358] [main/DEBUG] [quark-zeta/]: Registering to minecraft:item - quark:azalea_trapdoor
[12May2025 05:36:48.358] [main/DEBUG] [quark-zeta/]: Registering to minecraft:item - quark:azalea_pressure_plate
[12May2025 05:36:48.358] [main/DEBUG] [quark-zeta/]: Registering to minecraft:item - quark:azalea_button
[12May2025 05:36:48.358] [main/DEBUG] [quark-zeta/]: Registering to minecraft:item - quark:azalea_bookshelf
[12May2025 05:36:48.358] [main/DEBUG] [quark-zeta/]: Registering to minecraft:item - quark:azalea_ladder
[12May2025 05:36:48.358] [main/DEBUG] [quark-zeta/]: Registering to minecraft:item - quark:azalea_post
[12May2025 05:36:48.358] [main/DEBUG] [quark-zeta/]: Registering to minecraft:item - quark:stripped_azalea_post
[12May2025 05:36:48.359] [main/DEBUG] [quark-zeta/]: Registering to minecraft:item - quark:azalea_chest
[12May2025 05:36:48.359] [main/DEBUG] [quark-zeta/]: Registering to minecraft:item - quark:azalea_trapped_chest
[12May2025 05:36:48.359] [main/DEBUG] [quark-zeta/]: Registering to minecraft:item - quark:lootr_azalea_chest
[12May2025 05:36:48.359] [main/DEBUG] [quark-zeta/]: Registering to minecraft:item - quark:lootr_azalea_trapped_chest
[12May2025 05:36:48.359] [main/DEBUG] [quark-zeta/]: Registering to minecraft:item - quark:azalea_sign
[12May2025 05:36:48.359] [main/DEBUG] [quark-zeta/]: Registering to minecraft:item - quark:azalea_hanging_sign
[12May2025 05:36:48.359] [main/DEBUG] [quark-zeta/]: Registering to minecraft:item - quark:azalea_boat
[12May2025 05:36:48.359] [main/DEBUG] [quark-zeta/]: Registering to minecraft:item - quark:azalea_chest_boat
[12May2025 05:36:48.359] [main/DEBUG] [quark-zeta/]: Registering to minecraft:item - quark:backpack
[12May2025 05:36:48.359] [main/DEBUG] [quark-zeta/]: Registering to minecraft:item - quark:ravager_hide
[12May2025 05:36:48.359] [main/DEBUG] [quark-zeta/]: Registering to minecraft:item - quark:bonded_ravager_hide
[12May2025 05:36:48.359] [main/DEBUG] [quark-zeta/]: Registering to minecraft:item - quark:blossom_log
[12May2025 05:36:48.359] [main/DEBUG] [quark-zeta/]: Registering to minecraft:item - quark:hollow_blossom_log
[12May2025 05:36:48.359] [main/DEBUG] [quark-zeta/]: Registering to minecraft:item - quark:blossom_wood
[12May2025 05:36:48.359] [main/DEBUG] [quark-zeta/]: Registering to minecraft:item - quark:stripped_blossom_log
[12May2025 05:36:48.359] [main/DEBUG] [quark-zeta/]: Registering to minecraft:item - quark:stripped_blossom_wood
[12May2025 05:36:48.359] [main/DEBUG] [quark-zeta/]: Registering to minecraft:item - quark:blossom_planks
[12May2025 05:36:48.359] [main/DEBUG] [quark-zeta/]: Registering to minecraft:item - quark:vertical_blossom_planks
[12May2025 05:36:48.359] [main/DEBUG] [quark-zeta/]: Registering to minecraft:item - quark:blossom_planks_slab
[12May2025 05:36:48.360] [main/DEBUG] [quark-zeta/]: Registering to minecraft:item - quark:blossom_planks_stairs
[12May2025 05:36:48.360] [main/DEBUG] [quark-zeta/]: Registering to minecraft:item - quark:blossom_fence
[12May2025 05:36:48.360] [main/DEBUG] [quark-zeta/]: Registering to minecraft:item - quark:blossom_fence_gate
[12May2025 05:36:48.360] [main/DEBUG] [quark-zeta/]: Registering to minecraft:item - quark:blossom_door
[12May2025 05:36:48.360] [main/DEBUG] [quark-zeta/]: Registering to minecraft:item - quark:blossom_trapdoor
[12May2025 05:36:48.364] [main/DEBUG] [quark-zeta/]: Registering to minecraft:item - quark:blossom_pressure_plate
[12May2025 05:36:48.364] [main/DEBUG] [quark-zeta/]: Registering to minecraft:item - quark:blossom_button
[12May2025 05:36:48.364] [main/DEBUG] [quark-zeta/]: Registering to minecraft:item - quark:blossom_bookshelf
[12May2025 05:36:48.364] [main/DEBUG] [quark-zeta/]: Registering to minecraft:item - quark:blossom_ladder
[12May2025 05:36:48.364] [main/DEBUG] [quark-zeta/]: Registering to minecraft:item - quark:blossom_post
[12May2025 05:36:48.364] [main/DEBUG] [quark-zeta/]: Registering to minecraft:item - quark:stripped_blossom_post
[12May2025 05:36:48.364] [main/DEBUG] [quark-zeta/]: Registering to minecraft:item - quark:blossom_chest
[12May2025 05:36:48.364] [main/DEBUG] [quark-zeta/]: Registering to minecraft:item - quark:blossom_trapped_chest
[12May2025 05:36:48.364] [main/DEBUG] [quark-zeta/]: Registering to minecraft:item - quark:lootr_blossom_chest
[12May2025 05:36:48.364] [main/DEBUG] [quark-zeta/]: Registering to minecraft:item - quark:lootr_blossom_trapped_chest
[12May2025 05:36:48.364] [main/DEBUG] [quark-zeta/]: Registering to minecraft:item - quark:blossom_sign
[12May2025 05:36:48.364] [main/DEBUG] [quark-zeta/]: Registering to minecraft:item - quark:blossom_hanging_sign
[12May2025 05:36:48.365] [main/DEBUG] [quark-zeta/]: Registering to minecraft:item - quark:blossom_boat
[12May2025 05:36:48.365] [main/DEBUG] [quark-zeta/]: Registering to minecraft:item - quark:blossom_chest_boat
[12May2025 05:36:48.365] [main/DEBUG] [quark-zeta/]: Registering to minecraft:item - quark:blue_blossom_leaves
[12May2025 05:36:48.365] [main/DEBUG] [quark-zeta/]: Registering to minecraft:item - quark:blue_blossom_sapling
[12May2025 05:36:48.365] [main/DEBUG] [quark-zeta/]: Registering to minecraft:item - quark:lavender_blossom_leaves
[12May2025 05:36:48.365] [main/DEBUG] [quark-zeta/]: Registering to minecraft:item - quark:lavender_blossom_sapling
[12May2025 05:36:48.365] [main/DEBUG] [quark-zeta/]: Registering to minecraft:item - quark:orange_blossom_leaves
[12May2025 05:36:48.365] [main/DEBUG] [quark-zeta/]: Registering to minecraft:item - quark:orange_blossom_sapling
[12May2025 05:36:48.365] [main/DEBUG] [quark-zeta/]: Registering to minecraft:item - quark:yellow_blossom_leaves
[12May2025 05:36:48.365] [main/DEBUG] [quark-zeta/]: Registering to minecraft:item - quark:yellow_blossom_sapling
[12May2025 05:36:48.365] [main/DEBUG] [quark-zeta/]: Registering to minecraft:item - quark:red_blossom_leaves
[12May2025 05:36:48.365] [main/DEBUG] [quark-zeta/]: Registering to minecraft:item - quark:red_blossom_sapling
[12May2025 05:36:48.365] [main/DEBUG] [quark-zeta/]: Registering to minecraft:item - quark:cloud
[12May2025 05:36:48.365] [main/DEBUG] [quark-zeta/]: Registering to minecraft:item - quark:bottled_cloud
[12May2025 05:36:48.365] [main/DEBUG] [quark-zeta/]: Registering to minecraft:item - quark:stone_lamp
[12May2025 05:36:48.365] [main/DEBUG] [quark-zeta/]: Registering to minecraft:item - quark:stone_brick_lamp
[12May2025 05:36:48.365] [main/DEBUG] [quark-zeta/]: Registering to minecraft:item - quark:chorus_weeds
[12May2025 05:36:48.365] [main/DEBUG] [quark-zeta/]: Registering to minecraft:item - quark:chorus_twist
[12May2025 05:36:48.365] [main/DEBUG] [quark-zeta/]: Registering to minecraft:item - quark:chute
[12May2025 05:36:48.365] [main/DEBUG] [quark-zeta/]: Registering to minecraft:item - quark:smithing_template_rune
[12May2025 05:36:48.365] [main/DEBUG] [quark-zeta/]: Registering to minecraft:item - quark:charcoal_block
[12May2025 05:36:48.365] [main/DEBUG] [quark-zeta/]: Registering to minecraft:item - quark:sugar_cane_block
[12May2025 05:36:48.366] [main/DEBUG] [quark-zeta/]: Registering to minecraft:item - quark:cactus_block
[12May2025 05:36:48.366] [main/DEBUG] [quark-zeta/]: Registering to minecraft:item - quark:chorus_fruit_block
[12May2025 05:36:48.366] [main/DEBUG] [quark-zeta/]: Registering to minecraft:item - quark:stick_block
[12May2025 05:36:48.366] [main/DEBUG] [quark-zeta/]: Registering to minecraft:item - quark:golden_apple_crate
[12May2025 05:36:48.366] [main/DEBUG] [quark-zeta/]: Registering to minecraft:item - quark:apple_crate
[12May2025 05:36:48.366] [main/DEBUG] [quark-zeta/]: Registering to minecraft:item - quark:potato_crate
[12May2025 05:36:48.368] [main/DEBUG] [quark-zeta/]: Registering to minecraft:item - quark:carrot_crate
[12May2025 05:36:48.368] [main/DEBUG] [quark-zeta/]: Registering to minecraft:item - quark:golden_carrot_crate
[12May2025 05:36:48.368] [main/DEBUG] [quark-zeta/]: Registering to minecraft:item - quark:beetroot_crate
[12May2025 05:36:48.368] [main/DEBUG] [quark-zeta/]: Registering to minecraft:item - quark:cocoa_beans_sack
[12May2025 05:36:48.368] [main/DEBUG] [quark-zeta/]: Registering to minecraft:item - quark:nether_wart_sack
[12May2025 05:36:48.368] [main/DEBUG] [quark-zeta/]: Registering to minecraft:item - quark:gunpowder_sack
[12May2025 05:36:48.368] [main/DEBUG] [quark-zeta/]: Registering to minecraft:item - quark:berry_sack
[12May2025 05:36:48.369] [main/DEBUG] [quark-zeta/]: Registering to minecraft:item - quark:glowberry_sack
[12May2025 05:36:48.369] [main/DEBUG] [quark-zeta/]: Registering to minecraft:item - quark:blaze_lantern
[12May2025 05:36:48.369] [main/DEBUG] [quark-zeta/]: Registering to minecraft:item - quark:bonded_leather
[12May2025 05:36:48.369] [main/DEBUG] [quark-zeta/]: Registering to minecraft:item - quark:bonded_rabbit_hide
[12May2025 05:36:48.369] [main/DEBUG] [quark-zeta/]: Registering to minecraft:item - quark:red_corundum
[12May2025 05:36:48.369] [main/DEBUG] [quark-zeta/]: Registering to minecraft:item - quark:waxed_red_corundum
[12May2025 05:36:48.369] [main/DEBUG] [quark-zeta/]: Registering to minecraft:item - quark:red_corundum_pane
[12May2025 05:36:48.369] [main/DEBUG] [quark-zeta/]: Registering to minecraft:item - quark:red_corundum_cluster
[12May2025 05:36:48.369] [main/DEBUG] [quark-zeta/]: Registering to minecraft:item - quark:orange_corundum
[12May2025 05:36:48.369] [main/DEBUG] [quark-zeta/]: Registering to minecraft:item - quark:waxed_orange_corundum
[12May2025 05:36:48.369] [main/DEBUG] [quark-zeta/]: Registering to minecraft:item - quark:orange_corundum_pane
[12May2025 05:36:48.369] [main/DEBUG] [quark-zeta/]: Registering to minecraft:item - quark:orange_corundum_cluster
[12May2025 05:36:48.369] [main/DEBUG] [quark-zeta/]: Registering to minecraft:item - quark:yellow_corundum
[12May2025 05:36:48.369] [main/DEBUG] [quark-zeta/]: Registering to minecraft:item - quark:waxed_yellow_corundum
[12May2025 05:36:48.369] [main/DEBUG] [quark-zeta/]: Registering to minecraft:item - quark:yellow_corundum_pane
[12May2025 05:36:48.369] [main/DEBUG] [quark-zeta/]: Registering to minecraft:item - quark:yellow_corundum_cluster
[12May2025 05:36:48.369] [main/DEBUG] [quark-zeta/]: Registering to minecraft:item - quark:green_corundum
[12May2025 05:36:48.370] [main/DEBUG] [quark-zeta/]: Registering to minecraft:item - quark:waxed_green_corundum
[12May2025 05:36:48.370] [main/DEBUG] [quark-zeta/]: Registering to minecraft:item - quark:green_corundum_pane
[12May2025 05:36:48.370] [main/DEBUG] [quark-zeta/]: Registering to minecraft:item - quark:green_corundum_cluster
[12May2025 05:36:48.370] [main/DEBUG] [quark-zeta/]: Registering to minecraft:item - quark:blue_corundum
[12May2025 05:36:48.370] [main/DEBUG] [quark-zeta/]: Registering to minecraft:item - quark:waxed_blue_corundum
[12May2025 05:36:48.370] [main/DEBUG] [quark-zeta/]: Registering to minecraft:item - quark:blue_corundum_pane
[12May2025 05:36:48.370] [main/DEBUG] [quark-zeta/]: Registering to minecraft:item - quark:blue_corundum_cluster
[12May2025 05:36:48.370] [main/DEBUG] [quark-zeta/]: Registering to minecraft:item - quark:indigo_corundum
[12May2025 05:36:48.370] [main/DEBUG] [quark-zeta/]: Registering to minecraft:item - quark:waxed_indigo_corundum
[12May2025 05:36:48.370] [main/DEBUG] [quark-zeta/]: Registering to minecraft:item - quark:indigo_corundum_pane
[12May2025 05:36:48.370] [main/DEBUG] [quark-zeta/]: Registering to minecraft:item - quark:indigo_corundum_cluster
[12May2025 05:36:48.370] [main/DEBUG] [quark-zeta/]: Registering to minecraft:item - quark:violet_corundum
[12May2025 05:36:48.370] [main/DEBUG] [quark-zeta/]: Registering to minecraft:item - quark:waxed_violet_corundum
[12May2025 05:36:48.370] [main/DEBUG] [quark-zeta/]: Registering to minecraft:item - quark:violet_corundum_pane
[12May2025 05:36:48.370] [main/DEBUG] [quark-zeta/]: Registering to minecraft:item - quark:violet_corundum_cluster
[12May2025 05:36:48.370] [main/DEBUG] [quark-zeta/]: Registering to minecraft:item - quark:white_corundum
[12May2025 05:36:48.370] [main/DEBUG] [quark-zeta/]: Registering to minecraft:item - quark:waxed_white_corundum
[12May2025 05:36:48.370] [main/DEBUG] [quark-zeta/]: Registering to minecraft:item - quark:white_corundum_pane
[12May2025 05:36:48.371] [main/DEBUG] [quark-zeta/]: Registering to minecraft:item - quark:white_corundum_cluster
[12May2025 05:36:48.371] [main/DEBUG] [quark-zeta/]: Registering to minecraft:item - quark:black_corundum
[12May2025 05:36:48.371] [main/DEBUG] [quark-zeta/]: Registering to minecraft:item - quark:waxed_black_corundum
[12May2025 05:36:48.371] [main/DEBUG] [quark-zeta/]: Registering to minecraft:item - quark:black_corundum_pane
[12May2025 05:36:48.371] [main/DEBUG] [quark-zeta/]: Registering to minecraft:item - quark:black_corundum_cluster
[12May2025 05:36:48.371] [main/DEBUG] [quark-zeta/]: Registering to minecraft:item - quark:crab_leg
[12May2025 05:36:48.371] [main/DEBUG] [quark-zeta/]: Registering to minecraft:item - quark:cooked_crab_leg
[12May2025 05:36:48.371] [main/DEBUG] [quark-zeta/]: Registering to minecraft:item - quark:crab_shell
[12May2025 05:36:48.371] [main/DEBUG] [quark-zeta/]: Registering to minecraft:item - quark:crab_bucket
[12May2025 05:36:48.371] [main/DEBUG] [quark-zeta/]: Registering to minecraft:item - quark:crab_spawn_egg
[12May2025 05:36:48.371] [main/DEBUG] [quark-zeta/]: Registering to minecraft:item - quark:crafter
[12May2025 05:36:48.371] [main/DEBUG] [quark-zeta/]: Registering to minecraft:item - quark:crate
[12May2025 05:36:48.371] [main/DEBUG] [quark-zeta/]: Registering to minecraft:item - quark:dragon_scale
[12May2025 05:36:48.371] [main/DEBUG] [quark-zeta/]: Registering to minecraft:item - quark:duskbound_block
[12May2025 05:36:48.371] [main/DEBUG] [quark-zeta/]: Registering to minecraft:item - quark:duskbound_lantern
[12May2025 05:36:48.371] [main/DEBUG] [quark-zeta/]: Registering to minecraft:item - quark:duskbound_block_slab
[12May2025 05:36:48.371] [main/DEBUG] [quark-zeta/]: Registering to minecraft:item - quark:duskbound_block_stairs
[12May2025 05:36:48.371] [main/DEBUG] [quark-zeta/]: Registering to minecraft:item - quark:ender_watcher
[12May2025 05:36:48.371] [main/DEBUG] [quark-zeta/]: Registering to minecraft:item - quark:music_disc_endermosh
[12May2025 05:36:48.372] [main/DEBUG] [quark-zeta/]: Registering to minecraft:item - quark:feeding_trough
[12May2025 05:36:48.372] [main/DEBUG] [quark-zeta/]: Registering to minecraft:item - quark:forgotten_hat
[12May2025 05:36:48.372] [main/DEBUG] [quark-zeta/]: Registering to minecraft:item - quark:forgotten_spawn_egg
[12May2025 05:36:48.372] [main/DEBUG] [quark-zeta/]: Registering to minecraft:item - quark:foxhound_spawn_egg
[12May2025 05:36:48.372] [main/DEBUG] [quark-zeta/]: Registering to minecraft:item - quark:framed_glass
[12May2025 05:36:48.372] [main/DEBUG] [quark-zeta/]: Registering to minecraft:item - quark:framed_glass_pane
[12May2025 05:36:48.372] [main/DEBUG] [quark-zeta/]: Registering to minecraft:item - quark:white_framed_glass
[12May2025 05:36:48.372] [main/DEBUG] [quark-zeta/]: Registering to minecraft:item - quark:light_gray_framed_glass
[12May2025 05:36:48.372] [main/DEBUG] [quark-zeta/]: Registering to minecraft:item - quark:gray_framed_glass
[12May2025 05:36:48.372] [main/DEBUG] [quark-zeta/]: Registering to minecraft:item - quark:black_framed_glass
[12May2025 05:36:48.372] [main/DEBUG] [quark-zeta/]: Registering to minecraft:item - quark:brown_framed_glass
[12May2025 05:36:48.372] [main/DEBUG] [quark-zeta/]: Registering to minecraft:item - quark:red_framed_glass
[12May2025 05:36:48.372] [main/DEBUG] [quark-zeta/]: Registering to minecraft:item - quark:orange_framed_glass
[12May2025 05:36:48.372] [main/DEBUG] [quark-zeta/]: Registering to minecraft:item - quark:yellow_framed_glass
[12May2025 05:36:48.372] [main/DEBUG] [quark-zeta/]: Registering to minecraft:item - quark:lime_framed_glass
[12May2025 05:36:48.372] [main/DEBUG] [quark-zeta/]: Registering to minecraft:item - quark:green_framed_glass
[12May2025 05:36:48.372] [main/DEBUG] [quark-zeta/]: Registering to minecraft:item - quark:cyan_framed_glass
[12May2025 05:36:48.372] [main/DEBUG] [quark-zeta/]: Registering to minecraft:item - quark:light_blue_framed_glass
[12May2025 05:36:48.372] [main/DEBUG] [quark-zeta/]: Registering to minecraft:item - quark:blue_framed_glass
[12May2025 05:36:48.372] [main/DEBUG] [quark-zeta/]: Registering to minecraft:item - quark:purple_framed_glass
[12May2025 05:36:48.373] [main/DEBUG] [quark-zeta/]: Registering to minecraft:item - quark:magenta_framed_glass
[12May2025 05:36:48.373] [main/DEBUG] [quark-zeta/]: Registering to minecraft:item - quark:pink_framed_glass
[12May2025 05:36:48.373] [main/DEBUG] [quark-zeta/]: Registering to minecraft:item - quark:white_framed_glass_pane
[12May2025 05:36:48.373] [main/DEBUG] [quark-zeta/]: Registering to minecraft:item - quark:light_gray_framed_glass_pane
[12May2025 05:36:48.373] [main/DEBUG] [quark-zeta/]: Registering to minecraft:item - quark:gray_framed_glass_pane
[12May2025 05:36:48.373] [main/DEBUG] [quark-zeta/]: Registering to minecraft:item - quark:black_framed_glass_pane
[12May2025 05:36:48.373] [main/DEBUG] [quark-zeta/]: Registering to minecraft:item - quark:brown_framed_glass_pane
[12May2025 05:36:48.373] [main/DEBUG] [quark-zeta/]: Registering to minecraft:item - quark:red_framed_glass_pane
[12May2025 05:36:48.373] [main/DEBUG] [quark-zeta/]: Registering to minecraft:item - quark:orange_framed_glass_pane
[12May2025 05:36:48.373] [main/DEBUG] [quark-zeta/]: Registering to minecraft:item - quark:yellow_framed_glass_pane
[12May2025 05:36:48.373] [main/DEBUG] [quark-zeta/]: Registering to minecraft:item - quark:lime_framed_glass_pane
[12May2025 05:36:48.373] [main/DEBUG] [quark-zeta/]: Registering to minecraft:item - quark:green_framed_glass_pane
[12May2025 05:36:48.373] [main/DEBUG] [quark-zeta/]: Registering to minecraft:item - quark:cyan_framed_glass_pane
[12May2025 05:36:48.373] [main/DEBUG] [quark-zeta/]: Registering to minecraft:item - quark:light_blue_framed_glass_pane
[12May2025 05:36:48.373] [main/DEBUG] [quark-zeta/]: Registering to minecraft:item - quark:blue_framed_glass_pane
[12May2025 05:36:48.373] [main/DEBUG] [quark-zeta/]: Registering to minecraft:item - quark:purple_framed_glass_pane
[12May2025 05:36:48.373] [main/DEBUG] [quark-zeta/]: Registering to minecraft:item - quark:magenta_framed_glass_pane
[12May2025 05:36:48.373] [main/DEBUG] [quark-zeta/]: Registering to minecraft:item - quark:pink_framed_glass_pane
[12May2025 05:36:48.373] [main/DEBUG] [quark-zeta/]: Registering to minecraft:item - quark:glass_item_frame
[12May2025 05:36:48.374] [main/DEBUG] [quark-zeta/]: Registering to minecraft:item - quark:glowing_glass_item_frame
[12May2025 05:36:48.374] [main/DEBUG] [quark-zeta/]: Registering to minecraft:item - quark:dirty_glass
[12May2025 05:36:48.374] [main/DEBUG] [quark-zeta/]: Registering to minecraft:item - quark:dirty_glass_pane
[12May2025 05:36:48.374] [main/DEBUG] [quark-zeta/]: Registering to minecraft:item - quark:clear_shard
[12May2025 05:36:48.374] [main/DEBUG] [quark-zeta/]: Registering to minecraft:item - quark:dirty_shard
[12May2025 05:36:48.374] [main/DEBUG] [quark-zeta/]: Registering to minecraft:item - quark:white_shard
[12May2025 05:36:48.374] [main/DEBUG] [quark-zeta/]: Registering to minecraft:item - quark:light_gray_shard
[12May2025 05:36:48.374] [main/DEBUG] [quark-zeta/]: Registering to minecraft:item - quark:gray_shard
[12May2025 05:36:48.374] [main/DEBUG] [quark-zeta/]: Registering to minecraft:item - quark:black_shard
[12May2025 05:36:48.374] [main/DEBUG] [quark-zeta/]: Registering to minecraft:item - quark:brown_shard
[12May2025 05:36:48.374] [main/DEBUG] [quark-zeta/]: Registering to minecraft:item - quark:red_shard
[12May2025 05:36:48.376] [main/DEBUG] [quark-zeta/]: Registering to minecraft:item - quark:orange_shard
[12May2025 05:36:48.376] [main/DEBUG] [quark-zeta/]: Registering to minecraft:item - quark:yellow_shard
[12May2025 05:36:48.376] [main/DEBUG] [quark-zeta/]: Registering to minecraft:item - quark:lime_shard
[12May2025 05:36:48.376] [main/DEBUG] [quark-zeta/]: Registering to minecraft:item - quark:green_shard
[12May2025 05:36:48.376] [main/DEBUG] [quark-zeta/]: Registering to minecraft:item - quark:cyan_shard
[12May2025 05:36:48.376] [main/DEBUG] [quark-zeta/]: Registering to minecraft:item - quark:light_blue_shard
[12May2025 05:36:48.376] [main/DEBUG] [quark-zeta/]: Registering to minecraft:item - quark:blue_shard
[12May2025 05:36:48.376] [main/DEBUG] [quark-zeta/]: Registering to minecraft:item - quark:purple_shard
[12May2025 05:36:48.376] [main/DEBUG] [quark-zeta/]: Registering to minecraft:item - quark:magenta_shard
[12May2025 05:36:48.376] [main/DEBUG] [quark-zeta/]: Registering to minecraft:item - quark:pink_shard
[12May2025 05:36:48.376] [main/DEBUG] [quark-zeta/]: Registering to minecraft:item - quark:glow_shroom
[12May2025 05:36:48.376] [main/DEBUG] [quark-zeta/]: Registering to minecraft:item - quark:glow_shroom_block
[12May2025 05:36:48.376] [main/DEBUG] [quark-zeta/]: Registering to minecraft:item - quark:glow_shroom_stem
[12May2025 05:36:48.376] [main/DEBUG] [quark-zeta/]: Registering to minecraft:item - quark:glow_shroom_ring
[12May2025 05:36:48.376] [main/DEBUG] [quark-zeta/]: Registering to minecraft:item - quark:glow_lichen_growth
[12May2025 05:36:48.376] [main/DEBUG] [quark-zeta/]: Registering to minecraft:item - quark:gold_bars
[12May2025 05:36:48.376] [main/DEBUG] [quark-zeta/]: Registering to minecraft:item - quark:grate
[12May2025 05:36:48.376] [main/DEBUG] [quark-zeta/]: Registering to minecraft:item - quark:gravisand
[12May2025 05:36:48.376] [main/DEBUG] [quark-zeta/]: Registering to minecraft:item - quark:oak_hedge
[12May2025 05:36:48.376] [main/DEBUG] [quark-zeta/]: Registering to minecraft:item - quark:spruce_hedge
[12May2025 05:36:48.377] [main/DEBUG] [quark-zeta/]: Registering to minecraft:item - quark:birch_hedge
[12May2025 05:36:48.377] [main/DEBUG] [quark-zeta/]: Registering to minecraft:item - quark:jungle_hedge
[12May2025 05:36:48.377] [main/DEBUG] [quark-zeta/]: Registering to minecraft:item - quark:acacia_hedge
[12May2025 05:36:48.377] [main/DEBUG] [quark-zeta/]: Registering to minecraft:item - quark:dark_oak_hedge
[12May2025 05:36:48.377] [main/DEBUG] [quark-zeta/]: Registering to minecraft:item - quark:mangrove_hedge
[12May2025 05:36:48.377] [main/DEBUG] [quark-zeta/]: Registering to minecraft:item - quark:cherry_hedge
[12May2025 05:36:48.377] [main/DEBUG] [quark-zeta/]: Registering to minecraft:item - quark:azalea_hedge
[12May2025 05:36:48.377] [main/DEBUG] [quark-zeta/]: Registering to minecraft:item - quark:flowering_azalea_hedge
[12May2025 05:36:48.377] [main/DEBUG] [quark-zeta/]: Registering to minecraft:item - quark:hollow_oak_log
[12May2025 05:36:48.377] [main/DEBUG] [quark-zeta/]: Registering to minecraft:item - quark:hollow_spruce_log
[12May2025 05:36:48.377] [main/DEBUG] [quark-zeta/]: Registering to minecraft:item - quark:hollow_birch_log
[12May2025 05:36:48.377] [main/DEBUG] [quark-zeta/]: Registering to minecraft:item - quark:hollow_jungle_log
[12May2025 05:36:48.377] [main/DEBUG] [quark-zeta/]: Registering to minecraft:item - quark:hollow_acacia_log
[12May2025 05:36:48.377] [main/DEBUG] [quark-zeta/]: Registering to minecraft:item - quark:hollow_dark_oak_log
[12May2025 05:36:48.377] [main/DEBUG] [quark-zeta/]: Registering to minecraft:item - quark:hollow_crimson_stem
[12May2025 05:36:48.377] [main/DEBUG] [quark-zeta/]: Registering to minecraft:item - quark:hollow_warped_stem
[12May2025 05:36:48.377] [main/DEBUG] [quark-zeta/]: Registering to minecraft:item - quark:hollow_mangrove_log
[12May2025 05:36:48.377] [main/DEBUG] [quark-zeta/]: Registering to minecraft:item - quark:hollow_cherry_log
[12May2025 05:36:48.377] [main/DEBUG] [quark-zeta/]: Registering to minecraft:item - quark:iron_plate
[12May2025 05:36:48.377] [main/DEBUG] [quark-zeta/]: Registering to minecraft:item - quark:rusty_iron_plate
[12May2025 05:36:48.378] [main/DEBUG] [quark-zeta/]: Registering to minecraft:item - quark:iron_pillar
[12May2025 05:36:48.378] [main/DEBUG] [quark-zeta/]: Registering to minecraft:item - quark:iron_plate_slab
[12May2025 05:36:48.378] [main/DEBUG] [quark-zeta/]: Registering to minecraft:item - quark:iron_plate_stairs
[12May2025 05:36:48.378] [main/DEBUG] [quark-zeta/]: Registering to minecraft:item - quark:rusty_iron_plate_slab
[12May2025 05:36:48.378] [main/DEBUG] [quark-zeta/]: Registering to minecraft:item - quark:rusty_iron_plate_stairs
[12May2025 05:36:48.378] [main/DEBUG] [quark-zeta/]: Registering to minecraft:item - quark:iron_ladder
[12May2025 05:36:48.378] [main/DEBUG] [quark-zeta/]: Registering to minecraft:item - quark:iron_rod
[12May2025 05:36:48.378] [main/DEBUG] [quark-zeta/]: Registering to minecraft:item - quark:paper_lantern
[12May2025 05:36:48.378] [main/DEBUG] [quark-zeta/]: Registering to minecraft:item - quark:paper_lantern_sakura
[12May2025 05:36:48.378] [main/DEBUG] [quark-zeta/]: Registering to minecraft:item - quark:paper_wall
[12May2025 05:36:48.378] [main/DEBUG] [quark-zeta/]: Registering to minecraft:item - quark:paper_wall_big
[12May2025 05:36:48.378] [main/DEBUG] [quark-zeta/]: Registering to minecraft:item - quark:paper_wall_sakura
[12May2025 05:36:48.378] [main/DEBUG] [quark-zeta/]: Registering to minecraft:item - quark:bamboo_mat
[12May2025 05:36:48.378] [main/DEBUG] [quark-zeta/]: Registering to minecraft:item - quark:bamboo_mat_carpet
[12May2025 05:36:48.378] [main/DEBUG] [quark-zeta/]: Registering to minecraft:item - quark:oak_leaf_carpet
[12May2025 05:36:48.378] [main/DEBUG] [quark-zeta/]: Registering to minecraft:item - quark:spruce_leaf_carpet
[12May2025 05:36:48.378] [main/DEBUG] [quark-zeta/]: Registering to minecraft:item - quark:birch_leaf_carpet
[12May2025 05:36:48.378] [main/DEBUG] [quark-zeta/]: Registering to minecraft:item - quark:jungle_leaf_carpet
[12May2025 05:36:48.378] [main/DEBUG] [quark-zeta/]: Registering to minecraft:item - quark:acacia_leaf_carpet
[12May2025 05:36:48.378] [main/DEBUG] [quark-zeta/]: Registering to minecraft:item - quark:dark_oak_leaf_carpet
[12May2025 05:36:48.379] [main/DEBUG] [quark-zeta/]: Registering to minecraft:item - quark:mangrove_leaf_carpet
[12May2025 05:36:48.379] [main/DEBUG] [quark-zeta/]: Registering to minecraft:item - quark:cherry_leaf_carpet
[12May2025 05:36:48.379] [main/DEBUG] [quark-zeta/]: Registering to minecraft:item - quark:azalea_leaf_carpet
[12May2025 05:36:48.379] [main/DEBUG] [quark-zeta/]: Registering to minecraft:item - quark:flowering_azalea_leaf_carpet
[12May2025 05:36:48.379] [main/DEBUG] [quark-zeta/]: Registering to minecraft:item - quark:magnet
[12May2025 05:36:48.379] [main/DEBUG] [quark-zeta/]: Registering to minecraft:item - quark:magnetized_block
[12May2025 05:36:48.379] [main/DEBUG] [quark-zeta/]: Registering to minecraft:item - quark:matrix_enchanter
[12May2025 05:36:48.379] [main/DEBUG] [quark-zeta/]: Registering to minecraft:item - quark:iron_button
[12May2025 05:36:48.379] [main/DEBUG] [quark-zeta/]: Registering to minecraft:item - quark:gold_button
[12May2025 05:36:48.379] [main/DEBUG] [quark-zeta/]: Registering to minecraft:item - quark:moss_paste
[12May2025 05:36:48.379] [main/DEBUG] [quark-zeta/]: Registering to minecraft:item - quark:midori_block
[12May2025 05:36:48.379] [main/DEBUG] [quark-zeta/]: Registering to minecraft:item - quark:midori_pillar
[12May2025 05:36:48.379] [main/DEBUG] [quark-zeta/]: Registering to minecraft:item - quark:midori_block_slab
[12May2025 05:36:48.379] [main/DEBUG] [quark-zeta/]: Registering to minecraft:item - quark:midori_block_stairs
[12May2025 05:36:48.379] [main/DEBUG] [quark-zeta/]: Registering to minecraft:item - quark:monster_box
[12May2025 05:36:48.379] [main/DEBUG] [quark-zeta/]: Registering to minecraft:item - quark:blue_nether_bricks
[12May2025 05:36:48.379] [main/DEBUG] [quark-zeta/]: Registering to minecraft:item - quark:blue_nether_bricks_wall
[12May2025 05:36:48.379] [main/DEBUG] [quark-zeta/]: Registering to minecraft:item - quark:blue_nether_bricks_slab
[12May2025 05:36:48.379] [main/DEBUG] [quark-zeta/]: Registering to minecraft:item - quark:blue_nether_bricks_stairs
[12May2025 05:36:48.380] [main/DEBUG] [quark-zeta/]: Registering to minecraft:item - quark:sandstone_bricks
[12May2025 05:36:48.380] [main/DEBUG] [quark-zeta/]: Registering to minecraft:item - quark:sandstone_bricks_wall
[12May2025 05:36:48.380] [main/DEBUG] [quark-zeta/]: Registering to minecraft:item - quark:sandstone_bricks_slab
[12May2025 05:36:48.380] [main/DEBUG] [quark-zeta/]: Registering to minecraft:item - quark:sandstone_bricks_stairs
[12May2025 05:36:48.380] [main/DEBUG] [quark-zeta/]: Registering to minecraft:item - quark:red_sandstone_bricks
[12May2025 05:36:48.380] [main/DEBUG] [quark-zeta/]: Registering to minecraft:item - quark:red_sandstone_bricks_wall
[12May2025 05:36:48.380] [main/DEBUG] [quark-zeta/]: Registering to minecraft:item - quark:red_sandstone_bricks_slab
[12May2025 05:36:48.380] [main/DEBUG] [quark-zeta/]: Registering to minecraft:item - quark:red_sandstone_bricks_stairs
[12May2025 05:36:48.380] [main/DEBUG] [quark-zeta/]: Registering to minecraft:item - quark:soul_sandstone_bricks
[12May2025 05:36:48.380] [main/DEBUG] [quark-zeta/]: Registering to minecraft:item - quark:soul_sandstone_bricks_wall
[12May2025 05:36:48.380] [main/DEBUG] [quark-zeta/]: Registering to minecraft:item - quark:soul_sandstone_bricks_slab
[12May2025 05:36:48.380] [main/DEBUG] [quark-zeta/]: Registering to minecraft:item - quark:soul_sandstone_bricks_stairs
[12May2025 05:36:48.380] [main/DEBUG] [quark-zeta/]: Registering to minecraft:item - quark:cobblestone_bricks
[12May2025 05:36:48.380] [main/DEBUG] [quark-zeta/]: Registering to minecraft:item - quark:cobblestone_bricks_wall
[12May2025 05:36:48.380] [main/DEBUG] [quark-zeta/]: Registering to minecraft:item - quark:cobblestone_bricks_slab
[12May2025 05:36:48.380] [main/DEBUG] [quark-zeta/]: Registering to minecraft:item - quark:cobblestone_bricks_stairs
[12May2025 05:36:48.380] [main/DEBUG] [quark-zeta/]: Registering to minecraft:item - quark:mossy_cobblestone_bricks
[12May2025 05:36:48.380] [main/DEBUG] [quark-zeta/]: Registering to minecraft:item - quark:mossy_cobblestone_bricks_wall
[12May2025 05:36:48.380] [main/DEBUG] [quark-zeta/]: Registering to minecraft:item - quark:mossy_cobblestone_bricks_slab
[12May2025 05:36:48.381] [main/DEBUG] [quark-zeta/]: Registering to minecraft:item - quark:mossy_cobblestone_bricks_stairs
[12May2025 05:36:48.381] [main/DEBUG] [quark-zeta/]: Registering to minecraft:item - quark:blackstone_bricks
[12May2025 05:36:48.381] [main/DEBUG] [quark-zeta/]: Registering to minecraft:item - quark:blackstone_bricks_wall
[12May2025 05:36:48.381] [main/DEBUG] [quark-zeta/]: Registering to minecraft:item - quark:blackstone_bricks_slab
[12May2025 05:36:48.381] [main/DEBUG] [quark-zeta/]: Registering to minecraft:item - quark:blackstone_bricks_stairs
[12May2025 05:36:48.381] [main/DEBUG] [quark-zeta/]: Registering to minecraft:item - quark:dirt_bricks
[12May2025 05:36:48.381] [main/DEBUG] [quark-zeta/]: Registering to minecraft:item - quark:dirt_bricks_wall
[12May2025 05:36:48.381] [main/DEBUG] [quark-zeta/]: Registering to minecraft:item - quark:dirt_bricks_slab
[12May2025 05:36:48.381] [main/DEBUG] [quark-zeta/]: Registering to minecraft:item - quark:dirt_bricks_stairs
[12May2025 05:36:48.381] [main/DEBUG] [quark-zeta/]: Registering to minecraft:item - quark:netherrack_bricks
[12May2025 05:36:48.381] [main/DEBUG] [quark-zeta/]: Registering to minecraft:item - quark:netherrack_bricks_wall
[12May2025 05:36:48.381] [main/DEBUG] [quark-zeta/]: Registering to minecraft:item - quark:netherrack_bricks_slab
[12May2025 05:36:48.381] [main/DEBUG] [quark-zeta/]: Registering to minecraft:item - quark:netherrack_bricks_stairs
[12May2025 05:36:48.381] [main/DEBUG] [quark-zeta/]: Registering to minecraft:item - quark:carved_mud_bricks
[12May2025 05:36:48.381] [main/DEBUG] [quark-zeta/]: Registering to minecraft:item - quark:mud_pillar
[12May2025 05:36:48.381] [main/DEBUG] [quark-zeta/]: Registering to minecraft:item - quark:mud_brick_lattice
[12May2025 05:36:48.381] [main/DEBUG] [quark-zeta/]: Registering to minecraft:item - quark:nether_brick_fence_gate
[12May2025 05:36:48.381] [main/DEBUG] [quark-zeta/]: Registering to minecraft:item - quark:limestone
[12May2025 05:36:48.381] [main/DEBUG] [quark-zeta/]: Registering to minecraft:item - quark:polished_limestone
[12May2025 05:36:48.381] [main/DEBUG] [quark-zeta/]: Registering to minecraft:item - quark:limestone_wall
[12May2025 05:36:48.381] [main/DEBUG] [quark-zeta/]: Registering to minecraft:item - quark:limestone_slab
[12May2025 05:36:48.382] [main/DEBUG] [quark-zeta/]: Registering to minecraft:item - quark:limestone_stairs
[12May2025 05:36:48.382] [main/DEBUG] [quark-zeta/]: Registering to minecraft:item - quark:polished_limestone_slab
[12May2025 05:36:48.382] [main/DEBUG] [quark-zeta/]: Registering to minecraft:item - quark:polished_limestone_stairs
[12May2025 05:36:48.382] [main/DEBUG] [quark-zeta/]: Registering to minecraft:item - quark:jasper
[12May2025 05:36:48.382] [main/DEBUG] [quark-zeta/]: Registering to minecraft:item - quark:polished_jasper
[12May2025 05:36:48.382] [main/DEBUG] [quark-zeta/]: Registering to minecraft:item - quark:jasper_wall
[12May2025 05:36:48.382] [main/DEBUG] [quark-zeta/]: Registering to minecraft:item - quark:jasper_slab
[12May2025 05:36:48.382] [main/DEBUG] [quark-zeta/]: Registering to minecraft:item - quark:jasper_stairs
[12May2025 05:36:48.382] [main/DEBUG] [quark-zeta/]: Registering to minecraft:item - quark:polished_jasper_slab
[12May2025 05:36:48.382] [main/DEBUG] [quark-zeta/]: Registering to minecraft:item - quark:polished_jasper_stairs
[12May2025 05:36:48.382] [main/DEBUG] [quark-zeta/]: Registering to minecraft:item - quark:shale
[12May2025 05:36:48.382] [main/DEBUG] [quark-zeta/]: Registering to minecraft:item - quark:polished_shale
[12May2025 05:36:48.382] [main/DEBUG] [quark-zeta/]: Registering to minecraft:item - quark:shale_wall
[12May2025 05:36:48.382] [main/DEBUG] [quark-zeta/]: Registering to minecraft:item - quark:shale_slab
[12May2025 05:36:48.382] [main/DEBUG] [quark-zeta/]: Registering to minecraft:item - quark:shale_stairs
[12May2025 05:36:48.382] [main/DEBUG] [quark-zeta/]: Registering to minecraft:item - quark:polished_shale_slab
[12May2025 05:36:48.382] [main/DEBUG] [quark-zeta/]: Registering to minecraft:item - quark:polished_shale_stairs
[12May2025 05:36:48.383] [main/DEBUG] [quark-zeta/]: Registering to minecraft:item - quark:myalite
[12May2025 05:36:48.383] [main/DEBUG] [quark-zeta/]: Registering to minecraft:item - quark:polished_myalite
[12May2025 05:36:48.383] [main/DEBUG] [quark-zeta/]: Registering to minecraft:item - quark:myalite_wall
[12May2025 05:36:48.383] [main/DEBUG] [quark-zeta/]: Registering to minecraft:item - quark:myalite_slab
[12May2025 05:36:48.383] [main/DEBUG] [quark-zeta/]: Registering to minecraft:item - quark:myalite_stairs
[12May2025 05:36:48.383] [main/DEBUG] [quark-zeta/]: Registering to minecraft:item - quark:polished_myalite_slab
[12May2025 05:36:48.383] [main/DEBUG] [quark-zeta/]: Registering to minecraft:item - quark:polished_myalite_stairs
[12May2025 05:36:48.383] [main/DEBUG] [quark-zeta/]: Registering to minecraft:item - quark:obsidian_pressure_plate
[12May2025 05:36:48.383] [main/DEBUG] [quark-zeta/]: Registering to minecraft:item - quark:egg_parrot_red_blue
[12May2025 05:36:48.383] [main/DEBUG] [quark-zeta/]: Registering to minecraft:item - quark:egg_parrot_blue
[12May2025 05:36:48.383] [main/DEBUG] [quark-zeta/]: Registering to minecraft:item - quark:egg_parrot_green
[12May2025 05:36:48.383] [main/DEBUG] [quark-zeta/]: Registering to minecraft:item - quark:egg_parrot_yellow_blue
[12May2025 05:36:48.383] [main/DEBUG] [quark-zeta/]: Registering to minecraft:item - quark:egg_parrot_grey
[12May2025 05:36:48.383] [main/DEBUG] [quark-zeta/]: Registering to minecraft:item - quark:pathfinders_quill
[12May2025 05:36:48.383] [main/DEBUG] [quark-zeta/]: Registering to minecraft:item - quark:permafrost
[12May2025 05:36:48.383] [main/DEBUG] [quark-zeta/]: Registering to minecraft:item - quark:permafrost_wall
[12May2025 05:36:48.383] [main/DEBUG] [quark-zeta/]: Registering to minecraft:item - quark:permafrost_slab
[12May2025 05:36:48.383] [main/DEBUG] [quark-zeta/]: Registering to minecraft:item - quark:permafrost_stairs
[12May2025 05:36:48.383] [main/DEBUG] [quark-zeta/]: Registering to minecraft:item - quark:permafrost_bricks
[12May2025 05:36:48.383] [main/DEBUG] [quark-zeta/]: Registering to minecraft:item - quark:permafrost_bricks_wall
[12May2025 05:36:48.383] [main/DEBUG] [quark-zeta/]: Registering to minecraft:item - quark:permafrost_bricks_slab
[12May2025 05:36:48.383] [main/DEBUG] [quark-zeta/]: Registering to minecraft:item - quark:permafrost_bricks_stairs
[12May2025 05:36:48.383] [main/DEBUG] [quark-zeta/]: Registering to minecraft:item - quark:pickarang
[12May2025 05:36:48.383] [main/DEBUG] [quark-zeta/]: Registering to minecraft:item - quark:flamerang
[12May2025 05:36:48.383] [main/DEBUG] [quark-zeta/]: Registering to minecraft:item - quark:pipe
[12May2025 05:36:48.383] [main/DEBUG] [quark-zeta/]: Registering to minecraft:item - quark:encased_pipe
[12May2025 05:36:48.384] [main/DEBUG] [quark-zeta/]: Registering to minecraft:item - quark:red_crystal_lamp
[12May2025 05:36:48.384] [main/DEBUG] [quark-zeta/]: Registering to minecraft:item - quark:orange_crystal_lamp
[12May2025 05:36:48.384] [main/DEBUG] [quark-zeta/]: Registering to minecraft:item - quark:yellow_crystal_lamp
[12May2025 05:36:48.384] [main/DEBUG] [quark-zeta/]: Registering to minecraft:item - quark:green_crystal_lamp
[12May2025 05:36:48.384] [main/DEBUG] [quark-zeta/]: Registering to minecraft:item - quark:blue_crystal_lamp
[12May2025 05:36:48.384] [main/DEBUG] [quark-zeta/]: Registering to minecraft:item - quark:indigo_crystal_lamp
[12May2025 05:36:48.384] [main/DEBUG] [quark-zeta/]: Registering to minecraft:item - quark:violet_crystal_lamp
[12May2025 05:36:48.384] [main/DEBUG] [quark-zeta/]: Registering to minecraft:item - quark:white_crystal_lamp
[12May2025 05:36:48.384] [main/DEBUG] [quark-zeta/]: Registering to minecraft:item - quark:black_crystal_lamp
[12May2025 05:36:48.384] [main/DEBUG] [quark-zeta/]: Registering to minecraft:item - quark:raw_iron_bricks
[12May2025 05:36:48.384] [main/DEBUG] [quark-zeta/]: Registering to minecraft:item - quark:raw_gold_bricks
[12May2025 05:36:48.384] [main/DEBUG] [quark-zeta/]: Registering to minecraft:item - quark:raw_copper_bricks
[12May2025 05:36:48.384] [main/DEBUG] [quark-zeta/]: Registering to minecraft:item - quark:raw_iron_bricks_wall
[12May2025 05:36:48.384] [main/DEBUG] [quark-zeta/]: Registering to minecraft:item - quark:raw_iron_bricks_slab
[12May2025 05:36:48.384] [main/DEBUG] [quark-zeta/]: Registering to minecraft:item - quark:raw_iron_bricks_stairs
[12May2025 05:36:48.384] [main/DEBUG] [quark-zeta/]: Registering to minecraft:item - quark:raw_gold_bricks_wall
[12May2025 05:36:48.384] [main/DEBUG] [quark-zeta/]: Registering to minecraft:item - quark:raw_gold_bricks_slab
[12May2025 05:36:48.384] [main/DEBUG] [quark-zeta/]: Registering to minecraft:item - quark:raw_gold_bricks_stairs
[12May2025 05:36:48.384] [main/DEBUG] [quark-zeta/]: Registering to minecraft:item - quark:raw_copper_bricks_wall
[12May2025 05:36:48.384] [main/DEBUG] [quark-zeta/]: Registering to minecraft:item - quark:raw_copper_bricks_slab
[12May2025 05:36:48.384] [main/DEBUG] [quark-zeta/]: Registering to minecraft:item - quark:raw_copper_bricks_stairs
[12May2025 05:36:48.385] [main/DEBUG] [quark-zeta/]: Registering to minecraft:item - quark:redstone_randomizer
[12May2025 05:36:48.385] [main/DEBUG] [quark-zeta/]: Registering to minecraft:item - quark:rope
[12May2025 05:36:48.385] [main/DEBUG] [quark-zeta/]: Registering to minecraft:item - quark:seed_pouch
[12May2025 05:36:48.385] [main/DEBUG] [quark-zeta/]: Registering to minecraft:item - quark:cut_vine
[12May2025 05:36:48.385] [main/DEBUG] [quark-zeta/]: Registering to minecraft:item - quark:shiba_spawn_egg
[12May2025 05:36:48.385] [main/DEBUG] [quark-zeta/]: Registering to minecraft:item - quark:shingles
[12May2025 05:36:48.385] [main/DEBUG] [quark-zeta/]: Registering to minecraft:item - quark:shingles_slab
[12May2025 05:36:48.385] [main/DEBUG] [quark-zeta/]: Registering to minecraft:item - quark:shingles_stairs
[12May2025 05:36:48.385] [main/DEBUG] [quark-zeta/]: Registering to minecraft:item - quark:white_shingles
[12May2025 05:36:48.385] [main/DEBUG] [quark-zeta/]: Registering to minecraft:item - quark:white_shingles_slab
[12May2025 05:36:48.385] [main/DEBUG] [quark-zeta/]: Registering to minecraft:item - quark:white_shingles_stairs
[12May2025 05:36:48.385] [main/DEBUG] [quark-zeta/]: Registering to minecraft:item - quark:orange_shingles
[12May2025 05:36:48.385] [main/DEBUG] [quark-zeta/]: Registering to minecraft:item - quark:orange_shingles_slab
[12May2025 05:36:48.386] [main/DEBUG] [quark-zeta/]: Registering to minecraft:item - quark:orange_shingles_stairs
[12May2025 05:36:48.386] [main/DEBUG] [quark-zeta/]: Registering to minecraft:item - quark:magenta_shingles
[12May2025 05:36:48.386] [main/DEBUG] [quark-zeta/]: Registering to minecraft:item - quark:magenta_shingles_slab
[12May2025 05:36:48.386] [main/DEBUG] [quark-zeta/]: Registering to minecraft:item - quark:magenta_shingles_stairs
[12May2025 05:36:48.386] [main/DEBUG] [quark-zeta/]: Registering to minecraft:item - quark:light_blue_shingles
[12May2025 05:36:48.386] [main/DEBUG] [quark-zeta/]: Registering to minecraft:item - quark:light_blue_shingles_slab
[12May2025 05:36:48.386] [main/DEBUG] [quark-zeta/]: Registering to minecraft:item - quark:light_blue_shingles_stairs
[12May2025 05:36:48.386] [main/DEBUG] [quark-zeta/]: Registering to minecraft:item - quark:yellow_shingles
[12May2025 05:36:48.386] [main/DEBUG] [quark-zeta/]: Registering to minecraft:item - quark:yellow_shingles_slab
[12May2025 05:36:48.386] [main/DEBUG] [quark-zeta/]: Registering to minecraft:item - quark:yellow_shingles_stairs
[12May2025 05:36:48.386] [main/DEBUG] [quark-zeta/]: Registering to minecraft:item - quark:lime_shingles
[12May2025 05:36:48.386] [main/DEBUG] [quark-zeta/]: Registering to minecraft:item - quark:lime_shingles_slab
[12May2025 05:36:48.386] [main/DEBUG] [quark-zeta/]: Registering to minecraft:item - quark:lime_shingles_stairs
[12May2025 05:36:48.386] [main/DEBUG] [quark-zeta/]: Registering to minecraft:item - quark:pink_shingles
[12May2025 05:36:48.386] [main/DEBUG] [quark-zeta/]: Registering to minecraft:item - quark:pink_shingles_slab
[12May2025 05:36:48.386] [main/DEBUG] [quark-zeta/]: Registering to minecraft:item - quark:pink_shingles_stairs
[12May2025 05:36:48.386] [main/DEBUG] [quark-zeta/]: Registering to minecraft:item - quark:gray_shingles
[12May2025 05:36:48.386] [main/DEBUG] [quark-zeta/]: Registering to minecraft:item - quark:gray_shingles_slab
[12May2025 05:36:48.386] [main/DEBUG] [quark-zeta/]: Registering to minecraft:item - quark:gray_shingles_stairs
[12May2025 05:36:48.387] [main/DEBUG] [quark-zeta/]: Registering to minecraft:item - quark:light_gray_shingles
[12May2025 05:36:48.387] [main/DEBUG] [quark-zeta/]: Registering to minecraft:item - quark:light_gray_shingles_slab
[12May2025 05:36:48.387] [main/DEBUG] [quark-zeta/]: Registering to minecraft:item - quark:light_gray_shingles_stairs
[12May2025 05:36:48.387] [main/DEBUG] [quark-zeta/]: Registering to minecraft:item - quark:cyan_shingles
[12May2025 05:36:48.387] [main/DEBUG] [quark-zeta/]: Registering to minecraft:item - quark:cyan_shingles_slab
[12May2025 05:36:48.387] [main/DEBUG] [quark-zeta/]: Registering to minecraft:item - quark:cyan_shingles_stairs
[12May2025 05:36:48.387] [main/DEBUG] [quark-zeta/]: Registering to minecraft:item - quark:purple_shingles
[12May2025 05:36:48.387] [main/DEBUG] [quark-zeta/]: Registering to minecraft:item - quark:purple_shingles_slab
[12May2025 05:36:48.387] [main/DEBUG] [quark-zeta/]: Registering to minecraft:item - quark:purple_shingles_stairs
[12May2025 05:36:48.387] [main/DEBUG] [quark-zeta/]: Registering to minecraft:item - quark:blue_shingles
[12May2025 05:36:48.387] [main/DEBUG] [quark-zeta/]: Registering to minecraft:item - quark:blue_shingles_slab
[12May2025 05:36:48.387] [main/DEBUG] [quark-zeta/]: Registering to minecraft:item - quark:blue_shingles_stairs
[12May2025 05:36:48.387] [main/DEBUG] [quark-zeta/]: Registering to minecraft:item - quark:brown_shingles
[12May2025 05:36:48.387] [main/DEBUG] [quark-zeta/]: Registering to minecraft:item - quark:brown_shingles_slab
[12May2025 05:36:48.387] [main/DEBUG] [quark-zeta/]: Registering to minecraft:item - quark:brown_shingles_stairs
[12May2025 05:36:48.387] [main/DEBUG] [quark-zeta/]: Registering to minecraft:item - quark:green_shingles
[12May2025 05:36:48.387] [main/DEBUG] [quark-zeta/]: Registering to minecraft:item - quark:green_shingles_slab
[12May2025 05:36:48.387] [main/DEBUG] [quark-zeta/]: Registering to minecraft:item - quark:green_shingles_stairs
[12May2025 05:36:48.388] [main/DEBUG] [quark-zeta/]: Registering to minecraft:item - quark:red_shingles
[12May2025 05:36:48.388] [main/DEBUG] [quark-zeta/]: Registering to minecraft:item - quark:red_shingles_slab
[12May2025 05:36:48.388] [main/DEBUG] [quark-zeta/]: Registering to minecraft:item - quark:red_shingles_stairs
[12May2025 05:36:48.388] [main/DEBUG] [quark-zeta/]: Registering to minecraft:item - quark:black_shingles
[12May2025 05:36:48.388] [main/DEBUG] [quark-zeta/]: Registering to minecraft:item - quark:black_shingles_slab
[12May2025 05:36:48.388] [main/DEBUG] [quark-zeta/]: Registering to minecraft:item - quark:black_shingles_stairs
[12May2025 05:36:48.388] [main/DEBUG] [quark-zeta/]: Registering to minecraft:item - quark:slime_in_a_bucket
[12May2025 05:36:48.388] [main/DEBUG] [quark-zeta/]: Registering to minecraft:item - quark:soul_sandstone
[12May2025 05:36:48.388] [main/DEBUG] [quark-zeta/]: Registering to minecraft:item - quark:soul_sandstone_wall
[12May2025 05:36:48.388] [main/DEBUG] [quark-zeta/]: Registering to minecraft:item - quark:soul_sandstone_slab
[12May2025 05:36:48.388] [main/DEBUG] [quark-zeta/]: Registering to minecraft:item - quark:soul_sandstone_stairs
[12May2025 05:36:48.388] [main/DEBUG] [quark-zeta/]: Registering to minecraft:item - quark:chiseled_soul_sandstone
[12May2025 05:36:48.388] [main/DEBUG] [quark-zeta/]: Registering to minecraft:item - quark:cut_soul_sandstone
[12May2025 05:36:48.388] [main/DEBUG] [quark-zeta/]: Registering to minecraft:item - quark:cut_soul_sandstone_slab
[12May2025 05:36:48.388] [main/DEBUG] [quark-zeta/]: Registering to minecraft:item - quark:smooth_soul_sandstone
[12May2025 05:36:48.388] [main/DEBUG] [quark-zeta/]: Registering to minecraft:item - quark:smooth_soul_sandstone_slab
[12May2025 05:36:48.388] [main/DEBUG] [quark-zeta/]: Registering to minecraft:item - quark:smooth_soul_sandstone_stairs
[12May2025 05:36:48.388] [main/DEBUG] [quark-zeta/]: Registering to minecraft:item - quark:dusky_myalite
[12May2025 05:36:48.388] [main/DEBUG] [quark-zeta/]: Registering to minecraft:item - quark:myalite_crystal
[12May2025 05:36:48.388] [main/DEBUG] [quark-zeta/]: Registering to minecraft:item - quark:diamond_heart
[12May2025 05:36:48.389] [main/DEBUG] [quark-zeta/]: Registering to minecraft:item - quark:stoneling_spawn_egg
[12May2025 05:36:48.389] [main/DEBUG] [quark-zeta/]: Registering to minecraft:item - quark:white_stool
[12May2025 05:36:48.389] [main/DEBUG] [quark-zeta/]: Registering to minecraft:item - quark:light_gray_stool
[12May2025 05:36:48.389] [main/DEBUG] [quark-zeta/]: Registering to minecraft:item - quark:gray_stool
[12May2025 05:36:48.389] [main/DEBUG] [quark-zeta/]: Registering to minecraft:item - quark:black_stool
[12May2025 05:36:48.389] [main/DEBUG] [quark-zeta/]: Registering to minecraft:item - quark:brown_stool
[12May2025 05:36:48.389] [main/DEBUG] [quark-zeta/]: Registering to minecraft:item - quark:red_stool
[12May2025 05:36:48.389] [main/DEBUG] [quark-zeta/]: Registering to minecraft:item - quark:orange_stool
[12May2025 05:36:48.389] [main/DEBUG] [quark-zeta/]: Registering to minecraft:item - quark:yellow_stool
[12May2025 05:36:48.389] [main/DEBUG] [quark-zeta/]: Registering to minecraft:item - quark:lime_stool
[12May2025 05:36:48.389] [main/DEBUG] [quark-zeta/]: Registering to minecraft:item - quark:green_stool
[12May2025 05:36:48.389] [main/DEBUG] [quark-zeta/]: Registering to minecraft:item - quark:cyan_stool
[12May2025 05:36:48.389] [main/DEBUG] [quark-zeta/]: Registering to minecraft:item - quark:light_blue_stool
[12May2025 05:36:48.389] [main/DEBUG] [quark-zeta/]: Registering to minecraft:item - quark:blue_stool
[12May2025 05:36:48.389] [main/DEBUG] [quark-zeta/]: Registering to minecraft:item - quark:purple_stool
[12May2025 05:36:48.389] [main/DEBUG] [quark-zeta/]: Registering to minecraft:item - quark:magenta_stool
[12May2025 05:36:48.389] [main/DEBUG] [quark-zeta/]: Registering to minecraft:item - quark:pink_stool
[12May2025 05:36:48.389] [main/DEBUG] [quark-zeta/]: Registering to minecraft:item - quark:sturdy_stone
[12May2025 05:36:48.389] [main/DEBUG] [quark-zeta/]: Registering to minecraft:item - quark:thatch
[12May2025 05:36:48.390] [main/DEBUG] [quark-zeta/]: Registering to minecraft:item - quark:thatch_slab
[12May2025 05:36:48.390] [main/DEBUG] [quark-zeta/]: Registering to minecraft:item - quark:thatch_stairs
[12May2025 05:36:48.390] [main/DEBUG] [quark-zeta/]: Registering to minecraft:item - quark:tiny_potato
[12May2025 05:36:48.390] [main/DEBUG] [quark-zeta/]: Registering to minecraft:item - quark:torch_arrow
[12May2025 05:36:48.390] [main/DEBUG] [quark-zeta/]: Registering to minecraft:item - quark:toretoise_spawn_egg
[12May2025 05:36:48.392] [main/DEBUG] [quark-zeta/]: Registering to minecraft:item - quark:trowel
[12May2025 05:36:48.392] [main/DEBUG] [quark-zeta/]: Registering to minecraft:item - quark:spruce_bookshelf
[12May2025 05:36:48.392] [main/DEBUG] [quark-zeta/]: Registering to minecraft:item - quark:birch_bookshelf
[12May2025 05:36:48.393] [main/DEBUG] [quark-zeta/]: Registering to minecraft:item - quark:jungle_bookshelf
[12May2025 05:36:48.393] [main/DEBUG] [quark-zeta/]: Registering to minecraft:item - quark:acacia_bookshelf
[12May2025 05:36:48.393] [main/DEBUG] [quark-zeta/]: Registering to minecraft:item - quark:dark_oak_bookshelf
[12May2025 05:36:48.393] [main/DEBUG] [quark-zeta/]: Registering to minecraft:item - quark:crimson_bookshelf
[12May2025 05:36:48.393] [main/DEBUG] [quark-zeta/]: Registering to minecraft:item - quark:warped_bookshelf
[12May2025 05:36:48.393] [main/DEBUG] [quark-zeta/]: Registering to minecraft:item - quark:mangrove_bookshelf
[12May2025 05:36:48.393] [main/DEBUG] [quark-zeta/]: Registering to minecraft:item - quark:bamboo_bookshelf
[12May2025 05:36:48.393] [main/DEBUG] [quark-zeta/]: Registering to minecraft:item - quark:cherry_bookshelf
[12May2025 05:36:48.393] [main/DEBUG] [quark-zeta/]: Registering to minecraft:item - quark:oak_chest
[12May2025 05:36:48.393] [main/DEBUG] [quark-zeta/]: Registering to minecraft:item - quark:oak_trapped_chest
[12May2025 05:36:48.393] [main/DEBUG] [quark-zeta/]: Registering to minecraft:item - quark:lootr_oak_chest
[12May2025 05:36:48.393] [main/DEBUG] [quark-zeta/]: Registering to minecraft:item - quark:lootr_oak_trapped_chest
[12May2025 05:36:48.393] [main/DEBUG] [quark-zeta/]: Registering to minecraft:item - quark:spruce_chest
[12May2025 05:36:48.393] [main/DEBUG] [quark-zeta/]: Registering to minecraft:item - quark:spruce_trapped_chest
[12May2025 05:36:48.393] [main/DEBUG] [quark-zeta/]: Registering to minecraft:item - quark:lootr_spruce_chest
[12May2025 05:36:48.393] [main/DEBUG] [quark-zeta/]: Registering to minecraft:item - quark:lootr_spruce_trapped_chest
[12May2025 05:36:48.393] [main/DEBUG] [quark-zeta/]: Registering to minecraft:item - quark:birch_chest
[12May2025 05:36:48.393] [main/DEBUG] [quark-zeta/]: Registering to minecraft:item - quark:birch_trapped_chest
[12May2025 05:36:48.393] [main/DEBUG] [quark-zeta/]: Registering to minecraft:item - quark:lootr_birch_chest
[12May2025 05:36:48.394] [main/DEBUG] [quark-zeta/]: Registering to minecraft:item - quark:lootr_birch_trapped_chest
[12May2025 05:36:48.394] [main/DEBUG] [quark-zeta/]: Registering to minecraft:item - quark:jungle_chest
[12May2025 05:36:48.394] [main/DEBUG] [quark-zeta/]: Registering to minecraft:item - quark:jungle_trapped_chest
[12May2025 05:36:48.394] [main/DEBUG] [quark-zeta/]: Registering to minecraft:item - quark:lootr_jungle_chest
[12May2025 05:36:48.394] [main/DEBUG] [quark-zeta/]: Registering to minecraft:item - quark:lootr_jungle_trapped_chest
[12May2025 05:36:48.394] [main/DEBUG] [quark-zeta/]: Registering to minecraft:item - quark:acacia_chest
[12May2025 05:36:48.394] [main/DEBUG] [quark-zeta/]: Registering to minecraft:item - quark:acacia_trapped_chest
[12May2025 05:36:48.394] [main/DEBUG] [quark-zeta/]: Registering to minecraft:item - quark:lootr_acacia_chest
[12May2025 05:36:48.394] [main/DEBUG] [quark-zeta/]: Registering to minecraft:item - quark:lootr_acacia_trapped_chest
[12May2025 05:36:48.394] [main/DEBUG] [quark-zeta/]: Registering to minecraft:item - quark:dark_oak_chest
[12May2025 05:36:48.394] [main/DEBUG] [quark-zeta/]: Registering to minecraft:item - quark:dark_oak_trapped_chest
[12May2025 05:36:48.394] [main/DEBUG] [quark-zeta/]: Registering to minecraft:item - quark:lootr_dark_oak_chest
[12May2025 05:36:48.394] [main/DEBUG] [quark-zeta/]: Registering to minecraft:item - quark:lootr_dark_oak_trapped_chest
[12May2025 05:36:48.394] [main/DEBUG] [quark-zeta/]: Registering to minecraft:item - quark:crimson_chest
[12May2025 05:36:48.394] [main/DEBUG] [quark-zeta/]: Registering to minecraft:item - quark:crimson_trapped_chest
[12May2025 05:36:48.394] [main/DEBUG] [quark-zeta/]: Registering to minecraft:item - quark:lootr_crimson_chest
[12May2025 05:36:48.394] [main/DEBUG] [quark-zeta/]: Registering to minecraft:item - quark:lootr_crimson_trapped_chest
[12May2025 05:36:48.394] [main/DEBUG] [quark-zeta/]: Registering to minecraft:item - quark:warped_chest
[12May2025 05:36:48.394] [main/DEBUG] [quark-zeta/]: Registering to minecraft:item - quark:warped_trapped_chest
[12May2025 05:36:48.394] [main/DEBUG] [quark-zeta/]: Registering to minecraft:item - quark:lootr_warped_chest
[12May2025 05:36:48.395] [main/DEBUG] [quark-zeta/]: Registering to minecraft:item - quark:lootr_warped_trapped_chest
[12May2025 05:36:48.395] [main/DEBUG] [quark-zeta/]: Registering to minecraft:item - quark:mangrove_chest
[12May2025 05:36:48.395] [main/DEBUG] [quark-zeta/]: Registering to minecraft:item - quark:mangrove_trapped_chest
[12May2025 05:36:48.395] [main/DEBUG] [quark-zeta/]: Registering to minecraft:item - quark:lootr_mangrove_chest
[12May2025 05:36:48.395] [main/DEBUG] [quark-zeta/]: Registering to minecraft:item - quark:lootr_mangrove_trapped_chest
[12May2025 05:36:48.395] [main/DEBUG] [quark-zeta/]: Registering to minecraft:item - quark:bamboo_chest
[12May2025 05:36:48.395] [main/DEBUG] [quark-zeta/]: Registering to minecraft:item - quark:bamboo_trapped_chest
[12May2025 05:36:48.395] [main/DEBUG] [quark-zeta/]: Registering to minecraft:item - quark:lootr_bamboo_chest
[12May2025 05:36:48.395] [main/DEBUG] [quark-zeta/]: Registering to minecraft:item - quark:lootr_bamboo_trapped_chest
[12May2025 05:36:48.395] [main/DEBUG] [quark-zeta/]: Registering to minecraft:item - quark:cherry_chest
[12May2025 05:36:48.395] [main/DEBUG] [quark-zeta/]: Registering to minecraft:item - quark:cherry_trapped_chest
[12May2025 05:36:48.395] [main/DEBUG] [quark-zeta/]: Registering to minecraft:item - quark:lootr_cherry_chest
[12May2025 05:36:48.395] [main/DEBUG] [quark-zeta/]: Registering to minecraft:item - quark:lootr_cherry_trapped_chest
[12May2025 05:36:48.395] [main/DEBUG] [quark-zeta/]: Registering to minecraft:item - quark:nether_brick_chest
[12May2025 05:36:48.395] [main/DEBUG] [quark-zeta/]: Registering to minecraft:item - quark:nether_brick_trapped_chest
[12May2025 05:36:48.395] [main/DEBUG] [quark-zeta/]: Registering to minecraft:item - quark:lootr_nether_brick_chest
[12May2025 05:36:48.395] [main/DEBUG] [quark-zeta/]: Registering to minecraft:item - quark:lootr_nether_brick_trapped_chest
[12May2025 05:36:48.395] [main/DEBUG] [quark-zeta/]: Registering to minecraft:item - quark:purpur_chest
[12May2025 05:36:48.395] [main/DEBUG] [quark-zeta/]: Registering to minecraft:item - quark:purpur_trapped_chest
[12May2025 05:36:48.395] [main/DEBUG] [quark-zeta/]: Registering to minecraft:item - quark:lootr_purpur_chest
[12May2025 05:36:48.395] [main/DEBUG] [quark-zeta/]: Registering to minecraft:item - quark:lootr_purpur_trapped_chest
[12May2025 05:36:48.395] [main/DEBUG] [quark-zeta/]: Registering to minecraft:item - quark:prismarine_chest
[12May2025 05:36:48.396] [main/DEBUG] [quark-zeta/]: Registering to minecraft:item - quark:prismarine_trapped_chest
[12May2025 05:36:48.396] [main/DEBUG] [quark-zeta/]: Registering to minecraft:item - quark:lootr_prismarine_chest
[12May2025 05:36:48.396] [main/DEBUG] [quark-zeta/]: Registering to minecraft:item - quark:lootr_prismarine_trapped_chest
[12May2025 05:36:48.396] [main/DEBUG] [quark-zeta/]: Registering to minecraft:item - quark:deepslate_furnace
[12May2025 05:36:48.396] [main/DEBUG] [quark-zeta/]: Registering to minecraft:item - quark:blackstone_furnace
[12May2025 05:36:48.396] [main/DEBUG] [quark-zeta/]: Registering to minecraft:item - quark:spruce_ladder
[12May2025 05:36:48.396] [main/DEBUG] [quark-zeta/]: Registering to minecraft:item - quark:birch_ladder
[12May2025 05:36:48.396] [main/DEBUG] [quark-zeta/]: Registering to minecraft:item - quark:jungle_ladder
[12May2025 05:36:48.396] [main/DEBUG] [quark-zeta/]: Registering to minecraft:item - quark:acacia_ladder
[12May2025 05:36:48.396] [main/DEBUG] [quark-zeta/]: Registering to minecraft:item - quark:dark_oak_ladder
[12May2025 05:36:48.396] [main/DEBUG] [quark-zeta/]: Registering to minecraft:item - quark:crimson_ladder
[12May2025 05:36:48.396] [main/DEBUG] [quark-zeta/]: Registering to minecraft:item - quark:warped_ladder
[12May2025 05:36:48.396] [main/DEBUG] [quark-zeta/]: Registering to minecraft:item - quark:mangrove_ladder
[12May2025 05:36:48.396] [main/DEBUG] [quark-zeta/]: Registering to minecraft:item - quark:bamboo_ladder
[12May2025 05:36:48.396] [main/DEBUG] [quark-zeta/]: Registering to minecraft:item - quark:cherry_ladder
[12May2025 05:36:48.396] [main/DEBUG] [quark-zeta/]: Registering to minecraft:item - quark:hammer
[12May2025 05:36:48.396] [main/DEBUG] [quark-zeta/]: Registering to minecraft:item - quark:vertical_oak_planks
[12May2025 05:36:48.396] [main/DEBUG] [quark-zeta/]: Registering to minecraft:item - quark:vertical_spruce_planks
[12May2025 05:36:48.396] [main/DEBUG] [quark-zeta/]: Registering to minecraft:item - quark:vertical_birch_planks
[12May2025 05:36:48.396] [main/DEBUG] [quark-zeta/]: Registering to minecraft:item - quark:vertical_jungle_planks
[12May2025 05:36:48.396] [main/DEBUG] [quark-zeta/]: Registering to minecraft:item - quark:vertical_acacia_planks
[12May2025 05:36:48.396] [main/DEBUG] [quark-zeta/]: Registering to minecraft:item - quark:vertical_dark_oak_planks
[12May2025 05:36:48.396] [main/DEBUG] [quark-zeta/]: Registering to minecraft:item - quark:vertical_crimson_planks
[12May2025 05:36:48.396] [main/DEBUG] [quark-zeta/]: Registering to minecraft:item - quark:vertical_warped_planks
[12May2025 05:36:48.396] [main/DEBUG] [quark-zeta/]: Registering to minecraft:item - quark:vertical_mangrove_planks
[12May2025 05:36:48.396] [main/DEBUG] [quark-zeta/]: Registering to minecraft:item - quark:vertical_bamboo_planks
[12May2025 05:36:48.396] [main/DEBUG] [quark-zeta/]: Registering to minecraft:item - quark:vertical_cherry_planks
[12May2025 05:36:48.396] [main/DEBUG] [quark-zeta/]: Registering to minecraft:item - quark:oak_post
[12May2025 05:36:48.397] [main/DEBUG] [quark-zeta/]: Registering to minecraft:item - quark:stripped_oak_post
[12May2025 05:36:48.397] [main/DEBUG] [quark-zeta/]: Registering to minecraft:item - quark:spruce_post
[12May2025 05:36:48.397] [main/DEBUG] [quark-zeta/]: Registering to minecraft:item - quark:stripped_spruce_post
[12May2025 05:36:48.397] [main/DEBUG] [quark-zeta/]: Registering to minecraft:item - quark:birch_post
[12May2025 05:36:48.397] [main/DEBUG] [quark-zeta/]: Registering to minecraft:item - quark:stripped_birch_post
[12May2025 05:36:48.397] [main/DEBUG] [quark-zeta/]: Registering to minecraft:item - quark:jungle_post
[12May2025 05:36:48.397] [main/DEBUG] [quark-zeta/]: Registering to minecraft:item - quark:stripped_jungle_post
[12May2025 05:36:48.397] [main/DEBUG] [quark-zeta/]: Registering to minecraft:item - quark:acacia_post
[12May2025 05:36:48.397] [main/DEBUG] [quark-zeta/]: Registering to minecraft:item - quark:stripped_acacia_post
[12May2025 05:36:48.397] [main/DEBUG] [quark-zeta/]: Registering to minecraft:item - quark:dark_oak_post
[12May2025 05:36:48.397] [main/DEBUG] [quark-zeta/]: Registering to minecraft:item - quark:stripped_dark_oak_post
[12May2025 05:36:48.397] [main/DEBUG] [quark-zeta/]: Registering to minecraft:item - quark:crimson_post
[12May2025 05:36:48.397] [main/DEBUG] [quark-zeta/]: Registering to minecraft:item - quark:stripped_crimson_post
[12May2025 05:36:48.397] [main/DEBUG] [quark-zeta/]: Registering to minecraft:item - quark:warped_post
[12May2025 05:36:48.397] [main/DEBUG] [quark-zeta/]: Registering to minecraft:item - quark:stripped_warped_post
[12May2025 05:36:48.397] [main/DEBUG] [quark-zeta/]: Registering to minecraft:item - quark:mangrove_post
[12May2025 05:36:48.397] [main/DEBUG] [quark-zeta/]: Registering to minecraft:item - quark:stripped_mangrove_post
[12May2025 05:36:48.397] [main/DEBUG] [quark-zeta/]: Registering to minecraft:item - quark:bamboo_post
[12May2025 05:36:48.397] [main/DEBUG] [quark-zeta/]: Registering to minecraft:item - quark:stripped_bamboo_post
[12May2025 05:36:48.397] [main/DEBUG] [quark-zeta/]: Registering to minecraft:item - quark:cherry_post
[12May2025 05:36:48.397] [main/DEBUG] [quark-zeta/]: Registering to minecraft:item - quark:stripped_cherry_post
[12May2025 05:36:48.397] [main/DEBUG] [quark-zeta/]: Registering to minecraft:item - quark:soul_bead
[12May2025 05:36:48.398] [main/DEBUG] [quark-zeta/]: Registering to minecraft:item - quark:wraith_spawn_egg
[12May2025 05:36:48.398] [main/DEBUG] [quark-zeta/]: Registering to minecraft:item - quark:polished_calcite
[12May2025 05:36:48.398] [main/DEBUG] [quark-zeta/]: Registering to minecraft:item - quark:calcite_wall
[12May2025 05:36:48.398] [main/DEBUG] [quark-zeta/]: Registering to minecraft:item - quark:calcite_slab
[12May2025 05:36:48.398] [main/DEBUG] [quark-zeta/]: Registering to minecraft:item - quark:calcite_stairs
[12May2025 05:36:48.398] [main/DEBUG] [quark-zeta/]: Registering to minecraft:item - quark:polished_calcite_slab
[12May2025 05:36:48.398] [main/DEBUG] [quark-zeta/]: Registering to minecraft:item - quark:polished_calcite_stairs
[12May2025 05:36:48.398] [main/DEBUG] [quark-zeta/]: Registering to minecraft:item - quark:polished_dripstone
[12May2025 05:36:48.398] [main/DEBUG] [quark-zeta/]: Registering to minecraft:item - quark:dripstone_block_wall
[12May2025 05:36:48.398] [main/DEBUG] [quark-zeta/]: Registering to minecraft:item - quark:dripstone_block_slab
[12May2025 05:36:48.398] [main/DEBUG] [quark-zeta/]: Registering to minecraft:item - quark:dripstone_block_stairs
[12May2025 05:36:48.398] [main/DEBUG] [quark-zeta/]: Registering to minecraft:item - quark:polished_dripstone_slab
[12May2025 05:36:48.398] [main/DEBUG] [quark-zeta/]: Registering to minecraft:item - quark:polished_dripstone_stairs
[12May2025 05:36:48.398] [main/DEBUG] [quark-zeta/]: Registering to minecraft:item - quark:polished_tuff
[12May2025 05:36:48.398] [main/DEBUG] [quark-zeta/]: Registering to minecraft:item - quark:tuff_wall
[12May2025 05:36:48.398] [main/DEBUG] [quark-zeta/]: Registering to minecraft:item - quark:tuff_slab
[12May2025 05:36:48.398] [main/DEBUG] [quark-zeta/]: Registering to minecraft:item - quark:tuff_stairs
[12May2025 05:36:48.398] [main/DEBUG] [quark-zeta/]: Registering to minecraft:item - quark:polished_tuff_slab
[12May2025 05:36:48.398] [main/DEBUG] [quark-zeta/]: Registering to minecraft:item - quark:polished_tuff_stairs
[12May2025 05:36:48.398] [main/DEBUG] [quark-zeta/]: Registering to minecraft:item - quark:granite_bricks
[12May2025 05:36:48.399] [main/DEBUG] [quark-zeta/]: Registering to minecraft:item - quark:chiseled_granite_bricks
[12May2025 05:36:48.399] [main/DEBUG] [quark-zeta/]: Registering to minecraft:item - quark:granite_pillar
[12May2025 05:36:48.399] [main/DEBUG] [quark-zeta/]: Registering to minecraft:item - quark:granite_bricks_wall
[12May2025 05:36:48.399] [main/DEBUG] [quark-zeta/]: Registering to minecraft:item - quark:granite_bricks_slab
[12May2025 05:36:48.399] [main/DEBUG] [quark-zeta/]: Registering to minecraft:item - quark:granite_bricks_stairs
[12May2025 05:36:48.399] [main/DEBUG] [quark-zeta/]: Registering to minecraft:item - quark:diorite_bricks
[12May2025 05:36:48.399] [main/DEBUG] [quark-zeta/]: Registering to minecraft:item - quark:chiseled_diorite_bricks
[12May2025 05:36:48.399] [main/DEBUG] [quark-zeta/]: Registering to minecraft:item - quark:diorite_pillar
[12May2025 05:36:48.399] [main/DEBUG] [quark-zeta/]: Registering to minecraft:item - quark:diorite_bricks_wall
[12May2025 05:36:48.399] [main/DEBUG] [quark-zeta/]: Registering to minecraft:item - quark:diorite_bricks_slab
[12May2025 05:36:48.399] [main/DEBUG] [quark-zeta/]: Registering to minecraft:item - quark:diorite_bricks_stairs
[12May2025 05:36:48.399] [main/DEBUG] [quark-zeta/]: Registering to minecraft:item - quark:andesite_bricks
[12May2025 05:36:48.399] [main/DEBUG] [quark-zeta/]: Registering to minecraft:item - quark:chiseled_andesite_bricks
[12May2025 05:36:48.399] [main/DEBUG] [quark-zeta/]: Registering to minecraft:item - quark:andesite_pillar
[12May2025 05:36:48.399] [main/DEBUG] [quark-zeta/]: Registering to minecraft:item - quark:andesite_bricks_wall
[12May2025 05:36:48.399] [main/DEBUG] [quark-zeta/]: Registering to minecraft:item - quark:andesite_bricks_slab
[12May2025 05:36:48.399] [main/DEBUG] [quark-zeta/]: Registering to minecraft:item - quark:andesite_bricks_stairs
[12May2025 05:36:48.399] [main/DEBUG] [quark-zeta/]: Registering to minecraft:item - quark:calcite_bricks
[12May2025 05:36:48.399] [main/DEBUG] [quark-zeta/]: Registering to minecraft:item - quark:chiseled_calcite_bricks
[12May2025 05:36:48.400] [main/DEBUG] [quark-zeta/]: Registering to minecraft:item - quark:calcite_pillar
[12May2025 05:36:48.400] [main/DEBUG] [quark-zeta/]: Registering to minecraft:item - quark:calcite_bricks_wall
[12May2025 05:36:48.400] [main/DEBUG] [quark-zeta/]: Registering to minecraft:item - quark:calcite_bricks_slab
[12May2025 05:36:48.400] [main/DEBUG] [quark-zeta/]: Registering to minecraft:item - quark:calcite_bricks_stairs
[12May2025 05:36:48.400] [main/DEBUG] [quark-zeta/]: Registering to minecraft:item - quark:dripstone_bricks
[12May2025 05:36:48.400] [main/DEBUG] [quark-zeta/]: Registering to minecraft:item - quark:chiseled_dripstone_bricks
[12May2025 05:36:48.400] [main/DEBUG] [quark-zeta/]: Registering to minecraft:item - quark:dripstone_pillar
[12May2025 05:36:48.400] [main/DEBUG] [quark-zeta/]: Registering to minecraft:item - quark:dripstone_bricks_wall
[12May2025 05:36:48.400] [main/DEBUG] [quark-zeta/]: Registering to minecraft:item - quark:dripstone_bricks_slab
[12May2025 05:36:48.400] [main/DEBUG] [quark-zeta/]: Registering to minecraft:item - quark:dripstone_bricks_stairs
[12May2025 05:36:48.400] [main/DEBUG] [quark-zeta/]: Registering to minecraft:item - quark:tuff_bricks
[12May2025 05:36:48.400] [main/DEBUG] [quark-zeta/]: Registering to minecraft:item - quark:chiseled_tuff_bricks
[12May2025 05:36:48.400] [main/DEBUG] [quark-zeta/]: Registering to minecraft:item - quark:tuff_pillar
[12May2025 05:36:48.400] [main/DEBUG] [quark-zeta/]: Registering to minecraft:item - quark:tuff_bricks_wall
[12May2025 05:36:48.400] [main/DEBUG] [quark-zeta/]: Registering to minecraft:item - quark:tuff_bricks_slab
[12May2025 05:36:48.400] [main/DEBUG] [quark-zeta/]: Registering to minecraft:item - quark:tuff_bricks_stairs
[12May2025 05:36:48.400] [main/DEBUG] [quark-zeta/]: Registering to minecraft:item - quark:limestone_bricks
[12May2025 05:36:48.400] [main/DEBUG] [quark-zeta/]: Registering to minecraft:item - quark:chiseled_limestone_bricks
[12May2025 05:36:48.401] [main/DEBUG] [quark-zeta/]: Registering to minecraft:item - quark:limestone_pillar
[12May2025 05:36:48.401] [main/DEBUG] [quark-zeta/]: Registering to minecraft:item - quark:limestone_bricks_wall
[12May2025 05:36:48.401] [main/DEBUG] [quark-zeta/]: Registering to minecraft:item - quark:limestone_bricks_slab
[12May2025 05:36:48.401] [main/DEBUG] [quark-zeta/]: Registering to minecraft:item - quark:limestone_bricks_stairs
[12May2025 05:36:48.401] [main/DEBUG] [quark-zeta/]: Registering to minecraft:item - quark:jasper_bricks
[12May2025 05:36:48.401] [main/DEBUG] [quark-zeta/]: Registering to minecraft:item - quark:chiseled_jasper_bricks
[12May2025 05:36:48.401] [main/DEBUG] [quark-zeta/]: Registering to minecraft:item - quark:jasper_pillar
[12May2025 05:36:48.401] [main/DEBUG] [quark-zeta/]: Registering to minecraft:item - quark:jasper_bricks_wall
[12May2025 05:36:48.401] [main/DEBUG] [quark-zeta/]: Registering to minecraft:item - quark:jasper_bricks_slab
[12May2025 05:36:48.401] [main/DEBUG] [quark-zeta/]: Registering to minecraft:item - quark:jasper_bricks_stairs
[12May2025 05:36:48.401] [main/DEBUG] [quark-zeta/]: Registering to minecraft:item - quark:shale_bricks
[12May2025 05:36:48.401] [main/DEBUG] [quark-zeta/]: Registering to minecraft:item - quark:chiseled_shale_bricks
[12May2025 05:36:48.401] [main/DEBUG] [quark-zeta/]: Registering to minecraft:item - quark:shale_pillar
[12May2025 05:36:48.401] [main/DEBUG] [quark-zeta/]: Registering to minecraft:item - quark:shale_bricks_wall
[12May2025 05:36:48.401] [main/DEBUG] [quark-zeta/]: Registering to minecraft:item - quark:shale_bricks_slab
[12May2025 05:36:48.401] [main/DEBUG] [quark-zeta/]: Registering to minecraft:item - quark:shale_bricks_stairs
[12May2025 05:36:48.401] [main/DEBUG] [quark-zeta/]: Registering to minecraft:item - quark:myalite_bricks
[12May2025 05:36:48.401] [main/DEBUG] [quark-zeta/]: Registering to minecraft:item - quark:chiseled_myalite_bricks
[12May2025 05:36:48.402] [main/DEBUG] [quark-zeta/]: Registering to minecraft:item - quark:myalite_pillar
[12May2025 05:36:48.402] [main/DEBUG] [quark-zeta/]: Registering to minecraft:item - quark:myalite_bricks_wall
[12May2025 05:36:48.402] [main/DEBUG] [quark-zeta/]: Registering to minecraft:item - quark:myalite_bricks_slab
[12May2025 05:36:48.402] [main/DEBUG] [quark-zeta/]: Registering to minecraft:item - quark:myalite_bricks_stairs
[12May2025 05:36:48.402] [main/DEBUG] [quark-zeta/]: Registering to minecraft:item - quark:blue_blossom_hedge
[12May2025 05:36:48.402] [main/DEBUG] [quark-zeta/]: Registering to minecraft:item - quark:lavender_blossom_hedge
[12May2025 05:36:48.402] [main/DEBUG] [quark-zeta/]: Registering to minecraft:item - quark:orange_blossom_hedge
[12May2025 05:36:48.402] [main/DEBUG] [quark-zeta/]: Registering to minecraft:item - quark:yellow_blossom_hedge
[12May2025 05:36:48.402] [main/DEBUG] [quark-zeta/]: Registering to minecraft:item - quark:red_blossom_hedge
[12May2025 05:36:48.402] [main/DEBUG] [quark-zeta/]: Registering to minecraft:item - quark:ancient_hedge
[12May2025 05:36:48.402] [main/DEBUG] [quark-zeta/]: Registering to minecraft:item - quark:blue_blossom_leaf_carpet
[12May2025 05:36:48.402] [main/DEBUG] [quark-zeta/]: Registering to minecraft:item - quark:lavender_blossom_leaf_carpet
[12May2025 05:36:48.402] [main/DEBUG] [quark-zeta/]: Registering to minecraft:item - quark:orange_blossom_leaf_carpet
[12May2025 05:36:48.402] [main/DEBUG] [quark-zeta/]: Registering to minecraft:item - quark:yellow_blossom_leaf_carpet
[12May2025 05:36:48.402] [main/DEBUG] [quark-zeta/]: Registering to minecraft:item - quark:red_blossom_leaf_carpet
[12May2025 05:36:48.402] [main/DEBUG] [quark-zeta/]: Registering to minecraft:item - quark:ancient_leaf_carpet
[12May2025 05:36:48.402] [main/DEBUG] [quark-zeta/]: Registering to minecraft:item - quark:acacia_vertical_slab
[12May2025 05:36:48.403] [main/DEBUG] [quark-zeta/]: Registering to minecraft:item - quark:andesite_vertical_slab
[12May2025 05:36:48.403] [main/DEBUG] [quark-zeta/]: Registering to minecraft:item - quark:birch_vertical_slab
[12May2025 05:36:48.403] [main/DEBUG] [quark-zeta/]: Registering to minecraft:item - quark:brick_vertical_slab
[12May2025 05:36:48.403] [main/DEBUG] [quark-zeta/]: Registering to minecraft:item - quark:cobblestone_vertical_slab
[12May2025 05:36:48.403] [main/DEBUG] [quark-zeta/]: Registering to minecraft:item - quark:cut_red_sandstone_vertical_slab
[12May2025 05:36:48.403] [main/DEBUG] [quark-zeta/]: Registering to minecraft:item - quark:cut_sandstone_vertical_slab
[12May2025 05:36:48.403] [main/DEBUG] [quark-zeta/]: Registering to minecraft:item - quark:dark_oak_vertical_slab
[12May2025 05:36:48.403] [main/DEBUG] [quark-zeta/]: Registering to minecraft:item - quark:dark_prismarine_vertical_slab
[12May2025 05:36:48.403] [main/DEBUG] [quark-zeta/]: Registering to minecraft:item - quark:diorite_vertical_slab
[12May2025 05:36:48.403] [main/DEBUG] [quark-zeta/]: Registering to minecraft:item - quark:end_stone_brick_vertical_slab
[12May2025 05:36:48.403] [main/DEBUG] [quark-zeta/]: Registering to minecraft:item - quark:granite_vertical_slab
[12May2025 05:36:48.403] [main/DEBUG] [quark-zeta/]: Registering to minecraft:item - quark:jungle_vertical_slab
[12May2025 05:36:48.403] [main/DEBUG] [quark-zeta/]: Registering to minecraft:item - quark:mossy_cobblestone_vertical_slab
[12May2025 05:36:48.403] [main/DEBUG] [quark-zeta/]: Registering to minecraft:item - quark:mossy_stone_brick_vertical_slab
[12May2025 05:36:48.403] [main/DEBUG] [quark-zeta/]: Registering to minecraft:item - quark:nether_brick_vertical_slab
[12May2025 05:36:48.403] [main/DEBUG] [quark-zeta/]: Registering to minecraft:item - quark:oak_vertical_slab
[12May2025 05:36:48.403] [main/DEBUG] [quark-zeta/]: Registering to minecraft:item - quark:polished_andesite_vertical_slab
[12May2025 05:36:48.403] [main/DEBUG] [quark-zeta/]: Registering to minecraft:item - quark:polished_diorite_vertical_slab
[12May2025 05:36:48.403] [main/DEBUG] [quark-zeta/]: Registering to minecraft:item - quark:polished_granite_vertical_slab
[12May2025 05:36:48.403] [main/DEBUG] [quark-zeta/]: Registering to minecraft:item - quark:prismarine_vertical_slab
[12May2025 05:36:48.403] [main/DEBUG] [quark-zeta/]: Registering to minecraft:item - quark:prismarine_brick_vertical_slab
[12May2025 05:36:48.403] [main/DEBUG] [quark-zeta/]: Registering to minecraft:item - quark:purpur_vertical_slab
[12May2025 05:36:48.403] [main/DEBUG] [quark-zeta/]: Registering to minecraft:item - quark:quartz_vertical_slab
[12May2025 05:36:48.403] [main/DEBUG] [quark-zeta/]: Registering to minecraft:item - quark:red_nether_brick_vertical_slab
[12May2025 05:36:48.403] [main/DEBUG] [quark-zeta/]: Registering to minecraft:item - quark:red_sandstone_vertical_slab
[12May2025 05:36:48.404] [main/DEBUG] [quark-zeta/]: Registering to minecraft:item - quark:sandstone_vertical_slab
[12May2025 05:36:48.404] [main/DEBUG] [quark-zeta/]: Registering to minecraft:item - quark:smooth_quartz_vertical_slab
[12May2025 05:36:48.404] [main/DEBUG] [quark-zeta/]: Registering to minecraft:item - quark:smooth_red_sandstone_vertical_slab
[12May2025 05:36:48.404] [main/DEBUG] [quark-zeta/]: Registering to minecraft:item - quark:smooth_sandstone_vertical_slab
[12May2025 05:36:48.404] [main/DEBUG] [quark-zeta/]: Registering to minecraft:item - quark:smooth_stone_vertical_slab
[12May2025 05:36:48.404] [main/DEBUG] [quark-zeta/]: Registering to minecraft:item - quark:spruce_vertical_slab
[12May2025 05:36:48.404] [main/DEBUG] [quark-zeta/]: Registering to minecraft:item - quark:stone_vertical_slab
[12May2025 05:36:48.404] [main/DEBUG] [quark-zeta/]: Registering to minecraft:item - quark:stone_brick_vertical_slab
[12May2025 05:36:48.404] [main/DEBUG] [quark-zeta/]: Registering to minecraft:item - quark:blackstone_vertical_slab
[12May2025 05:36:48.404] [main/DEBUG] [quark-zeta/]: Registering to minecraft:item - quark:polished_blackstone_vertical_slab
[12May2025 05:36:48.404] [main/DEBUG] [quark-zeta/]: Registering to minecraft:item - quark:polished_blackstone_brick_vertical_slab
[12May2025 05:36:48.404] [main/DEBUG] [quark-zeta/]: Registering to minecraft:item - quark:crimson_vertical_slab
[12May2025 05:36:48.404] [main/DEBUG] [quark-zeta/]: Registering to minecraft:item - quark:warped_vertical_slab
[12May2025 05:36:48.404] [main/DEBUG] [quark-zeta/]: Registering to minecraft:item - quark:cobbled_deepslate_vertical_slab
[12May2025 05:36:48.404] [main/DEBUG] [quark-zeta/]: Registering to minecraft:item - quark:polished_deepslate_vertical_slab
[12May2025 05:36:48.404] [main/DEBUG] [quark-zeta/]: Registering to minecraft:item - quark:deepslate_brick_vertical_slab
[12May2025 05:36:48.404] [main/DEBUG] [quark-zeta/]: Registering to minecraft:item - quark:deepslate_tile_vertical_slab
[12May2025 05:36:48.404] [main/DEBUG] [quark-zeta/]: Registering to minecraft:item - quark:mangrove_vertical_slab
[12May2025 05:36:48.405] [main/DEBUG] [quark-zeta/]: Registering to minecraft:item - quark:mud_brick_vertical_slab
[12May2025 05:36:48.405] [main/DEBUG] [quark-zeta/]: Registering to minecraft:item - quark:cherry_vertical_slab
[12May2025 05:36:48.405] [main/DEBUG] [quark-zeta/]: Registering to minecraft:item - quark:bamboo_vertical_slab
[12May2025 05:36:48.405] [main/DEBUG] [quark-zeta/]: Registering to minecraft:item - quark:bamboo_mosaic_vertical_slab
[12May2025 05:36:48.405] [main/DEBUG] [quark-zeta/]: Registering to minecraft:item - quark:cut_copper_vertical_slab
[12May2025 05:36:48.405] [main/DEBUG] [quark-zeta/]: Registering to minecraft:item - quark:waxed_cut_copper_vertical_slab
[12May2025 05:36:48.405] [main/DEBUG] [quark-zeta/]: Registering to minecraft:item - quark:exposed_cut_copper_vertical_slab
[12May2025 05:36:48.405] [main/DEBUG] [quark-zeta/]: Registering to minecraft:item - quark:waxed_exposed_cut_copper_vertical_slab
[12May2025 05:36:48.405] [main/DEBUG] [quark-zeta/]: Registering to minecraft:item - quark:weathered_cut_copper_vertical_slab
[12May2025 05:36:48.405] [main/DEBUG] [quark-zeta/]: Registering to minecraft:item - quark:waxed_weathered_cut_copper_vertical_slab
[12May2025 05:36:48.405] [main/DEBUG] [quark-zeta/]: Registering to minecraft:item - quark:oxidized_cut_copper_vertical_slab
[12May2025 05:36:48.405] [main/DEBUG] [quark-zeta/]: Registering to minecraft:item - quark:waxed_oxidized_cut_copper_vertical_slab
[12May2025 05:36:48.405] [main/DEBUG] [quark-zeta/]: Registering to minecraft:item - quark:ancient_planks_vertical_slab
[12May2025 05:36:48.405] [main/DEBUG] [quark-zeta/]: Registering to minecraft:item - quark:azalea_planks_vertical_slab
[12May2025 05:36:48.405] [main/DEBUG] [quark-zeta/]: Registering to minecraft:item - quark:blossom_planks_vertical_slab
[12May2025 05:36:48.405] [main/DEBUG] [quark-zeta/]: Registering to minecraft:item - quark:duskbound_block_vertical_slab
[12May2025 05:36:48.405] [main/DEBUG] [quark-zeta/]: Registering to minecraft:item - quark:iron_plate_vertical_slab
[12May2025 05:36:48.405] [main/DEBUG] [quark-zeta/]: Registering to minecraft:item - quark:rusty_iron_plate_vertical_slab
[12May2025 05:36:48.405] [main/DEBUG] [quark-zeta/]: Registering to minecraft:item - quark:midori_block_vertical_slab
[12May2025 05:36:48.406] [main/DEBUG] [quark-zeta/]: Registering to minecraft:item - quark:blue_nether_bricks_vertical_slab
[12May2025 05:36:48.406] [main/DEBUG] [quark-zeta/]: Registering to minecraft:item - quark:sandstone_bricks_vertical_slab
[12May2025 05:36:48.406] [main/DEBUG] [quark-zeta/]: Registering to minecraft:item - quark:red_sandstone_bricks_vertical_slab
[12May2025 05:36:48.406] [main/DEBUG] [quark-zeta/]: Registering to minecraft:item - quark:soul_sandstone_bricks_vertical_slab
[12May2025 05:36:48.406] [main/DEBUG] [quark-zeta/]: Registering to minecraft:item - quark:cobblestone_bricks_vertical_slab
[12May2025 05:36:48.406] [main/DEBUG] [quark-zeta/]: Registering to minecraft:item - quark:mossy_cobblestone_bricks_vertical_slab
[12May2025 05:36:48.406] [main/DEBUG] [quark-zeta/]: Registering to minecraft:item - quark:blackstone_bricks_vertical_slab
[12May2025 05:36:48.406] [main/DEBUG] [quark-zeta/]: Registering to minecraft:item - quark:dirt_bricks_vertical_slab
[12May2025 05:36:48.406] [main/DEBUG] [quark-zeta/]: Registering to minecraft:item - quark:netherrack_bricks_vertical_slab
[12May2025 05:36:48.406] [main/DEBUG] [quark-zeta/]: Registering to minecraft:item - quark:limestone_vertical_slab
[12May2025 05:36:48.406] [main/DEBUG] [quark-zeta/]: Registering to minecraft:item - quark:polished_limestone_vertical_slab
[12May2025 05:36:48.406] [main/DEBUG] [quark-zeta/]: Registering to minecraft:item - quark:jasper_vertical_slab
[12May2025 05:36:48.406] [main/DEBUG] [quark-zeta/]: Registering to minecraft:item - quark:polished_jasper_vertical_slab
[12May2025 05:36:48.406] [main/DEBUG] [quark-zeta/]: Registering to minecraft:item - quark:shale_vertical_slab
[12May2025 05:36:48.406] [main/DEBUG] [quark-zeta/]: Registering to minecraft:item - quark:polished_shale_vertical_slab
[12May2025 05:36:48.406] [main/DEBUG] [quark-zeta/]: Registering to minecraft:item - quark:myalite_vertical_slab
[12May2025 05:36:48.406] [main/DEBUG] [quark-zeta/]: Registering to minecraft:item - quark:polished_myalite_vertical_slab
[12May2025 05:36:48.406] [main/DEBUG] [quark-zeta/]: Registering to minecraft:item - quark:permafrost_vertical_slab
[12May2025 05:36:48.406] [main/DEBUG] [quark-zeta/]: Registering to minecraft:item - quark:permafrost_bricks_vertical_slab
[12May2025 05:36:48.406] [main/DEBUG] [quark-zeta/]: Registering to minecraft:item - quark:raw_iron_bricks_vertical_slab
[12May2025 05:36:48.406] [main/DEBUG] [quark-zeta/]: Registering to minecraft:item - quark:raw_gold_bricks_vertical_slab
[12May2025 05:36:48.407] [main/DEBUG] [quark-zeta/]: Registering to minecraft:item - quark:raw_copper_bricks_vertical_slab
[12May2025 05:36:48.407] [main/DEBUG] [quark-zeta/]: Registering to minecraft:item - quark:shingles_vertical_slab
[12May2025 05:36:48.407] [main/DEBUG] [quark-zeta/]: Registering to minecraft:item - quark:white_shingles_vertical_slab
[12May2025 05:36:48.407] [main/DEBUG] [quark-zeta/]: Registering to minecraft:item - quark:orange_shingles_vertical_slab
[12May2025 05:36:48.407] [main/DEBUG] [quark-zeta/]: Registering to minecraft:item - quark:magenta_shingles_vertical_slab
[12May2025 05:36:48.407] [main/DEBUG] [quark-zeta/]: Registering to minecraft:item - quark:light_blue_shingles_vertical_slab
[12May2025 05:36:48.407] [main/DEBUG] [quark-zeta/]: Registering to minecraft:item - quark:yellow_shingles_vertical_slab
[12May2025 05:36:48.407] [main/DEBUG] [quark-zeta/]: Registering to minecraft:item - quark:lime_shingles_vertical_slab
[12May2025 05:36:48.407] [main/DEBUG] [quark-zeta/]: Registering to minecraft:item - quark:pink_shingles_vertical_slab
[12May2025 05:36:48.407] [main/DEBUG] [quark-zeta/]: Registering to minecraft:item - quark:gray_shingles_vertical_slab
[12May2025 05:36:48.407] [main/DEBUG] [quark-zeta/]: Registering to minecraft:item - quark:light_gray_shingles_vertical_slab
[12May2025 05:36:48.407] [main/DEBUG] [quark-zeta/]: Registering to minecraft:item - quark:cyan_shingles_vertical_slab
[12May2025 05:36:48.407] [main/DEBUG] [quark-zeta/]: Registering to minecraft:item - quark:purple_shingles_vertical_slab
[12May2025 05:36:48.407] [main/DEBUG] [quark-zeta/]: Registering to minecraft:item - quark:blue_shingles_vertical_slab
[12May2025 05:36:48.407] [main/DEBUG] [quark-zeta/]: Registering to minecraft:item - quark:brown_shingles_vertical_slab
[12May2025 05:36:48.407] [main/DEBUG] [quark-zeta/]: Registering to minecraft:item - quark:green_shingles_vertical_slab
[12May2025 05:36:48.407] [main/DEBUG] [quark-zeta/]: Registering to minecraft:item - quark:red_shingles_vertical_slab
[12May2025 05:36:48.407] [main/DEBUG] [quark-zeta/]: Registering to minecraft:item - quark:black_shingles_vertical_slab
[12May2025 05:36:48.407] [main/DEBUG] [quark-zeta/]: Registering to minecraft:item - quark:soul_sandstone_vertical_slab
[12May2025 05:36:48.407] [main/DEBUG] [quark-zeta/]: Registering to minecraft:item - quark:cut_soul_sandstone_vertical_slab
[12May2025 05:36:48.408] [main/DEBUG] [quark-zeta/]: Registering to minecraft:item - quark:smooth_soul_sandstone_vertical_slab
[12May2025 05:36:48.408] [main/DEBUG] [quark-zeta/]: Registering to minecraft:item - quark:thatch_vertical_slab
[12May2025 05:36:48.408] [main/DEBUG] [quark-zeta/]: Registering to minecraft:item - quark:calcite_vertical_slab
[12May2025 05:36:48.408] [main/DEBUG] [quark-zeta/]: Registering to minecraft:item - quark:polished_calcite_vertical_slab
[12May2025 05:36:48.408] [main/DEBUG] [quark-zeta/]: Registering to minecraft:item - quark:dripstone_block_vertical_slab
[12May2025 05:36:48.408] [main/DEBUG] [quark-zeta/]: Registering to minecraft:item - quark:polished_dripstone_vertical_slab
[12May2025 05:36:48.408] [main/DEBUG] [quark-zeta/]: Registering to minecraft:item - quark:tuff_vertical_slab
[12May2025 05:36:48.408] [main/DEBUG] [quark-zeta/]: Registering to minecraft:item - quark:polished_tuff_vertical_slab
[12May2025 05:36:48.408] [main/DEBUG] [quark-zeta/]: Registering to minecraft:item - quark:granite_bricks_vertical_slab
[12May2025 05:36:48.409] [main/DEBUG] [quark-zeta/]: Registering to minecraft:item - quark:diorite_bricks_vertical_slab
[12May2025 05:36:48.410] [main/DEBUG] [quark-zeta/]: Registering to minecraft:item - quark:andesite_bricks_vertical_slab
[12May2025 05:36:48.410] [main/DEBUG] [quark-zeta/]: Registering to minecraft:item - quark:calcite_bricks_vertical_slab
[12May2025 05:36:48.410] [main/DEBUG] [quark-zeta/]: Registering to minecraft:item - quark:dripstone_bricks_vertical_slab
[12May2025 05:36:48.410] [main/DEBUG] [quark-zeta/]: Registering to minecraft:item - quark:tuff_bricks_vertical_slab
[12May2025 05:36:48.410] [main/DEBUG] [quark-zeta/]: Registering to minecraft:item - quark:limestone_bricks_vertical_slab
[12May2025 05:36:48.410] [main/DEBUG] [quark-zeta/]: Registering to minecraft:item - quark:jasper_bricks_vertical_slab
[12May2025 05:36:48.410] [main/DEBUG] [quark-zeta/]: Registering to minecraft:item - quark:shale_bricks_vertical_slab
[12May2025 05:36:48.410] [main/DEBUG] [quark-zeta/]: Registering to minecraft:item - quark:myalite_bricks_vertical_slab
[12May2025 05:36:48.415] [main/DEBUG] [mixin/]: Mixing self.SelfDispenserMinecraftMixin from supplementaries.mixins.json into net.mehvahdjukaar.supplementaries.common.entities.dispenser_minecart.DispenserMinecartEntity
[12May2025 05:36:48.416] [main/DEBUG] [mixin/]: Renaming synthetic method lambda$reviveCaps$1()Lnet/minecraftforge/items/wrapper/InvWrapper; to md5e188f$lambda$reviveCaps$1$0 in supplementaries.mixins.json:self.SelfDispenserMinecraftMixin
[12May2025 05:36:48.416] [main/DEBUG] [mixin/]: Renaming synthetic method lambda$new$0()Lnet/minecraftforge/items/wrapper/InvWrapper; to md5e188f$lambda$new$0$1 in supplementaries.mixins.json:self.SelfDispenserMinecraftMixin
[12May2025 05:36:48.532] [main/DEBUG] [quark-zeta/]: Registering to minecraft:entity_type - quark:quark_boat
[12May2025 05:36:48.532] [main/DEBUG] [quark-zeta/]: Registering to minecraft:entity_type - quark:quark_chest_boat
[12May2025 05:36:48.532] [main/DEBUG] [quark-zeta/]: Registering to minecraft:entity_type - quark:crab
[12May2025 05:36:48.533] [main/DEBUG] [quark-zeta/]: Registering to minecraft:entity_type - quark:dyed_item_frame
[12May2025 05:36:48.533] [main/DEBUG] [quark-zeta/]: Registering to minecraft:entity_type - quark:forgotten
[12May2025 05:36:48.533] [main/DEBUG] [quark-zeta/]: Registering to minecraft:entity_type - quark:foxhound
[12May2025 05:36:48.533] [main/DEBUG] [quark-zeta/]: Registering to minecraft:entity_type - quark:glass_frame
[12May2025 05:36:48.533] [main/DEBUG] [quark-zeta/]: Registering to minecraft:entity_type - quark:gravisand
[12May2025 05:36:48.533] [main/DEBUG] [quark-zeta/]: Registering to minecraft:entity_type - quark:parrot_egg
[12May2025 05:36:48.533] [main/DEBUG] [quark-zeta/]: Registering to minecraft:entity_type - quark:pickarang
[12May2025 05:36:48.533] [main/DEBUG] [quark-zeta/]: Registering to minecraft:entity_type - quark:flamerang
[12May2025 05:36:48.533] [main/DEBUG] [quark-zeta/]: Registering to minecraft:entity_type - quark:shiba
[12May2025 05:36:48.534] [main/DEBUG] [quark-zeta/]: Registering to minecraft:entity_type - quark:skull_pike
[12May2025 05:36:48.534] [main/DEBUG] [quark-zeta/]: Registering to minecraft:entity_type - quark:stoneling
[12May2025 05:36:48.534] [main/DEBUG] [quark-zeta/]: Registering to minecraft:entity_type - quark:stool
[12May2025 05:36:48.534] [main/DEBUG] [quark-zeta/]: Registering to minecraft:entity_type - quark:torch_arrow
[12May2025 05:36:48.534] [main/DEBUG] [quark-zeta/]: Registering to minecraft:entity_type - quark:toretoise
[12May2025 05:36:48.534] [main/DEBUG] [quark-zeta/]: Registering to minecraft:entity_type - quark:totem
[12May2025 05:36:48.534] [main/DEBUG] [quark-zeta/]: Registering to minecraft:entity_type - quark:wraith
[12May2025 05:36:48.534] [main/DEBUG] [quark-zeta/]: Registering to minecraft:entity_type - quark:soul_bead
[12May2025 05:36:48.563] [main/DEBUG] [quark-zeta/]: Registering to minecraft:potion - quark:resilience
[12May2025 05:36:48.563] [main/DEBUG] [quark-zeta/]: Registering to minecraft:potion - quark:long_resilience
[12May2025 05:36:48.563] [main/DEBUG] [quark-zeta/]: Registering to minecraft:potion - quark:strong_resilience
[12May2025 05:36:48.579] [main/DEBUG] [mixin/]: Mixing perf.dynamic_dfu.DataFixersMixin from modernfix-common.mixins.json into net.minecraft.util.datafix.DataFixers
[12May2025 05:36:48.580] [main/DEBUG] [mixin/]: Renaming synthetic method lambda$createLazyFixerUpper$0(Ljava/util/Set;)Lcom/mojang/datafixers/DataFixer; to md5e188f$lambda$createLazyFixerUpper$0$0 in modernfix-common.mixins.json:perf.dynamic_dfu.DataFixersMixin
[12May2025 05:36:48.673] [main/INFO] [ModernFix/]: Bypassed Mojang DFU
[12May2025 05:36:48.674] [main/INFO] [ModernFix/]: Instantiating Mojang DFU
[12May2025 05:36:49.433] [main/DEBUG] [quark-zeta/]: Registering to minecraft:block_entity_type - quark:cloud
[12May2025 05:36:49.433] [main/DEBUG] [quark-zeta/]: Registering to minecraft:block_entity_type - quark:chute
[12May2025 05:36:49.434] [main/DEBUG] [quark-zeta/]: Registering to minecraft:block_entity_type - quark:crafter
[12May2025 05:36:49.434] [main/DEBUG] [quark-zeta/]: Registering to minecraft:block_entity_type - quark:crate
[12May2025 05:36:49.434] [main/DEBUG] [quark-zeta/]: Registering to minecraft:block_entity_type - quark:ender_watcher
[12May2025 05:36:49.434] [main/DEBUG] [quark-zeta/]: Registering to minecraft:block_entity_type - quark:feeding_trough
[12May2025 05:36:49.434] [main/DEBUG] [quark-zeta/]: Registering to minecraft:block_entity_type - quark:magnet
[12May2025 05:36:49.434] [main/DEBUG] [quark-zeta/]: Registering to minecraft:block_entity_type - quark:magnetized_block
[12May2025 05:36:49.434] [main/DEBUG] [quark-zeta/]: Registering to minecraft:block_entity_type - quark:matrix_enchanting
[12May2025 05:36:49.434] [main/DEBUG] [quark-zeta/]: Registering to minecraft:block_entity_type - quark:monster_box
[12May2025 05:36:49.434] [main/DEBUG] [quark-zeta/]: Registering to minecraft:block_entity_type - quark:pipe
[12May2025 05:36:49.434] [main/DEBUG] [quark-zeta/]: Registering to minecraft:block_entity_type - quark:tiny_potato
[12May2025 05:36:49.435] [main/DEBUG] [quark-zeta/]: Registering to minecraft:block_entity_type - quark:variant_furnace
[12May2025 05:36:49.435] [main/DEBUG] [quark-zeta/]: Registering to minecraft:block_entity_type - quark:variant_chest
[12May2025 05:36:49.435] [main/DEBUG] [quark-zeta/]: Registering to minecraft:block_entity_type - quark:variant_trapped_chest
[12May2025 05:36:49.435] [main/DEBUG] [quark-zeta/]: Registering to minecraft:block_entity_type - quark:lootr_variant_chest
[12May2025 05:36:49.435] [main/DEBUG] [quark-zeta/]: Registering to minecraft:block_entity_type - quark:lootr_variant_trapped_chest
[12May2025 05:36:49.506] [main/DEBUG] [quark-zeta/]: Registering to minecraft:menu - quark:backpack
[12May2025 05:36:49.506] [main/DEBUG] [quark-zeta/]: Registering to minecraft:menu - quark:crafter
[12May2025 05:36:49.506] [main/DEBUG] [quark-zeta/]: Registering to minecraft:menu - quark:crate
[12May2025 05:36:49.506] [main/DEBUG] [quark-zeta/]: Registering to minecraft:menu - quark:held_shulker_box
[12May2025 05:36:49.506] [main/DEBUG] [quark-zeta/]: Registering to minecraft:menu - quark:matrix_enchanting
[12May2025 05:36:49.529] [main/DEBUG] [mixin/]: Mixing AccessorSmithingTransformRecipe from patchouli_xplat.mixins.json into net.minecraft.world.item.crafting.SmithingTransformRecipe
[12May2025 05:36:49.561] [main/DEBUG] [zeta-internal/]: Registering to minecraft:recipe_serializer - zeta:dye_item
[12May2025 05:36:49.562] [main/DEBUG] [quark-zeta/]: Registering to minecraft:recipe_serializer - quark:dye_item
[12May2025 05:36:49.562] [main/DEBUG] [quark-zeta/]: Registering to minecraft:recipe_serializer - quark:exclusion
[12May2025 05:36:49.562] [main/DEBUG] [quark-zeta/]: Registering to minecraft:recipe_serializer - quark:smithing_rune
[12May2025 05:36:49.562] [main/DEBUG] [quark-zeta/]: Registering to minecraft:recipe_serializer - quark:elytra_duplication
[12May2025 05:36:49.562] [main/DEBUG] [quark-zeta/]: Registering to minecraft:recipe_serializer - quark:slab_to_block
[12May2025 05:36:49.562] [main/DEBUG] [quark-zeta/]: Registering to minecraft:recipe_serializer - quark:mixed_exclusion
[12May2025 05:36:49.609] [main/DEBUG] [quark-zeta/]: Registering to minecraft:point_of_interest_type - quark:feeding_trough
[12May2025 05:36:49.774] [main/DEBUG] [zeta-internal/]: Registering to minecraft:worldgen/feature - zeta:deferred_feature_raw_generation
[12May2025 05:36:49.774] [main/DEBUG] [zeta-internal/]: Registering to minecraft:worldgen/feature - zeta:deferred_feature_lakes
[12May2025 05:36:49.774] [main/DEBUG] [zeta-internal/]: Registering to minecraft:worldgen/feature - zeta:deferred_feature_local_modifications
[12May2025 05:36:49.774] [main/DEBUG] [zeta-internal/]: Registering to minecraft:worldgen/feature - zeta:deferred_feature_underground_structures
[12May2025 05:36:49.774] [main/DEBUG] [zeta-internal/]: Registering to minecraft:worldgen/feature - zeta:deferred_feature_surface_structures
[12May2025 05:36:49.775] [main/DEBUG] [zeta-internal/]: Registering to minecraft:worldgen/feature - zeta:deferred_feature_strongholds
[12May2025 05:36:49.775] [main/DEBUG] [zeta-internal/]: Registering to minecraft:worldgen/feature - zeta:deferred_feature_underground_ores
[12May2025 05:36:49.775] [main/DEBUG] [zeta-internal/]: Registering to minecraft:worldgen/feature - zeta:deferred_feature_underground_decoration
[12May2025 05:36:49.775] [main/DEBUG] [zeta-internal/]: Registering to minecraft:worldgen/feature - zeta:deferred_feature_fluid_springs
[12May2025 05:36:49.775] [main/DEBUG] [zeta-internal/]: Registering to minecraft:worldgen/feature - zeta:deferred_feature_vegetal_decoration
[12May2025 05:36:49.775] [main/DEBUG] [zeta-internal/]: Registering to minecraft:worldgen/feature - zeta:deferred_feature_top_layer_modification
[12May2025 05:36:49.775] [main/DEBUG] [quark-zeta/]: Registering to minecraft:worldgen/feature - quark:glow_shrooms
[12May2025 05:36:49.775] [main/DEBUG] [quark-zeta/]: Registering to minecraft:worldgen/feature - quark:glow_shrooms_extras
[12May2025 05:36:49.818] [main/DEBUG] [quark-zeta/]: Registering to minecraft:worldgen/foliage_placer_type - quark:offset_fancy_foliage_placer
[12May2025 05:36:49.825] [main/DEBUG] [quark-zeta/]: Registering to minecraft:worldgen/trunk_placer_type - quark:multi_foliage_straight_trunk_placer
[12May2025 05:36:49.837] [main/DEBUG] [quark-zeta/]: Registering to minecraft:worldgen/tree_decorator_type - quark:ancient_tree_topper_decorator
[12May2025 05:36:49.913] [main/DEBUG] [mixin/]: Mixing PotionUtilsMixin from quark.mixins.json into net.minecraft.world.item.alchemy.PotionUtils
[12May2025 05:36:50.134] [main/INFO] [quark-zeta/]: Dispatching ForgeZEntityAttributeCreation (as ZEntityAttributeCreation) to 7 listeners
[12May2025 05:36:50.361] [main/DEBUG] [net.minecraftforge.fml.config.ConfigTracker/CONFIG]: Loading configs type COMMON
[12May2025 05:36:50.362] [main/DEBUG] [net.minecraftforge.fml.config.ConfigFileTypeHandler/CONFIG]: Built TOML config for /workspaces/MS-1/servidor_minecraft/config/sophisticatedcore-common.toml
[12May2025 05:36:50.363] [main/DEBUG] [net.minecraftforge.fml.config.ConfigFileTypeHandler/CONFIG]: Loaded TOML config file /workspaces/MS-1/servidor_minecraft/config/sophisticatedcore-common.toml
[12May2025 05:36:50.365] [main/DEBUG] [net.minecraftforge.fml.config.ConfigFileTypeHandler/CONFIG]: Watching TOML config file /workspaces/MS-1/servidor_minecraft/config/sophisticatedcore-common.toml for changes
[12May2025 05:36:50.366] [main/DEBUG] [net.minecraftforge.fml.config.ConfigFileTypeHandler/CONFIG]: Built TOML config for /workspaces/MS-1/servidor_minecraft/config/modernfix-common.toml
[12May2025 05:36:50.367] [main/DEBUG] [net.minecraftforge.fml.config.ConfigFileTypeHandler/CONFIG]: Loaded TOML config file /workspaces/MS-1/servidor_minecraft/config/modernfix-common.toml
[12May2025 05:36:50.367] [main/DEBUG] [net.minecraftforge.fml.config.ConfigFileTypeHandler/CONFIG]: Watching TOML config file /workspaces/MS-1/servidor_minecraft/config/modernfix-common.toml for changes
[12May2025 05:36:50.368] [main/DEBUG] [net.minecraftforge.fml.config.ConfigFileTypeHandler/CONFIG]: Built TOML config for /workspaces/MS-1/servidor_minecraft/config/waystones-common.toml
[12May2025 05:36:50.368] [main/DEBUG] [net.minecraftforge.fml.config.ConfigFileTypeHandler/CONFIG]: Loaded TOML config file /workspaces/MS-1/servidor_minecraft/config/waystones-common.toml
[12May2025 05:36:50.369] [main/DEBUG] [net.minecraftforge.fml.config.ConfigFileTypeHandler/CONFIG]: Watching TOML config file /workspaces/MS-1/servidor_minecraft/config/waystones-common.toml for changes
[12May2025 05:36:50.373] [main/DEBUG] [net.minecraftforge.fml.config.ConfigFileTypeHandler/CONFIG]: Built TOML config for /workspaces/MS-1/servidor_minecraft/config/balm-common.toml
[12May2025 05:36:50.381] [main/DEBUG] [net.minecraftforge.fml.config.ConfigFileTypeHandler/CONFIG]: Loaded TOML config file /workspaces/MS-1/servidor_minecraft/config/balm-common.toml
[12May2025 05:36:50.381] [main/DEBUG] [net.minecraftforge.fml.config.ConfigFileTypeHandler/CONFIG]: Watching TOML config file /workspaces/MS-1/servidor_minecraft/config/balm-common.toml for changes
[12May2025 05:36:50.383] [main/DEBUG] [net.minecraftforge.fml.config.ConfigFileTypeHandler/CONFIG]: Built TOML config for /workspaces/MS-1/servidor_minecraft/config/sophisticatedbackpacks-common.toml
[12May2025 05:36:50.384] [main/DEBUG] [net.minecraftforge.fml.config.ConfigFileTypeHandler/CONFIG]: Loaded TOML config file /workspaces/MS-1/servidor_minecraft/config/sophisticatedbackpacks-common.toml
[12May2025 05:36:50.384] [main/DEBUG] [net.minecraftforge.fml.config.ConfigFileTypeHandler/CONFIG]: Watching TOML config file /workspaces/MS-1/servidor_minecraft/config/sophisticatedbackpacks-common.toml for changes
[12May2025 05:36:50.384] [main/DEBUG] [net.minecraftforge.fml.config.ConfigFileTypeHandler/CONFIG]: Built TOML config for /workspaces/MS-1/servidor_minecraft/config/blueprint-common.toml
[12May2025 05:36:50.384] [main/DEBUG] [net.minecraftforge.fml.config.ConfigFileTypeHandler/CONFIG]: Loaded TOML config file /workspaces/MS-1/servidor_minecraft/config/blueprint-common.toml
[12May2025 05:36:50.385] [main/DEBUG] [net.minecraftforge.fml.config.ConfigFileTypeHandler/CONFIG]: Watching TOML config file /workspaces/MS-1/servidor_minecraft/config/blueprint-common.toml for changes
[12May2025 05:36:50.385] [main/DEBUG] [net.minecraftforge.fml.config.ConfigFileTypeHandler/CONFIG]: Built TOML config for /workspaces/MS-1/servidor_minecraft/config/jeresources-common.toml
[12May2025 05:36:50.386] [main/DEBUG] [net.minecraftforge.fml.config.ConfigFileTypeHandler/CONFIG]: Loaded TOML config file /workspaces/MS-1/servidor_minecraft/config/jeresources-common.toml
[12May2025 05:36:50.386] [main/DEBUG] [net.minecraftforge.fml.config.ConfigFileTypeHandler/CONFIG]: Watching TOML config file /workspaces/MS-1/servidor_minecraft/config/jeresources-common.toml for changes
[12May2025 05:36:50.387] [main/DEBUG] [net.minecraftforge.fml.config.ConfigFileTypeHandler/CONFIG]: Built TOML config for /workspaces/MS-1/servidor_minecraft/config/betterfortresses-forge-1_20.toml
[12May2025 05:36:50.387] [main/DEBUG] [net.minecraftforge.fml.config.ConfigFileTypeHandler/CONFIG]: Loaded TOML config file /workspaces/MS-1/servidor_minecraft/config/betterfortresses-forge-1_20.toml
[12May2025 05:36:50.387] [main/DEBUG] [net.minecraftforge.fml.config.ConfigFileTypeHandler/CONFIG]: Watching TOML config file /workspaces/MS-1/servidor_minecraft/config/betterfortresses-forge-1_20.toml for changes
[12May2025 05:36:50.388] [main/DEBUG] [net.minecraftforge.fml.config.ConfigFileTypeHandler/CONFIG]: Built TOML config for /workspaces/MS-1/servidor_minecraft/config/twilightforest-common.toml
[12May2025 05:36:50.389] [main/DEBUG] [net.minecraftforge.fml.config.ConfigFileTypeHandler/CONFIG]: Loaded TOML config file /workspaces/MS-1/servidor_minecraft/config/twilightforest-common.toml
[12May2025 05:36:50.389] [main/DEBUG] [net.minecraftforge.fml.config.ConfigFileTypeHandler/CONFIG]: Watching TOML config file /workspaces/MS-1/servidor_minecraft/config/twilightforest-common.toml for changes
[12May2025 05:36:50.390] [main/DEBUG] [net.minecraftforge.fml.config.ConfigFileTypeHandler/CONFIG]: Built TOML config for /workspaces/MS-1/servidor_minecraft/config/torchmaster.toml
[12May2025 05:36:50.390] [main/DEBUG] [net.minecraftforge.fml.config.ConfigFileTypeHandler/CONFIG]: Loaded TOML config file /workspaces/MS-1/servidor_minecraft/config/torchmaster.toml
[12May2025 05:36:50.390] [main/DEBUG] [net.minecraftforge.fml.config.ConfigFileTypeHandler/CONFIG]: Watching TOML config file /workspaces/MS-1/servidor_minecraft/config/torchmaster.toml for changes
[12May2025 05:36:50.391] [main/DEBUG] [net.minecraftforge.fml.config.ConfigFileTypeHandler/CONFIG]: Built TOML config for /workspaces/MS-1/servidor_minecraft/config/bcc-common.toml
[12May2025 05:36:50.391] [main/DEBUG] [net.minecraftforge.fml.config.ConfigFileTypeHandler/CONFIG]: Loaded TOML config file /workspaces/MS-1/servidor_minecraft/config/bcc-common.toml
[12May2025 05:36:50.391] [main/DEBUG] [net.minecraftforge.fml.config.ConfigFileTypeHandler/CONFIG]: Watching TOML config file /workspaces/MS-1/servidor_minecraft/config/bcc-common.toml for changes
[12May2025 05:36:50.392] [main/DEBUG] [net.minecraftforge.fml.config.ConfigFileTypeHandler/CONFIG]: Built TOML config for /workspaces/MS-1/servidor_minecraft/config/moonlight-common.toml
[12May2025 05:36:50.392] [main/DEBUG] [net.minecraftforge.fml.config.ConfigFileTypeHandler/CONFIG]: Loaded TOML config file /workspaces/MS-1/servidor_minecraft/config/moonlight-common.toml
[12May2025 05:36:50.392] [main/DEBUG] [net.minecraftforge.fml.config.ConfigFileTypeHandler/CONFIG]: Watching TOML config file /workspaces/MS-1/servidor_minecraft/config/moonlight-common.toml for changes
[12May2025 05:36:50.395] [main/DEBUG] [net.minecraftforge.fml.config.ConfigFileTypeHandler/CONFIG]: Built TOML config for /workspaces/MS-1/servidor_minecraft/config/immersiveengineering-common.toml
[12May2025 05:36:50.395] [main/DEBUG] [net.minecraftforge.fml.config.ConfigFileTypeHandler/CONFIG]: Loaded TOML config file /workspaces/MS-1/servidor_minecraft/config/immersiveengineering-common.toml
[12May2025 05:36:50.396] [main/DEBUG] [net.minecraftforge.fml.config.ConfigFileTypeHandler/CONFIG]: Watching TOML config file /workspaces/MS-1/servidor_minecraft/config/immersiveengineering-common.toml for changes
[12May2025 05:36:50.399] [main/DEBUG] [net.minecraftforge.fml.config.ConfigFileTypeHandler/CONFIG]: Built TOML config for /workspaces/MS-1/servidor_minecraft/config/botania-common.toml
[12May2025 05:36:50.399] [main/DEBUG] [net.minecraftforge.fml.config.ConfigFileTypeHandler/CONFIG]: Loaded TOML config file /workspaces/MS-1/servidor_minecraft/config/botania-common.toml
[12May2025 05:36:50.400] [main/DEBUG] [net.minecraftforge.fml.config.ConfigFileTypeHandler/CONFIG]: Watching TOML config file /workspaces/MS-1/servidor_minecraft/config/botania-common.toml for changes
[12May2025 05:36:50.404] [main/DEBUG] [net.minecraftforge.fml.config.ConfigFileTypeHandler/CONFIG]: Built TOML config for /workspaces/MS-1/servidor_minecraft/config/zeta-common.toml
[12May2025 05:36:50.404] [main/DEBUG] [net.minecraftforge.fml.config.ConfigFileTypeHandler/CONFIG]: Loaded TOML config file /workspaces/MS-1/servidor_minecraft/config/zeta-common.toml
[12May2025 05:36:50.404] [main/DEBUG] [net.minecraftforge.fml.config.ConfigFileTypeHandler/CONFIG]: Watching TOML config file /workspaces/MS-1/servidor_minecraft/config/zeta-common.toml for changes
[12May2025 05:36:50.404] [main/INFO] [zeta-internal/]: Dispatching ZConfigChanged to 2 listeners
[12May2025 05:36:50.405] [main/INFO] [zeta/]: 'zeta' is enabling Zeta's piston structure resolver.
[12May2025 05:36:50.410] [main/DEBUG] [net.minecraftforge.fml.config.ConfigFileTypeHandler/CONFIG]: Built TOML config for /workspaces/MS-1/servidor_minecraft/config/lootr-common.toml
[12May2025 05:36:50.410] [main/DEBUG] [net.minecraftforge.fml.config.ConfigFileTypeHandler/CONFIG]: Loaded TOML config file /workspaces/MS-1/servidor_minecraft/config/lootr-common.toml
[12May2025 05:36:50.410] [main/DEBUG] [net.minecraftforge.fml.config.ConfigFileTypeHandler/CONFIG]: Watching TOML config file /workspaces/MS-1/servidor_minecraft/config/lootr-common.toml for changes
[12May2025 05:36:50.411] [main/DEBUG] [net.minecraftforge.fml.config.ConfigFileTypeHandler/CONFIG]: Built TOML config for /workspaces/MS-1/servidor_minecraft/config/supplementaries-common.toml
[12May2025 05:36:50.417] [main/DEBUG] [net.minecraftforge.fml.config.ConfigFileTypeHandler/CONFIG]: Loaded TOML config file /workspaces/MS-1/servidor_minecraft/config/supplementaries-common.toml
[12May2025 05:36:50.419] [main/DEBUG] [net.minecraftforge.fml.config.ConfigFileTypeHandler/CONFIG]: Watching TOML config file /workspaces/MS-1/servidor_minecraft/config/supplementaries-common.toml for changes
[12May2025 05:36:50.426] [main/DEBUG] [net.minecraftforge.fml.config.ConfigFileTypeHandler/CONFIG]: Built TOML config for /workspaces/MS-1/servidor_minecraft/config/quark-common.toml
[12May2025 05:36:50.444] [main/DEBUG] [net.minecraftforge.fml.config.ConfigFileTypeHandler/CONFIG]: Loaded TOML config file /workspaces/MS-1/servidor_minecraft/config/quark-common.toml
[12May2025 05:36:50.447] [main/DEBUG] [net.minecraftforge.fml.config.ConfigFileTypeHandler/CONFIG]: Watching TOML config file /workspaces/MS-1/servidor_minecraft/config/quark-common.toml for changes
[12May2025 05:36:50.458] [main/INFO] [quark-zeta/]: Dispatching ZConfigChanged to 45 listeners
[12May2025 05:36:50.506] [main/DEBUG] [net.minecraftforge.fml.config.ConfigFileTypeHandler/CONFIG]: Built TOML config for /workspaces/MS-1/servidor_minecraft/config/aiimprovements-common.toml
[12May2025 05:36:50.507] [main/DEBUG] [net.minecraftforge.fml.config.ConfigFileTypeHandler/CONFIG]: Loaded TOML config file /workspaces/MS-1/servidor_minecraft/config/aiimprovements-common.toml
[12May2025 05:36:50.508] [main/DEBUG] [net.minecraftforge.fml.config.ConfigFileTypeHandler/CONFIG]: Watching TOML config file /workspaces/MS-1/servidor_minecraft/config/aiimprovements-common.toml for changes
[12May2025 05:36:50.509] [main/DEBUG] [net.minecraftforge.fml.config.ConfigFileTypeHandler/CONFIG]: Built TOML config for /workspaces/MS-1/servidor_minecraft/config/Obscuria/aquamirae-common.toml
[12May2025 05:36:50.509] [main/DEBUG] [net.minecraftforge.fml.config.ConfigFileTypeHandler/CONFIG]: Loaded TOML config file /workspaces/MS-1/servidor_minecraft/config/Obscuria/aquamirae-common.toml
[12May2025 05:36:50.509] [main/DEBUG] [net.minecraftforge.fml.config.ConfigFileTypeHandler/CONFIG]: Watching TOML config file /workspaces/MS-1/servidor_minecraft/config/Obscuria/aquamirae-common.toml for changes
[12May2025 05:36:50.510] [main/DEBUG] [net.minecraftforge.fml.config.ConfigFileTypeHandler/CONFIG]: Built TOML config for /workspaces/MS-1/servidor_minecraft/config/unusualend-common.toml
[12May2025 05:36:50.511] [main/DEBUG] [net.minecraftforge.fml.config.ConfigFileTypeHandler/CONFIG]: Loaded TOML config file /workspaces/MS-1/servidor_minecraft/config/unusualend-common.toml
[12May2025 05:36:50.511] [main/DEBUG] [net.minecraftforge.fml.config.ConfigFileTypeHandler/CONFIG]: Watching TOML config file /workspaces/MS-1/servidor_minecraft/config/unusualend-common.toml for changes
[12May2025 05:36:50.812] [Thread-0/INFO] [ModernFix/]: Please use /mfsrc to reload any changed mod config files
[12May2025 05:36:50.892] [modloading-worker-0/DEBUG] [ModernFix/]: Cleared 19370 object holder stacktrace references
[12May2025 05:36:50.958] [modloading-worker-0/INFO] [Better Compatibility Checker/]: Better Compatibility Checker setup
[12May2025 05:36:50.989] [Immersive Engineering Contributors Thread/INFO] [immersiveengineering/]: Attempting to download special revolvers from GitHub
[12May2025 05:36:51.076] [Forge Version Check/INFO] [net.minecraftforge.fml.VersionChecker/]: [obscure_api] Starting version check at https://raw.githubusercontent.com/ObscuriaLithium/Home/main/obscure_api/versions.json
[12May2025 05:36:51.085] [modloading-worker-0/DEBUG] [net.minecraftforge.coremod.transformer.CoreModBaseTransformer/COREMOD]: Transforming net/minecraft/world/entity/raid/Raid
[12May2025 05:36:51.248] [modloading-worker-0/DEBUG] [botania/]: Instantiating vazkii.botania.common.impl.corporea.CorporeaHelperImpl for service vazkii.botania.api.corporea.CorporeaHelper
[12May2025 05:36:51.316] [modloading-worker-0/DEBUG] [mixin/]: Mixing MixinSlotAttribute from curios.mixins.json into top.theillusivec4.curios.api.SlotAttribute
[12May2025 05:36:51.323] [modloading-worker-0/DEBUG] [mixin/]: Mixing MixinCuriosApi from curios.mixins.json into top.theillusivec4.curios.api.CuriosApi
[12May2025 05:36:51.471] [Forge Version Check/DEBUG] [net.minecraftforge.fml.VersionChecker/]: [obscure_api] Received version check data:
404: Not Found
[12May2025 05:36:51.472] [Forge Version Check/WARN] [net.minecraftforge.fml.VersionChecker/]: Failed to process update information
com.google.gson.JsonSyntaxException: java.lang.IllegalStateException: Expected BEGIN_OBJECT but was NUMBER at line 1 column 4 path $
	at com.google.gson.Gson.fromJson(Gson.java:1226) ~[gson-2.10.jar%2372!/:?]
	at com.google.gson.Gson.fromJson(Gson.java:1124) ~[gson-2.10.jar%2372!/:?]
	at com.google.gson.Gson.fromJson(Gson.java:1034) ~[gson-2.10.jar%2372!/:?]
	at com.google.gson.Gson.fromJson(Gson.java:969) ~[gson-2.10.jar%2372!/:?]
	at net.minecraftforge.fml.VersionChecker$1.process(VersionChecker.java:183) ~[fmlcore-1.20.1-47.3.7.jar%23220!/:?]
	at java.lang.Iterable.forEach(Iterable.java:75) ~[?:?]
	at net.minecraftforge.fml.VersionChecker$1.run(VersionChecker.java:114) ~[fmlcore-1.20.1-47.3.7.jar%23220!/:?]
Caused by: java.lang.IllegalStateException: Expected BEGIN_OBJECT but was NUMBER at line 1 column 4 path $
	at com.google.gson.stream.JsonReader.beginObject(JsonReader.java:393) ~[gson-2.10.jar%2372!/:?]
	at com.google.gson.internal.bind.MapTypeAdapterFactory$Adapter.read(MapTypeAdapterFactory.java:182) ~[gson-2.10.jar%2372!/:?]
	at com.google.gson.internal.bind.MapTypeAdapterFactory$Adapter.read(MapTypeAdapterFactory.java:144) ~[gson-2.10.jar%2372!/:?]
	at com.google.gson.Gson.fromJson(Gson.java:1214) ~[gson-2.10.jar%2372!/:?]
	... 6 more
[12May2025 05:36:51.474] [Forge Version Check/INFO] [net.minecraftforge.fml.VersionChecker/]: [sound_physics_remastered] Starting version check at https://update.maxhenkel.de/forge/sound_physics_remastered
[12May2025 05:36:51.488] [modloading-worker-0/DEBUG] [patchouli/]: Instantiating xplat impl: vazkii.patchouli.forge.xplat.ForgeXplatImpl
[12May2025 05:36:51.533] [modloading-worker-0/INFO] [zeta-internal/]: Dispatching ForgeZCommonSetup (as ZCommonSetup) to 2 listeners
[12May2025 05:36:51.545] [modloading-worker-0/INFO] [quark-zeta/]: Dispatching ForgeZCommonSetup (as ZCommonSetup) to 40 listeners
[12May2025 05:36:51.624] [main/DEBUG] [net.minecraftforge.fml.DeferredWorkQueue/LOADING]: Dispatching synchronous work for work queue COMMON_SETUP: 57 jobs
[12May2025 05:36:51.814] [main/INFO] [Moonlight/]: Initialized color sets in 170ms
[12May2025 05:36:51.828] [main/INFO] [terrablender/]: Registered region minecraft:overworld to index 0 for type OVERWORLD
[12May2025 05:36:51.829] [main/INFO] [terrablender/]: Registered region minecraft:nether to index 0 for type NETHER
[12May2025 05:36:51.829] [main/INFO] [terrablender/]: Registered region biomesoplenty:overworld_primary to index 1 for type OVERWORLD
[12May2025 05:36:51.829] [main/INFO] [terrablender/]: Registered region biomesoplenty:overworld_secondary to index 2 for type OVERWORLD
[12May2025 05:36:51.829] [main/INFO] [terrablender/]: Registered region biomesoplenty:overworld_rare to index 3 for type OVERWORLD
[12May2025 05:36:51.829] [main/INFO] [terrablender/]: Registered region biomesoplenty:nether_common to index 1 for type NETHER
[12May2025 05:36:51.829] [main/INFO] [terrablender/]: Registered region biomesoplenty:nether_rare to index 2 for type NETHER
[12May2025 05:36:51.839] [main/DEBUG] [mixin/]: Mixing accessors.HeroGiftsTaskAccess from immersiveengineering.mixins.json into net.minecraft.world.entity.ai.behavior.GiveGiftToHero
[12May2025 05:36:51.908] [main/INFO] [zeta-internal/]: Dispatching ZConfigChanged to 2 listeners
[12May2025 05:36:51.912] [main/INFO] [quark-zeta/]: Dispatching ZConfigChanged to 45 listeners
[12May2025 05:36:51.960] [main/INFO] [terrablender/]: Registered region quark:biome_provider to index 4 for type OVERWORLD
[12May2025 05:36:52.049] [main/INFO] [Supplementaries/]: Finished mod setup in: [0, 11, 0, 2, 0, 0, 44, 21, 5] ms
[12May2025 05:36:52.110] [main/DEBUG] [net.minecraftforge.fml.DeferredWorkQueue/LOADING]: Synchronous work queue completed in 485.9 ms
[12May2025 05:36:52.184] [Forge Version Check/DEBUG] [net.minecraftforge.fml.VersionChecker/]: [sound_physics_remastered] Received version check data:
{"1.20.2":{"1.20.2-1.3.1":"Updated dependencies\nFixed mod icon size","1.20.2-1.3.0":""},"1.21.1":{"1.21.1-1.4.12":"Fixed mixin error"},"1.20.1":{"1.20.1-1.4.13":"Fixed mixin error","1.20.1-1.3.0":""},"1.21":{"1.21-1.4.6":""},"1.20":{"1.20-1.1.1":"Updated to 1.20"},"1.18":{"1.18-1.0.3":"Tweaked config values"},"1.19":{"1.19-1.0.15":"Disabled moving sounds by default due to performance impact"},"1.18.2":{"1.18.2-1.0.6":"Fixed crash when playing sounds that are null"},"1.19.1":{"1.19.1-1.0.15":"Disabled moving sounds by default due to performance impact"},"1.19.2":{"1.19.2-1.3.0":"","1.19.2-1.4.5":"Updated Simplified Chinese translation"},"1.19.3":{"1.19.3-1.1.0":"Updated ConfigBuilder\nAdded comments to the config\nRemoved sound blacklist regex\nAdded allowed sounds config\nFixed lag when saving in cloth config GUI\nFixed sound distance allowance not working with playsound commands","1.19.3-1.0.18":"Improved performance when having 'update_moving_sounds' enabled"},"1.19.4":{"1.19.4-1.1.1":"Fixed some cloth config settings not saving properly","1.19.4-1.2.1":""},"1.17.1":{"1.17.1-1.0.6":"Fixed crash when playing sounds that are null"},"1.18.1":{"1.18.1-1.0.6":"Fixed crash when playing sounds that are null"},"1.20.4":{"1.20.4-1.4.5":"Updated Simplified Chinese translation","1.20.4-1.3.0":""},"1.21.3":{"1.21.3-1.4.7":"Fixed issues with sounds being played far away\nFixed lag when being far away from 0, 0"},"promos":{"1.18.1-latest":"1.18.1-1.0.6","1.21.4-latest":"1.21.4-1.4.12","1.21.3-latest":"1.21.3-1.4.7","1.18.2-latest":"1.18.2-1.0.6","1.20-recommended":"1.20-1.1.1","1.19.3-recommended":"1.19.3-1.0.18","1.19.1-recommended":"1.19.1-1.0.15","1.21.5-latest":"1.21.5-1.4.12","1.21.1-latest":"1.21.1-1.4.12","1.19.4-recommended":"1.19.4-1.1.1","1.19-latest":"1.19-1.0.15","1.17.1-recommended":"1.17.1-1.0.6","1.19.2-recommended":"1.19.2-1.3.0","1.18-latest":"1.18-1.0.3","1.20.4-recommended":"1.20.4-1.3.0","1.21-latest":"1.21-1.4.6","1.20.1-recommended":"1.20.1-1.3.0","1.20.2-recommended":"1.20.2-1.3.0","1.20-latest":"1.20-1.1.1","1.18.2-recommended":"1.18.2-1.0.6","1.17.1-latest":"1.17.1-1.0.6","1.18.1-recommended":"1.18.1-1.0.6","1.20.1-latest":"1.20.1-1.4.13","1.20.2-latest":"1.20.2-1.3.1","1.19.2-latest":"1.19.2-1.4.5","1.19.4-latest":"1.19.4-1.2.1","1.19.3-latest":"1.19.3-1.1.0","1.19-recommended":"1.19-1.0.15","1.18-recommended":"1.18-1.0.3","1.20.4-latest":"1.20.4-1.4.5","1.19.1-latest":"1.19.1-1.0.15","1.20.6-latest":"1.20.6-1.4.5"},"1.20.6":{"1.20.6-1.4.5":"Updated Simplified Chinese translation"},"1.21.5":{"1.21.5-1.4.12":"Fixed mixin error"},"1.21.4":{"1.21.4-1.4.12":"Fixed mixin error"},"homepage":"https://www.curseforge.com/minecraft/mc-mods/sound-physics-remastered"}
[12May2025 05:36:52.185] [Forge Version Check/INFO] [net.minecraftforge.fml.VersionChecker/]: [sound_physics_remastered] Found status: AHEAD Current: 1.20.1-1.4.13 Target: null
[12May2025 05:36:52.187] [Forge Version Check/INFO] [net.minecraftforge.fml.VersionChecker/]: [forge] Starting version check at https://files.minecraftforge.net/net/minecraftforge/forge/promotions_slim.json
[12May2025 05:36:52.212] [modloading-worker-0/INFO] [xaero.map.server.WorldMapServer/]: Loading Xaero's World Map - Stage 1/2 (Server)
[12May2025 05:36:52.214] [modloading-worker-0/INFO] [xaero.minimap.XaeroMinimap/]: Loading Xaero's Minimap - Stage 1/2 (Server)
[12May2025 05:36:52.238] [main/DEBUG] [net.minecraftforge.fml.DeferredWorkQueue/LOADING]: Dispatching synchronous work for work queue SIDED_SETUP: 2 jobs
[12May2025 05:36:52.238] [main/INFO] [xaero.map.server.WorldMapServer/]: Loading Xaero's World Map - Stage 2/2 (Server)
[12May2025 05:36:52.239] [main/INFO] [xaero.minimap.XaeroMinimap/]: Loading Xaero's Minimap - Stage 2/2 (Server)
[12May2025 05:36:52.239] [main/DEBUG] [net.minecraftforge.fml.DeferredWorkQueue/LOADING]: Synchronous work queue completed in 558.1 μs
[12May2025 05:36:52.405] [Forge Version Check/DEBUG] [net.minecraftforge.fml.VersionChecker/]: [forge] Received version check data:
{
  "homepage": "https://files.minecraftforge.net/net/minecraftforge/forge/",
  "promos": {
    "1.1-latest": "1.3.4.29",
    "1.2.3-latest": "1.4.1.64",
    "1.2.4-latest": "2.0.0.68",
    "1.2.5-latest": "3.4.9.171",
    "1.3.2-latest": "4.3.5.318",
    "1.4.0-latest": "5.0.0.326",
    "1.4.1-latest": "6.0.0.329",
    "1.4.2-latest": "6.0.1.355",
    "1.4.3-latest": "6.2.1.358",
    "1.4.4-latest": "6.3.0.378",
    "1.4.5-latest": "6.4.2.448",
    "1.4.6-latest": "6.5.0.489",
    "1.4.7-latest": "6.6.2.534",
    "1.5-latest": "7.7.0.598",
    "1.5.1-latest": "7.7.2.682",
    "1.5.2-latest": "7.8.1.738",
    "1.5.2-recommended": "7.8.1.738",
    "1.6.1-latest": "8.9.0.775",
    "1.6.2-latest": "9.10.1.871",
    "1.6.2-recommended": "9.10.1.871",
    "1.6.3-latest": "9.11.0.878",
    "1.6.4-latest": "9.11.1.1345",
    "1.6.4-recommended": "9.11.1.1345",
    "1.7.2-latest": "10.12.2.1161",
    "1.7.2-recommended": "10.12.2.1161",
    "1.7.10_pre4-latest": "10.12.2.1149",
    "1.7.10-latest": "10.13.4.1614",
    "1.7.10-recommended": "10.13.4.1614",
    "1.8-latest": "11.14.4.1577",
    "1.8-recommended": "11.14.4.1563",
    "1.8.8-latest": "11.15.0.1655",
    "1.8.9-latest": "11.15.1.2318",
    "1.8.9-recommended": "11.15.1.2318",
    "1.9-latest": "12.16.1.1938",
    "1.9-recommended": "12.16.1.1887",
    "1.9.4-latest": "12.17.0.2317",
    "1.9.4-recommended": "12.17.0.2317",
    "1.10-latest": "12.18.0.2000",
    "1.10.2-latest": "12.18.3.2511",
    "1.10.2-recommended": "12.18.3.2511",
    "1.11-latest": "13.19.1.2199",
    "1.11-recommended": "13.19.1.2189",
    "1.11.2-latest": "13.20.1.2588",
    "1.11.2-recommended": "13.20.1.2588",
    "1.12-latest": "14.21.1.2443",
    "1.12-recommended": "14.21.1.2387",
    "1.12.1-latest": "14.22.1.2485",
    "1.12.1-recommended": "14.22.1.2478",
    "1.12.2-latest": "14.23.5.2860",
    "1.12.2-recommended": "14.23.5.2859",
    "1.13.2-latest": "25.0.223",
    "1.14.2-latest": "26.0.63",
    "1.14.3-latest": "27.0.60",
    "1.14.4-latest": "28.2.26",
    "1.14.4-recommended": "28.2.26",
    "1.15-latest": "29.0.4",
    "1.15.1-latest": "30.0.51",
    "1.15.2-latest": "31.2.57",
    "1.15.2-recommended": "31.2.57",
    "1.16.1-latest": "32.0.108",
    "1.16.2-latest": "33.0.61",
    "1.16.3-latest": "34.1.42",
    "1.16.3-recommended": "34.1.0",
    "1.16.4-latest": "35.1.37",
    "1.16.4-recommended": "35.1.4",
    "1.16.5-latest": "36.2.42",
    "1.16.5-recommended": "36.2.34",
    "1.17.1-latest": "37.1.1",
    "1.17.1-recommended": "37.1.1",
    "1.18-latest": "38.0.17",
    "1.18.1-latest": "39.1.2",
    "1.18.1-recommended": "39.1.0",
    "1.18.2-recommended": "40.3.0",
    "1.18.2-latest": "40.3.10",
    "1.19-latest": "41.1.0",
    "1.19-recommended": "41.1.0",
    "1.19.1-latest": "42.0.9",
    "1.19.2-recommended": "43.5.0",
    "1.19.2-latest": "43.5.0",
    "1.19.3-latest": "44.1.23",
    "1.19.3-recommended": "44.1.0",
    "1.19.4-recommended": "45.4.0",
    "1.19.4-latest": "45.4.0",
    "1.20-latest": "46.0.14",
    "1.20.1-recommended": "47.4.0",
    "1.20.1-latest": "47.4.0",
    "1.20.2-latest": "48.1.0",
    "1.20.2-recommended": "48.1.0",
    "1.20.3-latest": "49.0.2",
    "1.20.4-latest": "49.2.0",
    "1.20.4-recommended": "49.2.0",
    "1.20.6-latest": "50.2.0",
    "1.20.6-recommended": "50.2.0",
    "1.21-latest": "51.0.33",
    "1.21.1-latest": "52.1.1",
    "1.21.1-recommended": "52.1.0",
    "1.21.3-latest": "53.1.1",
    "1.21.3-recommended": "53.1.0",
    "1.21.4-latest": "54.1.3",
    "1.21.4-recommended": "54.1.0",
    "1.21.5-latest": "55.0.14"
  }
}
[12May2025 05:36:52.405] [Forge Version Check/INFO] [net.minecraftforge.fml.VersionChecker/]: [forge] Found status: OUTDATED Current: 47.3.7 Target: 47.4.0
[12May2025 05:36:52.406] [Forge Version Check/INFO] [net.minecraftforge.fml.VersionChecker/]: [ctov] Starting version check at https://api.modrinth.com/updates/fgmhI8kH/forge_updates.json
[12May2025 05:36:52.523] [Forge Version Check/DEBUG] [net.minecraftforge.fml.VersionChecker/]: [ctov] Received version check data:
{"homepage":"https://modrinth.com/mod/fgmhI8kH","promos":{"1.18.2-recommended":"2.9.4","1.19.2-latest":"3.2.6","1.20.3-recommended":"3.4.10","1.20.5-recommended":"3.4.3","1.20.1-latest":"3.4.14","1.20.6-recommended":"3.4.3","1.19.3-latest":"3.2.6","1.19-latest":"3.2.6","1.19.1-latest":"3.2.6","1.18.2-latest":"2.9.4","1.18.2-rc1-recommended":"1-18-2-2","1.18.2-rc1-latest":"1-18-2-2","1.19.4-recommended":"3.2.6","1.19-recommended":"3.2.6","1.19.1-recommended":"3.2.6","1.20.6-latest":"3.4.3","1.20-recommended":"3.4.14","1.20-latest":"3.4.14","1.20.5-latest":"3.4.3","1.19.2-recommended":"3.2.6","1.20.2-recommended":"3.4.10","1.20.4-recommended":"3.4.10","1.20.1-recommended":"3.4.14","1.20.2-latest":"3.4.10","1.20.3-latest":"3.4.10","1.20.4-latest":"3.4.10","1.19.3-recommended":"3.2.6","1.19.4-latest":"3.2.6"}}
[12May2025 05:36:52.525] [Forge Version Check/INFO] [net.minecraftforge.fml.VersionChecker/]: [ctov] Found status: OUTDATED Current: 3.4.13 Target: 3.4.14
[12May2025 05:36:52.525] [Forge Version Check/INFO] [net.minecraftforge.fml.VersionChecker/]: [twilightforest] Starting version check at https://gh.tamaized.com/TeamTwilight/twilightforest/update.json
[12May2025 05:36:52.539] [modloading-worker-0/INFO] [net.xalcon.torchmaster.Torchmaster/]: Applying mega torch entity block list overrides...
[12May2025 05:36:52.540] [modloading-worker-0/INFO] [net.xalcon.torchmaster.Torchmaster/]: Applying dread lamp entity block list overrides...
[12May2025 05:36:52.554] [modloading-worker-0/INFO] [zeta-internal/]: Dispatching ForgeZLoadComplete (as ZLoadComplete) to 1 listener
[12May2025 05:36:52.570] [modloading-worker-0/INFO] [quark-zeta/]: Dispatching ForgeZLoadComplete (as ZLoadComplete) to 6 listeners
[12May2025 05:36:52.592] [modloading-worker-0/INFO] [Jade/]: Start loading plugin at net.blay09.mods.waystones.compat.JadeIntegration
[12May2025 05:36:52.615] [modloading-worker-0/INFO] [Jade/]: Start loading plugin at net.blay09.mods.balm.forge.compat.hudinfo.ForgeJadeModCompat
[12May2025 05:36:52.616] [modloading-worker-0/INFO] [Jade/]: Start loading plugin at twilightforest.compat.jade.JadeCompat
[12May2025 05:36:52.617] [modloading-worker-0/INFO] [Jade/]: Start loading plugin at blusunrize.immersiveengineering.common.util.compat.jade.IEWailaPlugin
[12May2025 05:36:52.619] [modloading-worker-0/INFO] [Jade/]: Start loading plugin at snownee.jade.addon.vanilla.VanillaPlugin
[12May2025 05:36:52.637] [modloading-worker-0/INFO] [Jade/]: Start loading plugin at snownee.jade.addon.universal.UniversalPlugin
[12May2025 05:36:52.644] [modloading-worker-0/INFO] [Jade/]: Start loading plugin at snownee.jade.addon.core.CorePlugin
[12May2025 05:36:52.648] [modloading-worker-0/INFO] [Jade/]: Start loading plugin at appeng.integration.modules.jade.JadeModule
[12May2025 05:36:52.649] [Forge Version Check/DEBUG] [net.minecraftforge.fml.VersionChecker/]: [twilightforest] Received version check data:
{
  "homepage": "https://minecraft.curseforge.com/projects/the-twilight-forest",
  "promos": {
	"1.20.2-latest": "4.4.1977",
	"1.20.2-recommended": "4.4.1977",
	"1.20.1-latest": "4.3.1893",
	"1.20.1-recommended": "4.3.1893",
	"1.19.4-latest": "4.2.1696",
	"1.19.4-recommended": "4.2.1696",
	"1.18.2-latest": "4.1.1494",
	"1.18.2-recommended": "4.1.1494",
	"1.17.1-latest": "4.0.943",
	"1.17.1-recommended": "4.0.943",
	"1.16.5-latest": "4.0.870",
	"1.16.5-recommended": "4.0.870",
	"1.12.2-latest": "3.11.1021",
	"1.12.2-recommended": "3.11.1021",
	"1.7.10-latest": "2.4.3",
	"1.7.10-recommended": "2.4.3"
  }
}
[12May2025 05:36:52.650] [Forge Version Check/INFO] [net.minecraftforge.fml.VersionChecker/]: [twilightforest] Found status: AHEAD Current: 4.3.2145 Target: null
[12May2025 05:36:52.652] [Forge Version Check/INFO] [net.minecraftforge.fml.VersionChecker/]: [moonlight] Starting version check at https://raw.githubusercontent.com/MehVahdJukaar/Moonlight/multi-loader/forge/update.json
[12May2025 05:36:52.661] [Forge Version Check/DEBUG] [net.minecraftforge.fml.VersionChecker/]: [moonlight] Received version check data:
{
  "homepage": "https://www.curseforge.com/minecraft/mc-mods/selene",
  "promos": {
    "1.19.2-latest": "1.19.2-2.3.7",
    "1.19.2-recommended": "1.19.2-2.3.7"
  }
}
[12May2025 05:36:52.661] [Forge Version Check/INFO] [net.minecraftforge.fml.VersionChecker/]: [moonlight] Found status: BETA Current: 1.20-2.13.81 Target: null
[12May2025 05:36:52.661] [Forge Version Check/INFO] [net.minecraftforge.fml.VersionChecker/]: [immersiveengineering] Starting version check at https://raw.githubusercontent.com/BluSunrize/ImmersiveEngineering/1.20.1/changelog.json
[12May2025 05:36:52.675] [Forge Version Check/DEBUG] [net.minecraftforge.fml.VersionChecker/]: [immersiveengineering] Received version check data:
{
    "homepage": "https://minecraft.curseforge.com/projects/immersive-engineering",
    "promos": {
        "1.20.1-latest": "1.20.1-10.2.0-182",
        "1.20.1-recommended": "1.20.1-10.2.0-182"
    },
    "1.20.1": {
        "1.20.1-10.0.0-169": "- First release for 1.20.1, now supporting NeoForged!\n- Includes all features from 9.4.1\n- Add sawmill support for stripped wood (BluSunrize)\n- Add sawmill support for cherry wood (BluSunrize)\n- Add cloche support for torchflowers (BluSunrize)\n- Change hemp blocks to extend vanilla's CropBlock (BluSunrize)",
        "1.20.1-10.1.0-171": "- Includes all features from 9.2.4\n- Add sounds for Arc Furnace, Excavator, and Automated Workbench (voidsong-dragonfly)\n- Add burn times for the diesel generator to the manual (BluSunrize)\n- Add support for armor trims on steel armor (BluSunrize)\n- Add additional uses for lead & nickel (voidsong-dragonfly)\n    - Lead can be crafted into red and white dyes\n    - Radiators now use constantan instead of copper\n    - Tinted glass can be made in larger quantities by using lead\n- Add randomized textures for various hempcrete & concrete blocks (voidsong-dragonfly)\n- Add the electromagnet block (BluSunrize)\n    - It attracts nearby items when given power! \n- Add the portable electromagnet! (BluSunrize)\n    - Install it as an upgrade on your accumulator backpack to have a magnet on the go!\n- Add various blocks from Engineer's Decor (voidsong-dragonfly)\n    - Thank you wilechaote for giving us permission to include these blocks in the mod <3\n- Add additional fertilizers for the cloche (voidsong-dragonfly)\n    - This should allow people to use up their surplus suflur!\n- Add ability to place Engineer's Manual in a chiseled bookshelf (BluSunrize)\n- Add sawmill recipes for bamboo (BluSunrize)\n- Change hemp blocks to notify their neighbours when they grow (jrtc27)\n- Change Jade Tooltips for multiblocks to work when looking at any part of the machine (HermitOwO)\n- Fix conveyor rendering in the manual (Malte)\n- Fix broken translation keys (Malte & BluSunrize)\n- Fix turret GUI textfield not being editable (BluSunrize)\n- Fix taiga villager houses being surrounded by air blocks (BluSunrize)\n- Fix redstone control not working on the assembler (BluSunrize)\n- Fix villager names not being translated in JER and EMI (BluSunrize)\n- Fix error related to deprecated unicode font (BluSunrize)\n- Fix bottling machine deleting items on the conveyor (BluSunrize)\n- Fix bottling machine not rendering bucket-filling recipes properly (BluSunrize)\n- Fix hemp replacing blocks above it when growing (BluSunrize)\n- Fix fluid pipes losing their colour because the chunk wasn't marked as dirty (BluSunrize)\n- Fix transparency issues with the shield and a few other item models (BluSunrize)\n- Fix spawn interdiction from lanterns not working (BluSunrize)\n- Fix rare crash in arc recycling calculation (BluSunrize)\n- Fix possible crash in conveyor rendering (BluSunrize)\n- Translations Added/Updated: ja_jo (karakufire)",
        "1.20.1-10.2.0-182": "- Final release for 1.20.1\n- Expand list of blocks that the rockcutter and grinding disc can dig (BluSunrize)\n- Fix diesel generators providing free power with any fluid (the-pandoran)\n- Fix block breaking overlay on multiblocks (BluSunrize)\n- Fix tools playing a re-equip animation when they shouldn't (BluSunrize)\n- Fix windmills having their insides turn white when far away (BluSunrize)\n- Fix Toolbox being movable while opened (BluSunrize)\n- Fix ComputerCraft methods with extra arguments causing problems (BluSunrize)"
    }
}
[12May2025 05:36:52.675] [Forge Version Check/INFO] [net.minecraftforge.fml.VersionChecker/]: [immersiveengineering] Found status: AHEAD Current: 1.20.1-10.2.0-183 Target: null
[12May2025 05:36:52.676] [Forge Version Check/INFO] [net.minecraftforge.fml.VersionChecker/]: [gravestone] Starting version check at https://update.maxhenkel.de/forge/gravestone
[12May2025 05:36:52.679] [modloading-worker-0/DEBUG] [appeng.integration.modules.igtooltip.TooltipProviders/]: Registering default-data for BE BaseClass[blockEntity=class appeng.blockentity.AEBaseBlockEntity, block=class appeng.block.AEBaseEntityBlock] and sub-classes
[12May2025 05:36:52.680] [modloading-worker-0/DEBUG] [appeng.integration.modules.igtooltip.TooltipProviders/]: Registering part host provider for BaseClass[blockEntity=class appeng.blockentity.networking.CableBusBlockEntity, block=class appeng.block.networking.CableBusBlock] and sub-classes
[12May2025 05:36:52.681] [modloading-worker-0/INFO] [Jade/]: Start loading plugin at de.maxhenkel.gravestone.integration.waila.PluginGraveStone
[12May2025 05:36:52.682] [modloading-worker-0/INFO] [Jade/]: Start loading plugin at net.mehvahdjukaar.supplementaries.integration.JadeCompat
[12May2025 05:36:52.716] [main/DEBUG] [net.minecraftforge.fml.DeferredWorkQueue/LOADING]: Dispatching synchronous work for work queue COMPLETE: 5 jobs
[12May2025 05:36:52.719] [main/DEBUG] [net.minecraftforge.fml.DeferredWorkQueue/LOADING]: Synchronous work queue completed in 2.681 ms
[12May2025 05:36:52.777] [Forge Version Check/DEBUG] [net.minecraftforge.fml.VersionChecker/]: [gravestone] Received version check data:
{"1.9.4":{"1.3.6":"Bugfixes"},"1.8.8":{"1.1.7":"Bugfixes"},"1.20":{"1.20-1.0.3":"Updated to 1.20"},"1.8.9":{"1.1.7":"Bugfixes"},"1.18":{"1.18-1.0.3":"Fixed loader version requirement"},"1.19":{"1.19-1.0.3":"Fixed crash when opening the obituary"},"promos":{"1.14.4-recommended":"1.15.3","1.14.3-recommended":"1.14.3","1.20-recommended":"1.20-1.0.3","1.19.3-recommended":"1.19.3-1.0.3","1.19.1-recommended":"1.19.1-1.0.0","1.8.8-latest":"1.1.7","1.8.9-latest":"1.1.7","1.19.4-recommended":"1.19.4-1.0.3","1.19.2-recommended":"1.19.2-1.0.10","1.10.2-latest":"1.5.13","1.14.2-recommended":"1.13.3","1.14.3-latest":"1.14.3","1.20-latest":"1.20-1.0.3","1.11-latest":"1.6.6","1.10.2-recommended":"1.5.13","1.20.1-latest":"1.20.1-1.0.23","1.16.4-latest":"1.16.4-1.0.9","1.11.2-recommended":"1.7.4.1","1.19.3-latest":"1.19.3-1.0.3","1.8-latest":"1.0.5","1.16.2-latest":"1.16.2-1.0.6","1.7.10-latest":"0.7.10.3","1.15.2-recommended":"1.17.6","1.8-recommended":"1.0.5","1.19.1-latest":"1.19.1-1.0.0","1.15.1-recommended":"1.16.2","1.9-recommended":"1.2.10","1.11.2-latest":"1.7.4.1","1.18.1-latest":"1.18.1-1.0.2","1.15.1-latest":"1.16.2","1.18.2-latest":"1.18.2-1.0.2","1.11-recommended":"1.6.6","1.10-recommended":"1.4.9","1.12.2-latest":"1.10.2","1.12.1-latest":"1.9.0","1.12.2-recommended":"1.10.2","1.7.10-recommended":"0.7.10.3","1.19-latest":"1.19-1.0.3","1.17.1-recommended":"1.17.1-1.0.4","1.16.1-recommended":"1.16.1-1.0.6","1.16.2-recommended":"1.16.2-1.0.6","1.18-latest":"1.18-1.0.3","1.16.5-recommended":"1.16.5-1.0.6","1.16.4-recommended":"1.16.4-1.0.9","1.12.1-recommended":"1.9.0","1.20.1-recommended":"1.20.1-1.0.10","1.16.3-recommended":"1.16.3-1.0.2","1.15.2-latest":"1.17.6","1.20.2-recommended":"1.20.2-1.0.10","1.12-recommended":"1.8.4","1.10-latest":"1.4.9","1.14.4-latest":"1.15.3","1.13.2-recommended":"1.12.7","1.9.4-recommended":"1.3.6","1.12-latest":"1.8.4","1.18.2-recommended":"1.18.2-1.0.2","1.17.1-latest":"1.17.1-1.0.4","1.13.2-latest":"1.12.7","1.18.1-recommended":"1.18.1-1.0.2","1.16.3-latest":"1.16.3-2.0.4","1.20.2-latest":"1.20.2-1.0.10","1.19.2-latest":"1.19.2-1.0.23","1.19.4-latest":"1.19.4-1.0.3","1.16.5-latest":"1.16.5-1.0.7","1.19-recommended":"1.19-1.0.3","1.16.1-latest":"1.16.1-1.0.6","1.9-latest":"1.2.10","1.18-recommended":"1.18-1.0.3","1.14.2-latest":"1.13.3","1.8.8-recommended":"1.1.7","1.8.9-recommended":"1.1.7","1.9.4-latest":"1.3.6"},"1.20.2":{"1.20.2-1.0.10":"Improved mod icon\nUpdated corelib"},"1.20.1":{"1.20.1-1.0.23":"Updated Traditional Chinese translation","1.20.1-1.0.10":"Improved mod icon\nUpdated corelib"},"1.12":{"1.8.4":"Added recipe for recipe book"},"1.10":{"1.4.9":"Bugfixes"},"1.11":{"1.6.6":"Bugfixes"},"1.7.10":{"0.7.10.3":"Bugfixes"},"1.16.4":{"1.16.4-1.0.9":"Update chinese translation"},"1.18.2":{"1.18.2-1.0.2":"Fixed ukrainian locale code"},"1.19.1":{"1.19.1-1.0.0":"Updated to 1.19.1"},"1.16.5":{"1.16.5-1.0.7":"Fixed freeze with epic fight mod","1.16.5-1.0.6":"Fixed grave names"},"1.19.2":{"1.19.2-1.0.10":"Improved mod icon\nUpdated corelib","1.19.2-1.0.23":"Updated Traditional Chinese translation"},"1.19.3":{"1.19.3-1.0.3":"Fixed creative tabs because Forge broke everything again"},"1.19.4":{"1.19.4-1.0.3":"Updated to 1.19.4"},"1.14.2":{"1.13.3":"Improved en_us language and added pl_pl language"},"1.15.1":{"1.16.2":"Fixed crash with forge 30.0.17+"},"1.14.3":{"1.14.3":"Improved en_us language and added pl_pl language"},"1.16.1":{"1.16.1-1.0.6":"Fixed gravestone items can be picked up with a hopper"},"1.15.2":{"1.17.6":"Updated polish translation"},"1.14.4":{"1.15.3":"Fixed config reset issue"},"1.16.2":{"1.16.2-1.0.6":"Fixed nether dimension name\nUpdated russian translation\nFixed remove death note option"},"1.17.1":{"1.17.1-1.0.4":"Fixed crash with epic fight mod"},"1.8":{"1.0.5":"Bugfixes"},"1.16.3":{"1.16.3-1.0.2":"Updated mods.toml","1.16.3-2.0.4":"Fixed grave disappearing when having sneaking on toggle"},"1.18.1":{"1.18.1-1.0.2":"Added Brazilian Portuguese language"},"1.9":{"1.2.10":"Bugfixes"},"1.10.2":{"1.5.13":"Bugfixes"},"1.11.2":{"1.7.4.1":"Improved version checking"},"1.12.1":{"1.9.0":"Updated to 1.12.1"},"1.12.2":{"1.10.2":"Updated Forge version"},"1.13.2":{"1.12.7":"Improved en_us language and added pl_pl language"},"homepage":"https://www.curseforge.com/minecraft/mc-mods/gravestone-mod"}
[12May2025 05:36:52.778] [Forge Version Check/INFO] [net.minecraftforge.fml.VersionChecker/]: [gravestone] Found status: AHEAD Current: 1.20.1-1.0.24 Target: null
[12May2025 05:36:52.778] [Forge Version Check/INFO] [net.minecraftforge.fml.VersionChecker/]: [crittersandcompanions] Starting version check at https://api.modrinth.com/updates/critters-and-companions/forge_updates.json
[12May2025 05:36:52.855] [Forge Version Check/DEBUG] [net.minecraftforge.fml.VersionChecker/]: [crittersandcompanions] Received version check data:
{"homepage":"https://modrinth.com/mod/critters-and-companions","promos":{"1.19.1-latest":"1.19.2-2.1.0","1.19.4-recommended":"1.19.2-2.0.3","1.18.2-recommended":"1.0.2","1.19.2-latest":"2.1.1","1.20.1-recommended":"2.2.2","1.18.2-latest":"1.0.2","1.19.3-recommended":"1.19.2-2.0.3","1.20.1-latest":"2.2.2","1.19.1-recommended":"1.19.2-2.1.0","1.19.3-latest":"1.19.2-2.0.3","1.19.2-recommended":"2.1.1","1.19.4-latest":"1.19.2-2.0.3"}}
[12May2025 05:36:52.855] [Forge Version Check/INFO] [net.minecraftforge.fml.VersionChecker/]: [crittersandcompanions] Found status: UP_TO_DATE Current: 2.2.2 Target: null
[12May2025 05:36:52.856] [Forge Version Check/INFO] [net.minecraftforge.fml.VersionChecker/]: [inventoryhud] Starting version check at https://raw.githubusercontent.com/DmitryLovin/pluginUpdate/master/invupdate.json
[12May2025 05:36:52.870] [Forge Version Check/DEBUG] [net.minecraftforge.fml.VersionChecker/]: [inventoryhud] Received version check data:
{
  "homepage": "https://www.curseforge.com/minecraft/mc-mods/inventory-hud-forge",
  "1.21.5": {
    "3.4.27": "1.21.5 release"
  },
  "1.21.4": {
    "3.4.27": "1.21.4 release"
  },
  "1.21.3": {
    "3.4.27": "1.21.3 release"
  },
  "1.21.1": {
    "3.4.26": "1.21.1 release"
  },
  "1.21": {
    "3.4.21": "1.21 release",
    "3.4.22": "added Turkish language\nadded Portuguese language\nsome render fixes",
    "3.4.23": "added Hungarian language\nadded Ukrainian language\nsmall config GUI fix",
    "3.4.24": "fixed button width bug\nadded Czech language\nadded Korean language",
    "3.4.26": "added Chinese Traditional (Taiwan) language"
  },
  "1.20.6": {
    "3.4.21": "1.20.6 release",
    "3.4.22": "added Turkish language\nadded Portuguese language\nsome render fixes",
    "3.4.23": "added Hungarian language\nadded Ukrainian language\nsmall config GUI fix",
    "3.4.24": "fixed button width bug\nadded Czech language\nadded Korean language",
    "3.4.26": "added Chinese Traditional (Taiwan) language"
  },
  "1.20.4": {
    "3.4.19": "1.20.3 release",
    "3.4.20": "fixed issue #130 By sporefreak when mod keybinds trigger everywhere",
    "3.4.22": "added Turkish language\nadded Portuguese language\nsome render fixes",
    "3.4.23": "added Hungarian language\nadded Ukrainian language\nsmall config GUI fix",
    "3.4.24": "fixed button width bug\nadded Czech language\nadded Korean language",
    "3.4.26": "added Chinese Traditional (Taiwan) language"
  },
  "1.20.3": {
    "3.4.19": "1.20.3 release"
  },
  "1.20.2": {
    "3.4.19": "1.20.2 release"
  },
  "1.20.1": {
    "3.4.13": "1.20 release",
    "3.4.14": "new option to hide HUDs with debug gui opened\nnew option to hide arrows count when now weapon in your hands\nnew option to show effect levels higher than 9",
    "3.4.15": "Italian translation",
    "3.4.17": "French and Japanese translations",
    "3.4.18": "German translation",
    "3.4.22": "added Turkish language\nadded Portuguese language\nsome render fixes",
    "3.4.23": "added Hungarian language\nadded Ukrainian language\nsmall config GUI fix",
    "3.4.24": "fixed button width bug\nadded Czech language\nadded Korean language",
    "3.4.26": "added Chinese Traditional (Taiwan) language"
  },
  "1.20": {
    "3.4.13": "1.20 release",
    "3.4.14": "new option to hide HUDs with debug gui opened\nnew option to hide arrows count when now weapon in your hands\nnew option to show effect levels higher than 9",
    "3.4.15": "Italian translation",
    "3.4.17": "French and Japanese translations",
    "3.4.18": "German translation",
    "3.4.22": "added Turkish language\nadded Portuguese language\nsome render fixes",
    "3.4.23": "added Hungarian language\nadded Ukrainian language\nsmall config GUI fix",
    "3.4.24": "fixed button width bug\nadded Czech language\nadded Korean language",
    "3.4.26": "added Chinese Traditional (Taiwan) language"
  },
  "1.19.4": {
    "3.4.8": "new 'keep notify' setting, you can toggle it off to be notified only once per version\nnew 'show hidden effects' setting, you can hide icons for hidden effect, like in vanilla version\nnew effects blacklist system, potion hud will ignore effects from this list",
    "3.4.9": "critical error hot fix",
    "3.4.10": "curios/trinkets fixes",
    "3.4.11": "Numeric text field fix",
    "3.4.12": "some fixes and new ammo calculation",
    "3.4.14": "new option to hide HUDs with debug gui opened\nnew option to hide arrows count when now weapon in your hands\nnew option to show effect levels higher than 9",
    "3.4.15": "Italian translation",
    "3.4.17": "French and Japanese translations",
    "3.4.18": "German translation",
    "3.4.22": "added Turkish language\nadded Portuguese language\nsome render fixes",
    "3.4.23": "added Hungarian language\nadded Ukrainian language\nsmall config GUI fix",
    "3.4.24": "fixed button width bug\nadded Czech language\nadded Korean language",
    "3.4.26": "added Chinese Traditional (Taiwan) language"
  },
  "1.19.3": {
    "3.4.6": "new forge registris",
    "3.4.7": "cross version for 1.19.2 and 1.19.3"
  },
  "1.19.2": {
    "3.4.6": "new forge registris",
    "3.4.7": "cross version for 1.19.2 and 1.19.3",
    "3.4.23": "added Hungarian language\nadded Ukrainian language\nsmall config GUI fix",
    "3.4.24": "fixed button width bug\nadded Czech language\nadded Korean language",
    "3.4.26": "added Chinese Traditional (Taiwan) language"
  },
  "1.19.1": {
    "3.4.6": "new forge registris"
  },
  "1.19": {
    "3.4.2": "fabric 1.19",
    "3.4.4": "1.19",
    "3.4.5": "curios support",
    "3.4.6": "new forge registris"
  },
  "1.18.2": {
    "3.4.2": "1.18.1",
    "3.4.3": "1.18.1",
    "3.4.4": "(forge) fixed server init",
    "3.4.8": "new 'keep notify' setting, you can toggle it off to be notified only once per version\nnew 'show hidden effects' setting, you can hide icons for hidden effect, like in vanilla version\nnew effects blacklist system, potion hud will ignore effects from this list",
    "3.4.9": "critical error hot fix",
    "3.4.10": "curios/trinkets fixes",
    "3.4.12": "some fixes and new ammo calculation",
    "3.4.14": "new option to hide HUDs with debug gui opened\nnew option to hide arrows count when now weapon in your hands\nnew option to show effect levels higher than 9",
    "3.4.15": "Italian translation",
    "3.4.16": "fixed save function for numeric text field. related to issue #118 By  guyguy18123",
    "3.4.17": "French and Japanese translations",
    "3.4.18": "German translation",
    "3.4.22": "added Turkish language\nadded Portuguese language\nsome render fixes",
    "3.4.23": "added Hungarian language\nadded Ukrainian language\nsmall config GUI fix",
    "3.4.24": "fixed button width bug\nadded Czech language\nadded Korean language",
    "3.4.26": "added Chinese Traditional (Taiwan) language"
  },
  "1.18.1": {
    "3.4.2": "1.18.1",
    "3.4.3": "1.18.1",
    "3.4.4": "(forge) fixed server init"
  },
  "1.18": {
    "3.4.1": "1.18 release",
    "3.4.2": "curios fixes (forge only)\nfixed issue #58 By Baenjamin (fabric only)",
    "3.4.3": "fixed issue (#60 By  codingandtea) with curios implementation",
    "3.4.4": "(forge) fixed server init"
  },
  "1.17.1": {
    "3.3.2": "nothing here",
    "3.3.3": "forge",
    "3.3.4": "vanilla potion icons are now disabled when potion hud is enabled",
    "3.4.0": "added trinkets support\nadded chinese language\nadded spanish language\nadded notification system for future updates",
    "3.4.1": "added bar duration setting"
  },
  "1.17": {
    "3.3.1": "released for 1.17\nadded update notification system",
    "3.3.2": "fixed issue #38 By  gamingoninsulin",
    "3.3.3": "forge release",
    "3.3.4": "vanilla potion icons are now disabled when potion hud is enabled",
    "3.4.0": "added trinkets support\nadded chinese language\nadded spanish language\nadded notification system for future updates",
    "3.4.1": "added bar duration setting"
  },
  "1.16.1": {
    "3.0": "new mini mode for Potion HUD\nArmor HUD now shows count of arrows in full plus inv mode\nnew Ingame config menu, where you can change position of the HUDs and toggle them on/off",
    "3.0.1": " small compatibility fixes.",
    "3.1.0": "new vertical mode for InventoryHUD\nnew mini mode for InventoryHUD\nPotionHUD now has gap option\nfixed bug when potions was rendering above debug screen\npotion rendering system was reworked, now all potions from any mod should render",
    "3.1.1": "now one version for 1.16.1, 1.16.2 and 1.16.3\nnew colors for armor hud\nfixed issue #8 By just_some_user\nfixed issue #7 By just_some_user\nchanged default key binding for options, now 'O'\nkey binding for options is now open full config screen instead of changing position",
    "3.1.2": "added new option in armor hud config (durability bars)",
    "3.1.3": "fixed issue with loading config\nfixed some texts issues",
    "3.1.4": "fixed issue with potion level icon",
    "3.2.1": "fixed issue #24 By  cartenavigom",
    "3.2.2": "fixed issue #27 By Gberqz"
  },
  "1.16.2": {
    "3.1.0": "new vertical mode for InventoryHUD\nnew mini mode for InventoryHUD\nPotionHUD now has gap option\nfixed bug when potions was rendering above debug screen\npotion rendering system was reworked, now all potions from any mod should render",
    "3.1.1": "now one version for 1.16.1, 1.16.2 and 1.16.3\nnew colors for armor hud\nfixed issue #8 By just_some_user\nfixed issue #7 By just_some_user\nchanged default key binding for options, now 'O'\nkey binding for options is now open full config screen instead of changing position",
    "3.1.2": "added new option in armor hud config (durability bars)",
    "3.1.3": "fixed issue with loading config\nfixed some texts issues",
    "3.1.4": "fixed issue with potion level icon",
    "3.2.0": "new Inventory HUD background (with configurable alpha)\nDisebleable ArmorHUD numbers\nevery item in ArmorHUD now moveble\nnew config screen\nfixed issue when quiver and inventory icons rendered wrong with left-handed players.\nfixed issue when lang files didn't work.",
    "3.2.1": "fixed issue #24 By  cartenavigom",
    "3.2.2": "fixed issue #27 By Gberqz",
    "3.3.0": "added animation for recently picked up items\nadded possibility to hide InventoryHUD background if inventory is empty\nchanged size of InventoryHUD background\nadded new option for ArmorHUD show overall item count for main/off hand\nArmorHUD is now scalable\nadded new horizontal mode for PotionHUD\nadded keybind for toggle on/off Potion and Armor HUDs",
    "3.4.0": "added trinkets support\nadded chinese language\nadded spanish language\nadded notification system for future updates",
    "3.4.1": "added bar duration setting"
  },
  "1.16.3": {
    "3.1.0": "new vertical mode for InventoryHUD\nnew mini mode for InventoryHUD\nPotionHUD now has gap option\nfixed bug when potions was rendering above debug screen\npotion rendering system was reworked, now all potions from any mod should render",
    "3.1.1": "now one version for 1.16.1, 1.16.2 and 1.16.3\nnew colors for armor hud\nfixed issue #8 By just_some_user\nfixed issue #7 By just_some_user\nchanged default key binding for options, now 'O'\nkey binding for options is now open full config screen instead of changing position",
    "3.1.2": "added new option in armor hud config (durability bars)",
    "3.1.3": "fixed issue with loading config\nfixed some texts issues",
    "3.1.4": "fixed issue with potion level icon",
    "3.2.0": "new Inventory HUD background (with configurable alpha)\nDisebleable ArmorHUD numbers\nevery item in ArmorHUD now moveble\nnew config screen\nfixed issue when quiver and inventory icons rendered wrong with left-handed players.\nfixed issue when lang files didn't work.",
    "3.2.1": "fixed issue #24 By  cartenavigom",
    "3.2.2": "fixed issue #27 By Gberqz",
    "3.3.0": "added animation for recently picked up items\nadded possibility to hide InventoryHUD background if inventory is empty\nchanged size of InventoryHUD background\nadded new option for ArmorHUD show overall item count for main/off hand\nArmorHUD is now scalable\nadded new horizontal mode for PotionHUD\nadded keybind for toggle on/off Potion and Armor HUDs",
    "3.4.0": "added trinkets support\nadded chinese language\nadded spanish language\nadded notification system for future updates",
    "3.4.1": "added bar duration setting"
  },
  "1.16.4": {
    "3.1.3": "fixed issue with loading config\nfixed some texts issues",
    "3.1.4": "fixed issue with potion level icon",
    "3.2.0": "new Inventory HUD background (with configurable alpha)\nDisebleable ArmorHUD numbers\nevery item in ArmorHUD now moveble\nnew config screen\nfixed issue when quiver and inventory icons rendered wrong with left-handed players.\nfixed issue when lang files didn't work.",
    "3.2.1": "fixed issue #24 By  cartenavigom",
    "3.2.2": "fixed issue #27 By Gberqz",
    "3.3.0": "added animation for recently picked up items\nadded possibility to hide InventoryHUD background if inventory is empty\nchanged size of InventoryHUD background\nadded new option for ArmorHUD show overall item count for main/off hand\nArmorHUD is now scalable\nadded new horizontal mode for PotionHUD\nadded keybind for toggle on/off Potion and Armor HUDs",
    "3.4.0": "added trinkets support\nadded chinese language\nadded spanish language\nadded notification system for future updates",
    "3.4.1": "added bar duration setting"
  },
  "1.16.5": {
    "3.1.3": "fixed issue with loading config\nfixed some texts issues",
    "3.1.4": "fixed issue with potion level icon",
    "3.2.0": "new Inventory HUD background (with configurable alpha)\nDisebleable ArmorHUD numbers\nevery item in ArmorHUD now moveble\nnew config screen\nfixed issue when quiver and inventory icons rendered wrong with left-handed players.\nfixed issue when lang files didn't work.",
    "3.2.1": "fixed issue #24 By  cartenavigom",
    "3.2.2": "fixed issue #27 By Gberqz",
    "3.3.0": "added animation for recently picked up items\nadded possibility to hide InventoryHUD background if inventory is empty\nchanged size of InventoryHUD background\nadded new option for ArmorHUD show overall item count for main/off hand\nArmorHUD is now scalable\nadded new horizontal mode for PotionHUD\nadded keybind for toggle on/off Potion and Armor HUDs",
    "3.4.0": "added trinkets support\nadded chinese language\nadded spanish language\nadded notification system for future updates",
    "3.4.1": "added bar duration setting"
  },
  "1.15.2": {
    "1.3": "Some lang fixes",
    "2.0": "New features: armor damage hud & potions hud",
    "2.1": "Custom effects from most of mods now works correctly",
    "2.2": "Now you can change PotionHUD orientation from LEFT to RIGHT\nNow you can change ArmorStatusHUD orientation from MIDDLE to LEFT or RIGHT, also you can change position\nNew ConfigGUI",
    "2.2.1": "Armor orientation fixes and Potion Y pos fixes",
    "2.3": "Now u can hide armor if durability is above what u set in config..",
    "2.4": "new types of Orientation and you can change Orientation of any HUD",
    "2.5": "Now PotionHUD shows levels of the effects\nNow you can change alpha of PotionHUD background. Suggested by pyrezombie\nFixed Issue #3 by SelfyxT",
    "2.6": "ArmorStatus HUD now contains main and off hand items, and also counter of inventory empty slots, you can switch type and durability view via config",
    "2.6.1": "Fixed Issue #4 by sandalle",
    "3.0": "new mini mode for Potion HUD\nArmor HUD now shows count of arrows in full plus inv mode\nnew Ingame config menu, where you can change position of the HUDs and toggle them on/off",
    "3.0.1": " small compatibility fixes.",
    "3.1.0": "new vertical mode for InventoryHUD\nnew mini mode for InventoryHUD\nPotionHUD now has gap option\nfixed bug when potions was rendering above debug screen\npotion rendering system was reworked, now all potions from any mod should render",
    "3.1.1": "new colors for armor hud\nfixed issue #8 By just_some_user\nfixed issue #7 By just_some_user\nchanged default key binding for options, now 'O'\nkey binding for options is now open full config screen instead of changing position",
    "3.1.2": "added new option in armor hud config (durability bars)",
    "3.1.3": "fixed issue with loading config\nfixed some texts issues",
    "3.1.4": "fixed issue with potion level icon",
    "3.2.0": "new Inventory HUD background (with configurable alpha)\nDisebleable ArmorHUD numbers\nevery item in ArmorHUD now moveble\nnew config screen\nfixed issue when quiver and inventory icons rendered wrong with left-handed players\nfixed issue when lang files didn't work",
    "3.2.1": "fixed issue #24 By  cartenavigom",
    "3.3.0": "added animation for recently picked up items\nadded possibility to hide InventoryHUD background if inventory is empty\nchanged size of InventoryHUD background\nadded new option for ArmorHUD show overall item count for main/off hand\nArmorHUD is now scalable\nadded new horizontal mode for PotionHUD\nadded keybind for toggle on/off Potion and Armor HUDs",
    "3.4.0": "added trinkets support\nadded chinese language\nadded spanish language\nadded notification system for future updates",
    "3.4.1": "added bar duration setting"
  },
  "1.15.1": {
    "1.3": "Some lang fixes",
    "2.0": "New features: armor damage hud & potions hud",
    "2.1": "Custom effects from most of mods now works correctly",
    "2.2": "Now you can change PotionHUD orientation from LEFT to RIGHT\nNow you can change ArmorStatusHUD orientation from MIDDLE to LEFT or RIGHT, also you can change position\nNew ConfigGUI",
    "2.2.1": "Armor orientation fixes and Potion Y pos fixes",
    "2.3": "Now u can hide armor if durability is above what u set in config.",
    "2.4": "new types of Orientation and you can change Orientation of any HUD",
    "2.5": "Now PotionHUD shows levels of the effects\nNow you can change alpha of PotionHUD background. Suggested by pyrezombie\nFixed Issue #3 by SelfyxT",
    "2.6": "ArmorStatus HUD now contains main and off hand items, and also counter of inventory empty slots, you can switch type and durability view via config",
    "2.6.1": "Fixed Issue #4 by sandalle",
    "3.0": "new mini mode for Potion HUD\nArmor HUD now shows count of arrows in full plus inv mode\nnew Ingame config menu, where you can change position of the HUDs and toggle them on/off",
    "3.4.0": "added trinkets support\nadded chinese language\nadded spanish language\nadded notification system for future updates",
    "3.4.1": "added bar duration setting"
  },
  "1.14.4": {
    "1.4": "Some lang fixes",
    "2.0": "New features: armor damage hud & potions hud",
    "2.1": "Now has same features as 1.15 mod",
    "2.2": "Now PotionHUD shows levels of the effects\nNow you can change alpha of PotionHUD background. Suggested by pyrezombie\nFixed Issue #3 by SelfyxT",
    "2.3": "ArmorStatus HUD now contains main and off hand items, and also counter of inventory empty slots, you can switch type and durability view via config",
    "2.3.1": "Fixed Issue #4 by sandalle",
    "3.0": "new mini mode for Potion HUD\nArmor HUD now shows count of arrows in full plus inv mode\nnew Ingame config menu, where you can change position of the HUDs and toggle them on/off",
    "3.0.1": " small compatibility fixes.",
    "3.1.0": "new vertical mode for InventoryHUD\nnew mini mode for InventoryHUD\nPotionHUD now has gap option\nfixed bug when potions was rendering above debug screen\npotion rendering system was reworked, now all potions from any mod should render",
    "3.1.1": "new colors for armor hud\nfixed issue #8 By just_some_user\nfixed issue #7 By just_some_user\nchanged default key binding for options, now 'O'\nkey binding for options is now open full config screen instead of changing position",
    "3.2.1": "fixed issue #24 By  cartenavigom",
    "3.3.0": "added animation for recently picked up items\nadded possibility to hide InventoryHUD background if inventory is empty\nchanged size of InventoryHUD background\nadded new option for ArmorHUD show overall item count for main/off hand\nArmorHUD is now scalable\nadded new horizontal mode for PotionHUD\nadded keybind for toggle on/off Potion and Armor HUDs"
  },
  "1.12.2": {
    "1.0": "First release on 1.12.2",
    "1.1": "Potion icons fixes",
    "1.2": "Now PotionHUD shows levels of the effects\nNow you can change alpha of PotionHUD background. Suggested by pyrezombie\nPotionHUD support even more mods now\nFixed Issue #3 by SelfyxT",
    "1.2.1": "added more mods for PotionHUD",
    "1.3": "ArmorStatus HUD now contains main and off hand items, and also counter of inventory empty slots, you can switch type and durability view via config",
    "1.3.1": "Fixed Issue #4 by sandalle",
    "1.3.2": "Crash fixes!!!",
    "3.0.1": "new mini mode for Potion HUD\nArmor HUD now shows count of arrows in full plus inv mode\nnew Ingame config menu, where you can change position of the HUDs and toggle them on/off\nmod config screen now the same as in 1.14.4+ versions",
    "3.1.0": "new vertical mode for InventoryHUD\nnew mini mode for InventoryHUD\nPotionHUD now has gap option",
    "3.1.1": "fixed bug when bag and quiver had wrong color, thx Ackmard for report!",
    "3.1.2": "fixed issue when mod was spamming logs",
    "3.1.3": "Reworked potion icon rendering\nfixed issue #8 By just_some_user\nfixed issue #7 By just_some_user\nchanged default key binding for options, now 'O'\nkey binding for options is now open full config screen instead of changing position",
    "3.1.4": "new colors for armorhud",
    "3.1.5": "corail tombstones potion effects now has icons\nadded new option in armor hud config (durability bars)",
    "3.1.6": "fixed issue #11 By  just_some_user\nfixed issue #12 By  NoAim_Chomsky",
    "3.1.7": "added two more mods to potionhud integration",
    "3.1.9": "fixed issue with potion level icon",
    "3.2.0": "new Inventory HUD background (with configurable alpha)\nDisebleable ArmorHUD numbers\nevery item in ArmorHUD now moveble\nnew config screen\nfixed issue when quiver and inventory icons rendered wrong with left-handed players\nfixed issue when lang files didn't work",
    "3.2.1": "fixed issue #24 By  cartenavigom",
    "3.3.0": "added animation for recently picked up items\nadded possibility to hide InventoryHUD background if inventory is empty\nchanged size of InventoryHUD background\nadded new option for ArmorHUD show overall item count for main/off hand\nArmorHUD is now scalable\nadded new horizontal mode for PotionHUD\nadded keybind for toggle on/off Potion and Armor HUDs\nadded one more mod for PotionHUD integration",
    "3.3.1": "fixed issue #33 By  TCreopargh",
    "3.4.0": "added trinkets support\nadded chinese language\nadded spanish language\nadded notification system for future updates",
    "3.4.1": "added bar duration setting\nmore mods support potion hud",
    "3.4.4": "fixed version check\nadded more mods for potion hud"
  },
  "1.8.9": {
    "3.1.0": "RELEASE!",
    "3.1.1": "fixed issue with potion level icon",
    "3.2.0": "new Inventory HUD background (with configurable alpha)\nDisebleable ArmorHUD numbers\nevery item in ArmorHUD now moveble\nnew config screen\nfixed issue when quiver and inventory icons rendered wrong with left-handed players\nfixed issue when lang files didn't work",
    "3.2.1": "fixed issue #24 By  cartenavigom"
  },
  "promos": {
    "1.21.5-latest": "3.4.27",
    "1.21.5-recommended": "3.4.27",
    "1.21.5-fabric": "3.4.27",
    "1.21.4-latest": "3.4.27",
    "1.21.4-recommended": "3.4.27",
    "1.21.4-fabric": "3.4.27",
    "1.21.3-latest": "3.4.27",
    "1.21.3-recommended": "3.4.27",
    "1.21.3-fabric": "3.4.27",
    "1.21.1-latest": "3.4.26",
    "1.21.1-recommended": "3.4.26",
    "1.21.1-fabric": "3.4.26",
    "1.21-latest": "3.4.26",
    "1.21-recommended": "3.4.26",
    "1.21-fabric": "3.4.26",
    "1.20.6-latest": "3.4.26",
    "1.20.6-recommended": "3.4.26",
    "1.20.6-fabric": "3.4.26",
    "1.20.4-latest": "3.4.26",
    "1.20.4-recommended": "3.4.26",
    "1.20.4-fabric": "3.4.26",
    "1.20.3-latest": "3.4.19",
    "1.20.3-recommended": "3.4.19",
    "1.20.3-fabric": "3.4.19",
    "1.20.2-latest": "3.4.19",
    "1.20.2-recommended": "3.4.19",
    "1.20.2-fabric": "3.4.19",
    "1.20.1-latest": "3.4.26",
    "1.20.1-recommended": "3.4.26",
    "1.20.1-fabric": "3.4.26",
    "1.20-latest": "3.4.26",
    "1.20-recommended": "3.4.26",
    "1.20-fabric": "3.4.26",
    "1.19.4-latest": "3.4.26",
    "1.19.4-recommended": "3.4.26",
    "1.19.4-fabric": "3.4.26",
    "1.19.3-latest": "3.4.7",
    "1.19.3-recommended": "3.4.7",
    "1.19.3-fabric": "3.4.7",
    "1.19.2-latest": "3.4.26",
    "1.19.2-recommended": "3.4.26",
    "1.19.2-fabric": "3.4.26",
    "1.19.1-latest": "3.4.6",
    "1.19.1-recommended": "3.4.6",
    "1.19.1-fabric": "3.4.2",
    "1.19-latest": "3.4.6",
    "1.19-recommended": "3.4.6",
    "1.19-fabric": "3.4.2",
    "1.18.2-latest": "3.4.26",
    "1.18.2-recommended": "3.4.26",
    "1.18.2-fabric": "3.4.26",
    "1.18.1-latest": "3.4.4",
    "1.18.1-recommended": "3.4.4",
    "1.18.1-fabric": "3.4.2",
    "1.18-latest": "3.4.4",
    "1.18-recommended": "3.4.4",
    "1.18-fabric": "3.4.2",
    "1.17.1-latest": "3.4.1",
    "1.17.1-recommended": "3.4.1",
    "1.17.1-fabric": "3.4.1",
    "1.17-latest": "3.4.1",
    "1.17-recommended": "3.4.1",
    "1.17-fabric": "3.4.1",
    "1.16.5-fabric": "3.4.1",
    "1.16.4-fabric": "3.4.1",
    "1.16.3-fabric": "3.4.1",
    "1.16.2-fabric": "3.4.1",
    "1.16.5-latest": "3.4.1",
    "1.16.5-recommended": "3.4.1",
    "1.16.4-latest": "3.4.1",
    "1.16.4-recommended": "3.4.1",
    "1.16.3-latest": "3.4.1",
    "1.16.3-recommended": "3.4.1",
    "1.16.2-latest": "3.4.1",
    "1.16.2-recommended": "3.4.1",
    "1.16.1-latest": "3.3.0",
    "1.16.1-recommended": "3.3.0",
    "1.15.2-fabric": "3.410",
    "1.15.1-fabric": "3.4.1",
    "1.15.2-latest": "3.4.1",
    "1.15.2-recommended": "3.4.1",
    "1.15.1-latest": "3.0",
    "1.15.1-recommended": "3.0",
    "1.14.4-latest": "3.3.0",
    "1.14.4-recommended": "3.3.0",
    "1.12.2-latest": "3.4.4",
    "1.12.2-recommended": "3.4.4",
    "1.8.9-latest": "3.2.1",
    "1.8.9-recommended": "3.2.1"
  }
}
[12May2025 05:36:52.870] [Forge Version Check/INFO] [net.minecraftforge.fml.VersionChecker/]: [inventoryhud] Found status: UP_TO_DATE Current: 3.4.26 Target: null
[12May2025 05:36:52.871] [Forge Version Check/INFO] [net.minecraftforge.fml.VersionChecker/]: [supplementaries] Starting version check at https://raw.githubusercontent.com/MehVahdJukaar/Supplementaries/1.20/forge/update.json
[12May2025 05:36:52.883] [Forge Version Check/DEBUG] [net.minecraftforge.fml.VersionChecker/]: [supplementaries] Received version check data:
{
  "homepage": "https://www.curseforge.com/minecraft/mc-mods/supplementaries",
  "promos": {
    "1.20-latest": "1.20-2.6.1",
    "1.20-recommended": "1.20-2.6.1"
  }
}
[12May2025 05:36:52.883] [Forge Version Check/INFO] [net.minecraftforge.fml.VersionChecker/]: [supplementaries] Found status: BETA Current: 1.20-3.1.26 Target: null
[12May2025 05:36:52.883] [Forge Version Check/INFO] [net.minecraftforge.fml.VersionChecker/]: [aquamirae] Starting version check at https://raw.githubusercontent.com/ObscuriaLithium/Home/main/aquamirae/versions.json
[12May2025 05:36:52.895] [Forge Version Check/DEBUG] [net.minecraftforge.fml.VersionChecker/]: [aquamirae] Received version check data:
404: Not Found
[12May2025 05:36:52.895] [Forge Version Check/WARN] [net.minecraftforge.fml.VersionChecker/]: Failed to process update information
com.google.gson.JsonSyntaxException: java.lang.IllegalStateException: Expected BEGIN_OBJECT but was NUMBER at line 1 column 4 path $
	at com.google.gson.Gson.fromJson(Gson.java:1226) ~[gson-2.10.jar%2372!/:?]
	at com.google.gson.Gson.fromJson(Gson.java:1124) ~[gson-2.10.jar%2372!/:?]
	at com.google.gson.Gson.fromJson(Gson.java:1034) ~[gson-2.10.jar%2372!/:?]
	at com.google.gson.Gson.fromJson(Gson.java:969) ~[gson-2.10.jar%2372!/:?]
	at net.minecraftforge.fml.VersionChecker$1.process(VersionChecker.java:183) ~[fmlcore-1.20.1-47.3.7.jar%23220!/:?]
	at java.lang.Iterable.forEach(Iterable.java:75) ~[?:?]
	at net.minecraftforge.fml.VersionChecker$1.run(VersionChecker.java:114) ~[fmlcore-1.20.1-47.3.7.jar%23220!/:?]
Caused by: java.lang.IllegalStateException: Expected BEGIN_OBJECT but was NUMBER at line 1 column 4 path $
	at com.google.gson.stream.JsonReader.beginObject(JsonReader.java:393) ~[gson-2.10.jar%2372!/:?]
	at com.google.gson.internal.bind.MapTypeAdapterFactory$Adapter.read(MapTypeAdapterFactory.java:182) ~[gson-2.10.jar%2372!/:?]
	at com.google.gson.internal.bind.MapTypeAdapterFactory$Adapter.read(MapTypeAdapterFactory.java:144) ~[gson-2.10.jar%2372!/:?]
	at com.google.gson.Gson.fromJson(Gson.java:1214) ~[gson-2.10.jar%2372!/:?]
	... 6 more
[12May2025 05:36:53.727] [main/DEBUG] [net.minecraftforge.coremod.transformer.CoreModBaseTransformer/COREMOD]: Transforming <init> with desc (JZZLjava/util/Optional;)V
[12May2025 05:36:53.731] [main/DEBUG] [net.minecraftforge.coremod.transformer.CoreModBaseTransformer/COREMOD]: Transforming m_226857_ with desc (Lnet/minecraft/world/level/levelgen/structure/pieces/StructurePieceSerializationContext;Lnet/minecraft/nbt/CompoundTag;J)Lnet/minecraft/world/level/levelgen/structure/StructureStart;
[12May2025 05:36:53.732] [main/DEBUG] [mixin/]: Mixing StructureStartMixin from blueprint.mixins.json into net.minecraft.world.level.levelgen.structure.StructureStart
[12May2025 05:36:53.732] [main/DEBUG] [mixin/]: Renaming synthetic method lambda$new$0(Lnet/minecraft/world/level/WorldGenLevel;)[Lcom/teamabnormals/blueprint/common/world/modification/structure/StructureRepaletterEntry; to md5e188f$lambda$new$0$0 in blueprint.mixins.json:StructureStartMixin
[12May2025 05:36:53.734] [main/DEBUG] [mixin/]: Mixing StructureStartMixin from zeta.mixins.json into net.minecraft.world.level.levelgen.structure.StructureStart
[12May2025 05:36:53.761] [main/INFO] [com.mojang.authlib.yggdrasil.YggdrasilAuthenticationService/]: Environment: authHost='https://authserver.mojang.com', accountsHost='https://api.mojang.com', sessionHost='https://sessionserver.mojang.com', servicesHost='https://api.minecraftservices.com', name='PROD'
[12May2025 05:36:53.783] [main/DEBUG] [mixin/]: Mixing bugfix.removed_dimensions.LevelStorageSourceMixin from modernfix-forge.mixins.json into net.minecraft.world.level.storage.LevelStorageSource
[12May2025 05:36:53.814] [main/DEBUG] [net.minecraftforge.coremod.transformer.CoreModBaseTransformer/COREMOD]: Transforming m_78311_ with desc ()V
[12May2025 05:36:53.814] [main/DEBUG] [net.minecraftforge.coremod.transformer.CoreModBaseTransformer/COREMOD]: Transforming m_78311_ with desc ()V
[12May2025 05:36:54.629] [main/WARN] [net.minecraft.server.packs.VanillaPackResourcesBuilder/]: Assets URL 'union:/workspaces/MS-1/servidor_minecraft/libraries/net/minecraft/server/1.20.1-20230612.114412/server-1.20.1-20230612.114412-srg.jar%23219!/assets/.mcassetsroot' uses unexpected schema
[12May2025 05:36:54.630] [main/WARN] [net.minecraft.server.packs.VanillaPackResourcesBuilder/]: Assets URL 'union:/workspaces/MS-1/servidor_minecraft/libraries/net/minecraft/server/1.20.1-20230612.114412/server-1.20.1-20230612.114412-srg.jar%23219!/data/.mcassetsroot' uses unexpected schema
[12May2025 05:36:54.739] [main/DEBUG] [mixin/]: Mixing WorldLoaderPackConfigMixin from blueprint.mixins.json into net.minecraft.server.WorldLoader$PackConfig
[12May2025 05:36:54.786] [main/DEBUG] [mixin/]: Mixing ServerPlayerGameModeAccessor from botania_xplat.mixins.json into net.minecraft.server.level.ServerPlayerGameMode
[12May2025 05:36:54.802] [main/DEBUG] [mixin/]: Mixing perf.resourcepacks.ForgePathPackResourcesMixin from modernfix-forge.mixins.json into net.minecraftforge.resource.PathPackResources
[12May2025 05:36:54.806] [main/DEBUG] [mixin/]: Renaming synthetic method lambda$fastGetResources$3(Lnet/minecraft/server/packs/PackType;Lnet/minecraft/resources/ResourceLocation;)Lnet/minecraft/server/packs/resources/IoSupplier; to md5e188f$lambda$fastGetResources$3$0 in modernfix-forge.mixins.json:perf.resourcepacks.ForgePathPackResourcesMixin
[12May2025 05:36:54.807] [main/DEBUG] [mixin/]: Renaming synthetic method lambda$fastGetResources$2(Ljava/nio/file/Path;)Ljava/io/InputStream; to md5e188f$lambda$fastGetResources$2$1 in modernfix-forge.mixins.json:perf.resourcepacks.ForgePathPackResourcesMixin
[12May2025 05:36:54.807] [main/DEBUG] [mixin/]: Renaming synthetic method lambda$fastGetResources$1(Lnet/minecraft/resources/ResourceLocation;)Z to md5e188f$lambda$fastGetResources$1$2 in modernfix-forge.mixins.json:perf.resourcepacks.ForgePathPackResourcesMixin
[12May2025 05:36:54.807] [main/DEBUG] [mixin/]: Renaming synthetic method lambda$generateResourceCache$0(Lnet/minecraft/server/packs/PackType;Ljava/lang/String;)Ljava/nio/file/Path; to md5e188f$lambda$generateResourceCache$0$3 in modernfix-forge.mixins.json:perf.resourcepacks.ForgePathPackResourcesMixin
[12May2025 05:36:54.828] [main/DEBUG] [net.minecraftforge.server.ServerLifecycleHooks/CORE]: Generating PackInfo named mod:kuma_api for mod file 
[12May2025 05:36:54.828] [main/DEBUG] [net.minecraftforge.server.ServerLifecycleHooks/CORE]: Generating PackInfo named mod:furnitura for mod file /workspaces/MS-1/servidor_minecraft/mods/furnitura-1.12-1.20.1.jar
[12May2025 05:36:54.828] [main/DEBUG] [net.minecraftforge.server.ServerLifecycleHooks/CORE]: Generating PackInfo named mod:geckolib for mod file /workspaces/MS-1/servidor_minecraft/mods/geckolib-forge-1.20.1-4.7.1.2.jar
[12May2025 05:36:54.828] [main/DEBUG] [net.minecraftforge.server.ServerLifecycleHooks/CORE]: Generating PackInfo named mod:playeranimator for mod file /workspaces/MS-1/servidor_minecraft/mods/player-animation-lib-forge-1.0.2-rc1+1.20.jar
[12May2025 05:36:54.828] [main/DEBUG] [net.minecraftforge.server.ServerLifecycleHooks/CORE]: Generating PackInfo named mod:lithostitched for mod file /workspaces/MS-1/servidor_minecraft/mods/lithostitched-forge-1.20.1-1.4.4.jar
[12May2025 05:36:54.829] [main/DEBUG] [net.minecraftforge.server.ServerLifecycleHooks/CORE]: Generating PackInfo named mod:obscure_api for mod file /workspaces/MS-1/servidor_minecraft/mods/obscure_api-15.jar
[12May2025 05:36:54.829] [main/DEBUG] [net.minecraftforge.server.ServerLifecycleHooks/CORE]: Generating PackInfo named mod:sophisticatedcore for mod file /workspaces/MS-1/servidor_minecraft/mods/sophisticatedcore-1.20.1-1.2.45.953.jar
[12May2025 05:36:54.829] [main/DEBUG] [net.minecraftforge.server.ServerLifecycleHooks/CORE]: Generating PackInfo named mod:waystones for mod file /workspaces/MS-1/servidor_minecraft/mods/waystones-forge-1.20.1-14.1.11.jar
[12May2025 05:36:54.829] [main/DEBUG] [net.minecraftforge.server.ServerLifecycleHooks/CORE]: Generating PackInfo named mod:xaeroworldmap for mod file /workspaces/MS-1/servidor_minecraft/mods/XaerosWorldMap_1.39.4_Forge_1.20.jar
[12May2025 05:36:54.831] [main/DEBUG] [net.minecraftforge.server.ServerLifecycleHooks/CORE]: Generating PackInfo named mod:modernfix for mod file /workspaces/MS-1/servidor_minecraft/mods/modernfix-forge-5.21.0+mc1.20.1.jar
[12May2025 05:36:54.832] [main/DEBUG] [net.minecraftforge.server.ServerLifecycleHooks/CORE]: Generating PackInfo named mod:jei for mod file /workspaces/MS-1/servidor_minecraft/mods/jei-1.20.1-forge-15.20.0.106.jar
[12May2025 05:36:54.832] [main/DEBUG] [net.minecraftforge.server.ServerLifecycleHooks/CORE]: Generating PackInfo named mod:yungsapi for mod file /workspaces/MS-1/servidor_minecraft/mods/YungsApi-1.20-Forge-4.0.6.jar
[12May2025 05:36:54.832] [main/DEBUG] [net.minecraftforge.server.ServerLifecycleHooks/CORE]: Generating PackInfo named mod:decorative_blocks for mod file /workspaces/MS-1/servidor_minecraft/mods/decorative_blocks-forge-1.20.1-4.1.3.jar
[12May2025 05:36:54.832] [main/DEBUG] [net.minecraftforge.server.ServerLifecycleHooks/CORE]: Generating PackInfo named mod:mixinextras for mod file 
[12May2025 05:36:54.832] [main/DEBUG] [net.minecraftforge.server.ServerLifecycleHooks/CORE]: Generating PackInfo named mod:glitchcore for mod file /workspaces/MS-1/servidor_minecraft/mods/GlitchCore-forge-1.20.1-0.0.1.0.jar
[12May2025 05:36:54.833] [main/DEBUG] [net.minecraftforge.server.ServerLifecycleHooks/CORE]: Generating PackInfo named mod:sophisticatedbackpacks for mod file /workspaces/MS-1/servidor_minecraft/mods/sophisticatedbackpacks-1.20.1-3.23.13.1227.jar
[12May2025 05:36:54.833] [main/DEBUG] [net.minecraftforge.server.ServerLifecycleHooks/CORE]: Generating PackInfo named mod:bettermobs for mod file /workspaces/MS-1/servidor_minecraft/mods/Capivara.jar
[12May2025 05:36:54.833] [main/DEBUG] [net.minecraftforge.server.ServerLifecycleHooks/CORE]: Generating PackInfo named mod:balm for mod file /workspaces/MS-1/servidor_minecraft/mods/balm-forge-1.20.1-7.3.27-all.jar
[12May2025 05:36:54.834] [main/DEBUG] [net.minecraftforge.server.ServerLifecycleHooks/CORE]: Generating PackInfo named mod:blueprint for mod file /workspaces/MS-1/servidor_minecraft/mods/blueprint-1.20.1-7.1.2.jar
[12May2025 05:36:54.834] [main/DEBUG] [net.minecraftforge.server.ServerLifecycleHooks/CORE]: Generating PackInfo named mod:jeresources for mod file /workspaces/MS-1/servidor_minecraft/mods/JustEnoughResources-1.20.1-1.4.0.247.jar
[12May2025 05:36:54.834] [main/DEBUG] [net.minecraftforge.server.ServerLifecycleHooks/CORE]: Generating PackInfo named mod:betterfortresses for mod file /workspaces/MS-1/servidor_minecraft/mods/YungsBetterNetherFortresses-1.20-Forge-2.0.6.jar
[12May2025 05:36:54.835] [main/DEBUG] [net.minecraftforge.server.ServerLifecycleHooks/CORE]: Generating PackInfo named mod:cloth_config for mod file /workspaces/MS-1/servidor_minecraft/mods/cloth-config-11.1.118-forge.jar
[12May2025 05:36:54.835] [main/DEBUG] [net.minecraftforge.server.ServerLifecycleHooks/CORE]: Generating PackInfo named mod:sound_physics_remastered for mod file /workspaces/MS-1/servidor_minecraft/mods/sound-physics-remastered-forge-1.20.1-1.4.13.jar
[12May2025 05:36:54.835] [main/DEBUG] [net.minecraftforge.server.ServerLifecycleHooks/CORE]: Generating PackInfo named mod:forge for mod file /workspaces/MS-1/servidor_minecraft/libraries/net/minecraftforge/forge/1.20.1-47.3.7/forge-1.20.1-47.3.7-universal.jar
[12May2025 05:36:54.835] [main/DEBUG] [net.minecraftforge.server.ServerLifecycleHooks/CORE]: Generating PackInfo named mod:ctov for mod file /workspaces/MS-1/servidor_minecraft/mods/[forge]ctov-3.4.13.jar
[12May2025 05:36:54.835] [main/DEBUG] [net.minecraftforge.server.ServerLifecycleHooks/CORE]: Generating PackInfo named mod:twilightforest for mod file /workspaces/MS-1/servidor_minecraft/mods/twilightforest-1.20.1-4.3.2145-universal.jar
[12May2025 05:36:54.836] [main/DEBUG] [net.minecraftforge.server.ServerLifecycleHooks/CORE]: Generating PackInfo named mod:athena for mod file /workspaces/MS-1/servidor_minecraft/mods/athena-forge-1.20.1-3.1.2.jar
[12May2025 05:36:54.836] [main/DEBUG] [net.minecraftforge.server.ServerLifecycleHooks/CORE]: Generating PackInfo named mod:dungeons_arise for mod file /workspaces/MS-1/servidor_minecraft/mods/DungeonsArise-1.20.x-2.1.58-release.jar
[12May2025 05:36:54.836] [main/DEBUG] [net.minecraftforge.server.ServerLifecycleHooks/CORE]: Generating PackInfo named mod:chipped for mod file /workspaces/MS-1/servidor_minecraft/mods/chipped-forge-1.20.1-3.0.7.jar
[12May2025 05:36:54.836] [main/DEBUG] [net.minecraftforge.server.ServerLifecycleHooks/CORE]: Generating PackInfo named mod:torchmaster for mod file /workspaces/MS-1/servidor_minecraft/mods/torchmaster-20.1.6.jar
[12May2025 05:36:54.837] [main/DEBUG] [net.minecraftforge.server.ServerLifecycleHooks/CORE]: Generating PackInfo named mod:bcc for mod file /workspaces/MS-1/servidor_minecraft/mods/BetterCompatibilityChecker-forge-4.0.8+mc1.20.1.jar
[12May2025 05:36:54.837] [main/DEBUG] [net.minecraftforge.server.ServerLifecycleHooks/CORE]: Generating PackInfo named mod:terrablender for mod file /workspaces/MS-1/servidor_minecraft/mods/TerraBlender-forge-1.20.1-3.0.1.7.jar
[12May2025 05:36:54.837] [main/DEBUG] [net.minecraftforge.server.ServerLifecycleHooks/CORE]: Generating PackInfo named mod:moonlight for mod file /workspaces/MS-1/servidor_minecraft/mods/moonlight-1.20-2.13.81-forge.jar
[12May2025 05:36:54.838] [main/DEBUG] [net.minecraftforge.server.ServerLifecycleHooks/CORE]: Generating PackInfo named mod:bettercombat for mod file /workspaces/MS-1/servidor_minecraft/mods/bettercombat-forge-1.8.6+1.20.1.jar
[12May2025 05:36:54.838] [main/DEBUG] [net.minecraftforge.server.ServerLifecycleHooks/CORE]: Generating PackInfo named mod:immersiveengineering for mod file /workspaces/MS-1/servidor_minecraft/mods/ImmersiveEngineering-1.20.1-10.2.0-183.jar
[12May2025 05:36:54.839] [main/DEBUG] [net.minecraftforge.server.ServerLifecycleHooks/CORE]: Generating PackInfo named mod:choups_drakvyrn_mod for mod file /workspaces/MS-1/servidor_minecraft/mods/Choups_Drakvyrn_Mod_(v2.5.0)_for_1.20.1.jar
[12May2025 05:36:54.839] [main/DEBUG] [net.minecraftforge.server.ServerLifecycleHooks/CORE]: Generating PackInfo named mod:biomesoplenty for mod file /workspaces/MS-1/servidor_minecraft/mods/BiomesOPlenty-forge-1.20.1-19.0.0.96.jar
[12May2025 05:36:54.839] [main/DEBUG] [net.minecraftforge.server.ServerLifecycleHooks/CORE]: Generating PackInfo named mod:mixinsquared for mod file 
[12May2025 05:36:54.839] [main/DEBUG] [net.minecraftforge.server.ServerLifecycleHooks/CORE]: Generating PackInfo named mod:jade for mod file /workspaces/MS-1/servidor_minecraft/mods/Jade-1.20.1-Forge-11.13.1.jar
[12May2025 05:36:54.839] [main/DEBUG] [net.minecraftforge.server.ServerLifecycleHooks/CORE]: Generating PackInfo named mod:ae2 for mod file /workspaces/MS-1/servidor_minecraft/mods/appliedenergistics2-forge-15.3.4.jar
[12May2025 05:36:54.840] [main/DEBUG] [net.minecraftforge.server.ServerLifecycleHooks/CORE]: Generating PackInfo named mod:explorify for mod file /workspaces/MS-1/servidor_minecraft/mods/Explorify v1.6.2 f10-48.jar
[12May2025 05:36:54.841] [main/DEBUG] [net.minecraftforge.server.ServerLifecycleHooks/CORE]: Generating PackInfo named mod:unusualend for mod file /workspaces/MS-1/servidor_minecraft/mods/unusualend-2.3.0-forge-1.20.1.jar
[12May2025 05:36:54.841] [main/DEBUG] [net.minecraftforge.server.ServerLifecycleHooks/CORE]: Generating PackInfo named mod:botania for mod file /workspaces/MS-1/servidor_minecraft/mods/Botania-1.20.1-447-FORGE.jar
[12May2025 05:36:54.841] [main/DEBUG] [net.minecraftforge.server.ServerLifecycleHooks/CORE]: Generating PackInfo named mod:betterfpsdist for mod file /workspaces/MS-1/servidor_minecraft/mods/betterfpsdist-1.20.1-6.0.jar
[12May2025 05:36:54.842] [main/DEBUG] [net.minecraftforge.server.ServerLifecycleHooks/CORE]: Generating PackInfo named mod:curios for mod file /workspaces/MS-1/servidor_minecraft/mods/curios-forge-5.4.2+1.20.1.jar
[12May2025 05:36:54.842] [main/DEBUG] [net.minecraftforge.server.ServerLifecycleHooks/CORE]: Generating PackInfo named mod:patchouli for mod file /workspaces/MS-1/servidor_minecraft/mods/Patchouli-1.20.1-84-FORGE.jar
[12May2025 05:36:54.842] [main/DEBUG] [net.minecraftforge.server.ServerLifecycleHooks/CORE]: Generating PackInfo named mod:xaerominimap for mod file /workspaces/MS-1/servidor_minecraft/mods/Xaeros_Minimap_25.2.0_Forge_1.20.jar
[12May2025 05:36:54.842] [main/DEBUG] [net.minecraftforge.server.ServerLifecycleHooks/CORE]: Generating PackInfo named mod:gravestone for mod file /workspaces/MS-1/servidor_minecraft/mods/gravestone-forge-1.20.1-1.0.24.jar
[12May2025 05:36:54.843] [main/DEBUG] [net.minecraftforge.server.ServerLifecycleHooks/CORE]: Generating PackInfo named mod:collective for mod file /workspaces/MS-1/servidor_minecraft/mods/collective-1.20.1-8.1.jar
[12May2025 05:36:54.843] [main/DEBUG] [net.minecraftforge.server.ServerLifecycleHooks/CORE]: Generating PackInfo named mod:zeta for mod file /workspaces/MS-1/servidor_minecraft/mods/Zeta-1.0-14.jar
[12May2025 05:36:54.843] [main/DEBUG] [net.minecraftforge.server.ServerLifecycleHooks/CORE]: Generating PackInfo named mod:crittersandcompanions for mod file /workspaces/MS-1/servidor_minecraft/mods/crittersandcompanions-forge-2.2.2.jar
[12May2025 05:36:54.843] [main/DEBUG] [net.minecraftforge.server.ServerLifecycleHooks/CORE]: Generating PackInfo named mod:elevatorid for mod file /workspaces/MS-1/servidor_minecraft/mods/elevatorid-1.20.1-lex-1.9.jar
[12May2025 05:36:54.844] [main/DEBUG] [net.minecraftforge.server.ServerLifecycleHooks/CORE]: Generating PackInfo named mod:inventoryhud for mod file /workspaces/MS-1/servidor_minecraft/mods/inventoryhud.forge.1.20.1-3.4.26.jar
[12May2025 05:36:54.844] [main/DEBUG] [net.minecraftforge.server.ServerLifecycleHooks/CORE]: Generating PackInfo named mod:resourcefullib for mod file /workspaces/MS-1/servidor_minecraft/mods/resourcefullib-forge-1.20.1-2.1.29.jar
[12May2025 05:36:54.844] [main/DEBUG] [net.minecraftforge.server.ServerLifecycleHooks/CORE]: Generating PackInfo named mod:mvs for mod file /workspaces/MS-1/servidor_minecraft/mods/mvs-4.1.4-1.20-forge.jar
[12May2025 05:36:54.845] [main/DEBUG] [net.minecraftforge.server.ServerLifecycleHooks/CORE]: Generating PackInfo named mod:lootr for mod file /workspaces/MS-1/servidor_minecraft/mods/lootr-forge-1.20-0.7.35.91.jar
[12May2025 05:36:54.845] [main/DEBUG] [net.minecraftforge.server.ServerLifecycleHooks/CORE]: Generating PackInfo named mod:quark for mod file /workspaces/MS-1/servidor_minecraft/mods/Quark-4.0-438.jar
[12May2025 05:36:54.845] [main/DEBUG] [net.minecraftforge.server.ServerLifecycleHooks/CORE]: Generating PackInfo named mod:supplementaries for mod file /workspaces/MS-1/servidor_minecraft/mods/supplementaries-1.20-3.1.26.jar
[12May2025 05:36:54.845] [main/DEBUG] [net.minecraftforge.server.ServerLifecycleHooks/CORE]: Generating PackInfo named mod:ferritecore for mod file /workspaces/MS-1/servidor_minecraft/mods/ferritecore-6.0.1-forge.jar
[12May2025 05:36:54.846] [main/DEBUG] [net.minecraftforge.server.ServerLifecycleHooks/CORE]: Generating PackInfo named mod:aiimprovements for mod file /workspaces/MS-1/servidor_minecraft/mods/AI-Improvements-1.20-0.5.2.jar
[12May2025 05:36:54.846] [main/DEBUG] [net.minecraftforge.server.ServerLifecycleHooks/CORE]: Generating PackInfo named mod:cupboard for mod file /workspaces/MS-1/servidor_minecraft/mods/cupboard-1.20.1-2.7.jar
[12May2025 05:36:54.847] [main/DEBUG] [net.minecraftforge.server.ServerLifecycleHooks/CORE]: Generating PackInfo named mod:scaffoldingdropsnearby for mod file /workspaces/MS-1/servidor_minecraft/mods/scaffoldingdropsnearby-1.20.1-3.4.jar
[12May2025 05:36:54.847] [main/DEBUG] [net.minecraftforge.server.ServerLifecycleHooks/CORE]: Generating PackInfo named mod:aquamirae for mod file /workspaces/MS-1/servidor_minecraft/mods/aquamirae-6.API15.jar
[12May2025 05:36:54.851] [main/DEBUG] [mixin/]: Mixing MultiPackResourceManagerMixin from moonlight-common.mixins.json into net.minecraft.server.packs.resources.MultiPackResourceManager
[12May2025 05:36:54.870] [main/DEBUG] [mixin/]: Mixing resources.NamespaceResourceManagerAccessor from mvs-common.mixins.json into net.minecraft.server.packs.resources.FallbackResourceManager
[12May2025 05:36:54.903] [main/DEBUG] [ModernFix/]: Generated cache for /assets/minecraft in 7.565 ms
[12May2025 05:36:54.906] [main/DEBUG] [mixin/]: Mixing perf.tag_id_caching.TagEntryMixin from modernfix-forge.mixins.json into net.minecraft.tags.TagEntry
[12May2025 05:36:55.005] [main/DEBUG] [ModernFix/]: Generated cache for /assets/minecraft in 87.30 ms
[12May2025 05:36:55.017] [main/DEBUG] [mixin/]: Mixing AdvancementBuilderMixin from blueprint.mixins.json into net.minecraft.advancements.Advancement$Builder
[12May2025 05:36:55.073] [main/INFO] [Supplementaries/]: Generated runtime SERVER_DATA for pack Supplementaries Generated Pack (supplementaries) in: 168 ms
[12May2025 05:36:55.136] [main/DEBUG] [ModernFix/]: Generated cache for /assets/minecraft in 58.00 ms
[12May2025 05:36:55.139] [main/DEBUG] [ModernFix/]: Generated cache for /assets/minecraft in 1.469 ms
[12May2025 05:36:55.300] [main/DEBUG] [ModernFix/]: Generated cache for /assets/minecraft in 147.6 ms
[12May2025 05:36:55.316] [main/DEBUG] [ModernFix/]: Generated cache for /assets/minecraft in 14.59 ms
[12May2025 05:36:55.318] [main/DEBUG] [ModernFix/]: Generated cache for /assets/minecraft in 1.185 ms
[12May2025 05:36:55.393] [main/DEBUG] [ModernFix/]: Generated cache for /assets/minecraft in 73.52 ms
[12May2025 05:36:55.394] [main/DEBUG] [ModernFix/]: Generated cache for /assets/minecraft in 828.1 μs
[12May2025 05:36:55.430] [main/DEBUG] [ModernFix/]: Generated cache for /assets/minecraft in 35.26 ms
[12May2025 05:36:55.433] [main/DEBUG] [ModernFix/]: Generated cache for /assets/minecraft in 1.618 ms
[12May2025 05:36:55.436] [main/DEBUG] [ModernFix/]: Generated cache for /assets/minecraft in 560.7 μs
[12May2025 05:36:55.438] [main/DEBUG] [ModernFix/]: Generated cache for /assets/minecraft in 518.0 μs
[12May2025 05:36:55.438] [main/DEBUG] [ModernFix/]: Generated cache for /assets/minecraft in 113.2 μs
[12May2025 05:36:55.444] [main/DEBUG] [ModernFix/]: Generated cache for /assets/minecraft in 4.724 ms
[12May2025 05:36:55.447] [main/DEBUG] [ModernFix/]: Generated cache for /assets/minecraft in 386.1 μs
[12May2025 05:36:55.447] [main/DEBUG] [ModernFix/]: Generated cache for /assets/minecraft in 98.79 μs
[12May2025 05:36:55.497] [main/DEBUG] [ModernFix/]: Generated cache for /assets/minecraft in 47.75 ms
[12May2025 05:36:55.504] [main/DEBUG] [ModernFix/]: Generated cache for /assets/minecraft in 6.220 ms
[12May2025 05:36:55.509] [main/DEBUG] [ModernFix/]: Generated cache for /assets/minecraft in 4.467 ms
[12May2025 05:36:55.509] [main/DEBUG] [ModernFix/]: Generated cache for /assets/minecraft in 242.3 μs
[12May2025 05:36:55.535] [main/DEBUG] [ModernFix/]: Generated cache for /assets/minecraft in 25.88 ms
[12May2025 05:36:55.536] [main/DEBUG] [ModernFix/]: Generated cache for /assets/minecraft in 355.8 μs
[12May2025 05:36:55.539] [main/DEBUG] [ModernFix/]: Generated cache for /assets/minecraft in 223.2 μs
[12May2025 05:36:55.543] [main/DEBUG] [ModernFix/]: Generated cache for /assets/minecraft in 3.646 ms
[12May2025 05:36:55.550] [main/DEBUG] [ModernFix/]: Generated cache for /assets/minecraft in 4.332 ms
[12May2025 05:36:55.618] [main/DEBUG] [ModernFix/]: Generated cache for /assets/minecraft in 67.47 ms
[12May2025 05:36:55.620] [main/DEBUG] [ModernFix/]: Generated cache for /assets/minecraft in 1.138 ms
[12May2025 05:36:55.671] [main/DEBUG] [ModernFix/]: Generated cache for /assets/minecraft in 51.38 ms
[12May2025 05:36:55.689] [main/DEBUG] [ModernFix/]: Generated cache for /assets/minecraft in 11.24 ms
[12May2025 05:36:55.956] [main/DEBUG] [ModernFix/]: Generated cache for /assets/minecraft in 266.3 ms
[12May2025 05:36:55.961] [main/DEBUG] [ModernFix/]: Generated cache for /assets/minecraft in 550.6 μs
[12May2025 05:36:55.964] [main/DEBUG] [ModernFix/]: Generated cache for /assets/minecraft in 691.3 μs
[12May2025 05:36:55.971] [main/DEBUG] [ModernFix/]: Generated cache for /assets/minecraft in 6.911 ms
[12May2025 05:36:55.972] [main/DEBUG] [ModernFix/]: Generated cache for /assets/minecraft in 482.9 μs
[12May2025 05:36:55.975] [main/DEBUG] [ModernFix/]: Generated cache for /assets/minecraft in 2.086 ms
[12May2025 05:36:55.976] [main/DEBUG] [ModernFix/]: Generated cache for /assets/minecraft in 572.7 μs
[12May2025 05:36:55.978] [main/DEBUG] [ModernFix/]: Generated cache for /assets/minecraft in 2.240 ms
[12May2025 05:36:55.982] [main/DEBUG] [ModernFix/]: Generated cache for /assets/minecraft in 3.587 ms
[12May2025 05:36:55.984] [main/DEBUG] [ModernFix/]: Generated cache for /assets/minecraft in 81.76 μs
[12May2025 05:36:55.984] [main/DEBUG] [ModernFix/]: Generated cache for /assets/minecraft in 188.0 μs
[12May2025 05:36:55.987] [main/DEBUG] [ModernFix/]: Generated cache for /assets/minecraft in 176.3 μs
[12May2025 05:36:55.993] [main/DEBUG] [ModernFix/]: Generated cache for /assets/minecraft in 4.840 ms
[12May2025 05:36:55.996] [main/DEBUG] [ModernFix/]: Generated cache for /assets/minecraft in 64.52 μs
[12May2025 05:36:55.997] [main/DEBUG] [ModernFix/]: Generated cache for /assets/minecraft in 614.6 μs
[12May2025 05:36:56.002] [main/DEBUG] [ModernFix/]: Generated cache for /assets/minecraft in 52.03 μs
[12May2025 05:36:56.002] [main/DEBUG] [ModernFix/]: Generated cache for /assets/minecraft in 316.6 μs
[12May2025 05:36:56.003] [main/DEBUG] [ModernFix/]: Generated cache for /assets/minecraft in 45.89 μs
[12May2025 05:36:56.005] [main/DEBUG] [ModernFix/]: Generated cache for /assets/minecraft in 1.017 ms
[12May2025 05:36:56.008] [main/DEBUG] [ModernFix/]: Generated cache for /assets/minecraft in 3.056 ms
[12May2025 05:36:56.017] [main/DEBUG] [ModernFix/]: Generated cache for /assets/minecraft in 8.990 ms
[12May2025 05:36:56.019] [main/INFO] [com.teamabnormals.blueprint.core.Blueprint/]: Successfully loaded 0 data remolders!
[12May2025 05:36:58.508] [main/DEBUG] [mixin/]: Mixing MixinPrimaryLevelData from terrablender.mixins.json into net.minecraft.world.level.storage.PrimaryLevelData
[12May2025 05:36:58.509] [main/DEBUG] [mixin/]: Mixing PrimaryLevelDataMixin from collective_forge.mixins.json into net.minecraft.world.level.storage.PrimaryLevelData
[12May2025 05:36:58.509] [main/DEBUG] [mixin/]: Mixing PrimaryLevelDataMixin from obscure_api.mixins.json into net.minecraft.world.level.storage.PrimaryLevelData
[12May2025 05:36:58.755] [main/DEBUG] [mixin/]: Mixing LocateVanillaFortressCommandMixin from betterfortresses.mixins.json into net.minecraft.server.commands.LocateCommand
[12May2025 05:36:58.760] [main/DEBUG] [mixin/]: Mixing structures.LocateCommandMixin from mvs-common.mixins.json into net.minecraft.server.commands.LocateCommand
[12May2025 05:36:58.760] [main/DEBUG] [mixin/]: Renaming synthetic method lambda$mvs_increaseLocateRadius$0(Lnet/minecraft/core/Holder;)Z to md5e188f$lambda$mvs_increaseLocateRadius$0$0 in mvs-common.mixins.json:structures.LocateCommandMixin
[12May2025 05:36:58.854] [main/DEBUG] [net.minecraftforge.coremod.transformer.CoreModBaseTransformer/COREMOD]: Transforming net/minecraft/server/commands/SummonCommand
[12May2025 05:36:59.120] [main/DEBUG] [mixin/]: Mixing perf.potential_spawns_alloc.ForgeEventFactoryMixin from modernfix-forge.mixins.json into net.minecraftforge.event.ForgeEventFactory
[12May2025 05:36:59.121] [main/DEBUG] [mixin/]: Mixing ForgeEventFactoryMixin from blueprint.mixins.json into net.minecraftforge.event.ForgeEventFactory
[12May2025 05:36:59.163] [main/DEBUG] [mixin/]: Mixing perf.potential_spawns_alloc.PotentialSpawnsMixin from modernfix-forge.mixins.json into net.minecraftforge.event.level.LevelEvent$PotentialSpawns
[12May2025 05:36:59.239] [main/INFO] [AE2:C/]: Scanning class appeng.server.testplots.TestPlots for plots
[12May2025 05:36:59.243] [main/INFO] [AE2:C/]: Scanning class appeng.server.testplots.AutoCraftingTestPlots for plots
[12May2025 05:36:59.244] [main/INFO] [AE2:C/]: Scanning class appeng.server.testplots.InscriberTestPlots for plots
[12May2025 05:36:59.255] [main/INFO] [AE2:C/]: Scanning class appeng.server.testplots.P2PTestPlots for plots
[12May2025 05:36:59.255] [main/INFO] [AE2:C/]: Scanning class appeng.server.testplots.ItemP2PTestPlots for plots
[12May2025 05:36:59.256] [main/INFO] [AE2:C/]: Scanning class appeng.server.testplots.MemoryCardTestPlots for plots
[12May2025 05:36:59.257] [main/INFO] [AE2:C/]: Scanning class appeng.server.testplots.PatternProviderLockModePlots for plots
[12May2025 05:36:59.258] [main/INFO] [AE2:C/]: Scanning class appeng.server.testplots.PatternProviderPlots for plots
[12May2025 05:36:59.258] [main/INFO] [AE2:C/]: Scanning class appeng.server.testplots.SpatialTestPlots for plots
[12May2025 05:36:59.259] [main/INFO] [AE2:C/]: Scanning class appeng.server.testplots.QnbTestPlots for plots
[12May2025 05:36:59.259] [main/INFO] [AE2:C/]: Scanning class appeng.server.testplots.GuidebookPlot for plots
[12May2025 05:36:59.260] [main/INFO] [AE2:C/]: Scanning class appeng.server.testplots.SubnetPlots for plots
[12May2025 05:36:59.260] [main/INFO] [AE2:C/]: Scanning class appeng.server.testplots.ChannelTests for plots
[12May2025 05:36:59.261] [main/INFO] [AE2:C/]: Scanning class appeng.server.testplots.AnnihilationPlaneTests for plots
[12May2025 05:36:59.330] [main/INFO] [zeta-internal/]: Dispatching ForgeZAddReloadListener (as ZAddReloadListener) to 2 listeners
[12May2025 05:36:59.337] [main/INFO] [quark-zeta/]: Dispatching ForgeZAddReloadListener (as ZAddReloadListener) to 2 listeners
[12May2025 05:36:59.337] [main/INFO] [quark-zeta/]: Dispatching AdvancementModifierRegistry$1 (as ZGatherAdvancementModifiers) to 1 listener
[12May2025 05:36:59.358] [main/DEBUG] [mixin/]: Mixing feature.measure_time.SimpleReloadInstanceMixin from modernfix-common.mixins.json into net.minecraft.server.packs.resources.SimpleReloadInstance
[12May2025 05:36:59.361] [main/DEBUG] [mixin/]: Mixing SimpleReloadInstanceMixin from blueprint.mixins.json into net.minecraft.server.packs.resources.SimpleReloadInstance
[12May2025 05:37:00.252] [Worker-Main-1/ERROR] [net.minecraft.tags.TagLoader/]: Couldn't load tag blueprint:generates_overrides as it is missing following references: unusualend:prismalite_gem (from unusualend-2.3.0-forge-1.20.1.jar), 
	unusualend:shiny_crystal (from unusualend-2.3.0-forge-1.20.1.jar), 
	unusualend:citrine_chunk (from unusualend-2.3.0-forge-1.20.1.jar), 
	unusualend:pearlescent_ingot (from unusualend-2.3.0-forge-1.20.1.jar)
[12May2025 05:37:00.347] [Worker-Main-1/ERROR] [net.minecraft.tags.TagLoader/]: Couldn't load tag unusualend:void_tracker_located as it is missing following references: unusualend:gloopy_citadel (from unusualend-2.3.0-forge-1.20.1.jar)
[12May2025 05:37:00.348] [Worker-Main-1/ERROR] [net.minecraft.tags.TagLoader/]: Couldn't load tag minecraft:void_tracker_located as it is missing following references: minecraft: (from unusualend-2.3.0-forge-1.20.1.jar)
[12May2025 05:37:00.647] [Worker-Main-1/ERROR] [net.minecraft.tags.TagLoader/]: Couldn't load tag ctov:wares/cardboard_box as it is missing following references: wares:cardboard_box (from [forge]ctov-3.4.13.jar)
[12May2025 05:37:00.661] [Worker-Main-1/ERROR] [net.minecraft.tags.TagLoader/]: Couldn't load tag ctov:wares/sealed_delivery_agreement as it is missing following references: wares:sealed_delivery_agreement (from [forge]ctov-3.4.13.jar)
[12May2025 05:37:02.429] [Worker-Main-1/DEBUG] [botania/]: Parsing loonium_config config 'minecraft:desert_pyramid'
[12May2025 05:37:02.430] [Worker-Main-1/DEBUG] [botania/]: Parsing loonium_config config 'minecraft:ruined_portal_swamp'
[12May2025 05:37:02.431] [Worker-Main-1/DEBUG] [botania/]: Parsing loonium_config config 'minecraft:village_taiga'
[12May2025 05:37:02.431] [Worker-Main-1/DEBUG] [botania/]: Parsing loonium_config config 'minecraft:bastion_remnant'
[12May2025 05:37:02.432] [Worker-Main-1/DEBUG] [botania/]: Parsing loonium_config config 'minecraft:pillager_outpost'
[12May2025 05:37:02.432] [Worker-Main-1/DEBUG] [botania/]: Parsing loonium_config config 'minecraft:shipwreck'
[12May2025 05:37:02.432] [Worker-Main-1/DEBUG] [botania/]: Parsing loonium_config config 'botania:ocean_ruins'
[12May2025 05:37:02.433] [Worker-Main-1/DEBUG] [botania/]: Parsing loonium_config config 'minecraft:jungle_pyramid'
[12May2025 05:37:02.433] [Worker-Main-1/DEBUG] [botania/]: Parsing loonium_config config 'minecraft:ruined_portal_jungle'
[12May2025 05:37:02.433] [Worker-Main-1/DEBUG] [botania/]: Parsing loonium_config config 'botania:village'
[12May2025 05:37:02.433] [Worker-Main-1/DEBUG] [botania/]: Parsing loonium_config config 'minecraft:ocean_ruin_warm'
[12May2025 05:37:02.434] [Worker-Main-1/DEBUG] [botania/]: Parsing loonium_config config 'minecraft:village_plains'
[12May2025 05:37:02.434] [Worker-Main-1/DEBUG] [botania/]: Parsing loonium_config config 'minecraft:ruined_portal'
[12May2025 05:37:02.434] [Worker-Main-1/DEBUG] [botania/]: Parsing loonium_config config 'minecraft:mansion'
[12May2025 05:37:02.435] [Worker-Main-1/DEBUG] [botania/]: Parsing loonium_config config 'minecraft:ruined_portal_desert'
[12May2025 05:37:02.435] [Worker-Main-1/DEBUG] [botania/]: Parsing loonium_config config 'minecraft:end_city'
[12May2025 05:37:02.435] [Worker-Main-1/DEBUG] [botania/]: Parsing loonium_config config 'botania:default'
[12May2025 05:37:02.436] [Worker-Main-1/DEBUG] [botania/]: Parsing loonium_config config 'minecraft:monument'
[12May2025 05:37:02.436] [Worker-Main-1/DEBUG] [botania/]: Parsing loonium_config config 'minecraft:ruined_portal_ocean'
[12May2025 05:37:02.437] [Worker-Main-1/DEBUG] [botania/]: Parsing loonium_config config 'minecraft:ruined_portal_mountain'
[12May2025 05:37:02.437] [Worker-Main-1/DEBUG] [botania/]: Parsing loonium_config config 'minecraft:fortress'
[12May2025 05:37:02.437] [Worker-Main-1/DEBUG] [botania/]: Parsing loonium_config config 'minecraft:trail_ruins'
[12May2025 05:37:02.438] [Worker-Main-1/DEBUG] [botania/]: Parsing loonium_config config 'minecraft:village_savanna'
[12May2025 05:37:02.438] [Worker-Main-1/DEBUG] [botania/]: Parsing loonium_config config 'minecraft:ruined_portal_nether'
[12May2025 05:37:02.438] [Worker-Main-1/DEBUG] [botania/]: Parsing loonium_config config 'minecraft:shipwreck_beached'
[12May2025 05:37:02.438] [Worker-Main-1/DEBUG] [botania/]: Parsing loonium_config config 'minecraft:stronghold'
[12May2025 05:37:02.439] [Worker-Main-1/DEBUG] [botania/]: Parsing loonium_config config 'minecraft:ancient_city'
[12May2025 05:37:02.439] [Worker-Main-1/DEBUG] [botania/]: Parsing loonium_config config 'minecraft:village_desert'
[12May2025 05:37:02.439] [Worker-Main-1/DEBUG] [botania/]: Parsing loonium_config config 'minecraft:ocean_ruin_cold'
[12May2025 05:37:02.440] [Worker-Main-1/DEBUG] [botania/]: Parsing loonium_config config 'minecraft:village_snowy'
[12May2025 05:37:02.441] [main/INFO] [com.teamabnormals.blueprint.core.Blueprint/]: Loot Modification Manager has loaded 0 modifier groups
[12May2025 05:37:02.619] [main/INFO] [net.minecraft.world.item.crafting.RecipeManager/]: Skipping loading recipe supplementaries:inspirations/blackboard_clear as it's serializer returned null
[12May2025 05:37:02.660] [main/INFO] [net.minecraft.world.item.crafting.RecipeManager/]: Skipping loading recipe twilightforest:jeed/frosted as it's serializer returned null
[12May2025 05:37:02.661] [main/INFO] [net.minecraft.world.item.crafting.RecipeManager/]: Skipping loading recipe supplementaries:inspirations/flag_dye as it's serializer returned null
[12May2025 05:37:02.673] [main/INFO] [net.minecraft.world.item.crafting.RecipeManager/]: Skipping loading recipe twilightforest:jeed/hunger as it's serializer returned null
[12May2025 05:37:02.737] [main/INFO] [net.minecraft.world.item.crafting.RecipeManager/]: Skipping loading recipe twilightforest:jeed/blindness as it's serializer returned null
[12May2025 05:37:02.768] [main/INFO] [net.minecraft.world.item.crafting.RecipeManager/]: Skipping loading recipe twilightforest:jeed/poison as it's serializer returned null
[12May2025 05:37:02.824] [main/INFO] [net.minecraft.world.item.crafting.RecipeManager/]: Skipping loading recipe twilightforest:jeed/resistance as it's serializer returned null
[12May2025 05:37:02.841] [main/INFO] [net.minecraft.world.item.crafting.RecipeManager/]: Skipping loading recipe supplementaries:inspirations/flag_clear as it's serializer returned null
[12May2025 05:37:02.868] [main/INFO] [net.minecraft.world.item.crafting.RecipeManager/]: Skipping loading recipe twilightforest:jeed/regeneration as it's serializer returned null
[12May2025 05:37:02.870] [main/INFO] [net.minecraft.world.item.crafting.RecipeManager/]: Skipping loading recipe twilightforest:jeed/slowness as it's serializer returned null
[12May2025 05:37:02.882] [main/INFO] [net.minecraft.world.item.crafting.RecipeManager/]: Skipping loading recipe twilightforest:jeed/fire_resistance as it's serializer returned null
[12May2025 05:37:02.893] [main/INFO] [net.minecraft.world.item.crafting.RecipeManager/]: Loaded 55 recipes
[12May2025 05:37:02.893] [main/INFO] [com.teamabnormals.blueprint.core.Blueprint/]: Advancement Modification Manager has loaded 0 modifier groups
[12May2025 05:37:03.006] [main/ERROR] [net.minecraft.server.ServerAdvancementManager/]: Parsing error loading custom advancement supplementaries:recipes/planter_rich: Unknown item id 'farmersdelight:rich_soil'
[12May2025 05:37:03.332] [main/INFO] [quark/]: [Automatic Recipe Unlock] Removed 4069 recipe advancements
[12May2025 05:37:03.348] [main/INFO] [net.minecraft.advancements.AdvancementList/]: Loaded 485 advancements
[12May2025 05:37:03.370] [main/INFO] [com.teamabnormals.blueprint.core.Blueprint/]: Chunk Generator Modification Manager has loaded 1 modifier groups
[12May2025 05:37:03.371] [main/DEBUG] [sophisticatedbackpacks/]: Started loading registry data from sophisticatedbackpacks:compat/woot/block_tools 
[12May2025 05:37:03.374] [main/DEBUG] [sophisticatedbackpacks/]: Started loading registry data from sophisticatedbackpacks:compat/fluxnetworks/block_tools 
[12May2025 05:37:03.374] [main/DEBUG] [sophisticatedbackpacks/]: Started loading registry data from sophisticatedbackpacks:compat/mob_grinding_utils/entity_tools 
[12May2025 05:37:03.374] [main/DEBUG] [sophisticatedbackpacks/]: Started loading registry data from sophisticatedbackpacks:compat/astralsorcery/block_tools 
[12May2025 05:37:03.374] [main/DEBUG] [sophisticatedbackpacks/]: Started loading registry data from sophisticatedbackpacks:compat/immersivepetroleum/block_tools 
[12May2025 05:37:03.374] [main/DEBUG] [sophisticatedbackpacks/]: Started loading registry data from sophisticatedbackpacks:compat/immersiveengineering/block_tools 
[12May2025 05:37:03.375] [main/DEBUG] [sophisticatedbackpacks/]: Finished loading registry data for sophisticatedbackpacks:compat/immersiveengineering/block_tools
[12May2025 05:37:03.375] [main/DEBUG] [sophisticatedbackpacks/]: Started loading registry data from sophisticatedbackpacks:compat/pedestals/block_tools 
[12May2025 05:37:03.376] [main/DEBUG] [sophisticatedbackpacks/]: Started loading registry data from sophisticatedbackpacks:compat/platforms/block_tools 
[12May2025 05:37:03.376] [main/DEBUG] [sophisticatedbackpacks/]: Started loading registry data from sophisticatedbackpacks:compat/rftoolsutility/entity_tools 
[12May2025 05:37:03.376] [main/DEBUG] [sophisticatedbackpacks/]: Started loading registry data from sophisticatedbackpacks:compat/compactmachines/block_tools 
[12May2025 05:37:03.376] [main/DEBUG] [sophisticatedbackpacks/]: Started loading registry data from sophisticatedbackpacks:compat/mcwwindows/block_tools 
[12May2025 05:37:03.376] [main/DEBUG] [sophisticatedbackpacks/]: Started loading registry data from sophisticatedbackpacks:compat/integrateddynamics/block_tools 
[12May2025 05:37:03.376] [main/DEBUG] [sophisticatedbackpacks/]: Started loading registry data from sophisticatedbackpacks:entity_tools 
[12May2025 05:37:03.380] [main/DEBUG] [sophisticatedbackpacks/]: Finished loading registry data for sophisticatedbackpacks:entity_tools
[12May2025 05:37:03.380] [main/DEBUG] [sophisticatedbackpacks/]: Started loading registry data from sophisticatedbackpacks:compat/mekanism/block_tools 
[12May2025 05:37:03.380] [main/DEBUG] [sophisticatedbackpacks/]: Started loading registry data from sophisticatedbackpacks:compat/powah/block_tools 
[12May2025 05:37:03.380] [main/DEBUG] [sophisticatedbackpacks/]: Started loading registry data from sophisticatedbackpacks:compat/apotheosis/entity_tools 
[12May2025 05:37:03.380] [main/DEBUG] [sophisticatedbackpacks/]: Started loading registry data from sophisticatedbackpacks:compat/bloodmagic/block_tools 
[12May2025 05:37:03.380] [main/DEBUG] [sophisticatedbackpacks/]: Started loading registry data from sophisticatedbackpacks:compat/immersiveposts/block_tools 
[12May2025 05:37:03.380] [main/DEBUG] [sophisticatedbackpacks/]: Started loading registry data from sophisticatedbackpacks:compat/rats/entity_tools 
[12May2025 05:37:03.380] [main/DEBUG] [sophisticatedbackpacks/]: Started loading registry data from sophisticatedbackpacks:compat/framedcompactdrawers/block_tools 
[12May2025 05:37:03.380] [main/DEBUG] [sophisticatedbackpacks/]: Started loading registry data from sophisticatedbackpacks:compat/iceandfire/entity_tools 
[12May2025 05:37:03.380] [main/DEBUG] [sophisticatedbackpacks/]: Started loading registry data from sophisticatedbackpacks:compat/storagedrawers/block_tools 
[12May2025 05:37:03.380] [main/DEBUG] [sophisticatedbackpacks/]: Started loading registry data from sophisticatedbackpacks:compat/mcwroofs/block_tools 
[12May2025 05:37:03.380] [main/DEBUG] [sophisticatedbackpacks/]: Started loading registry data from sophisticatedbackpacks:compat/morphtool/block_tools 
[12May2025 05:37:03.380] [main/DEBUG] [sophisticatedbackpacks/]: Started loading registry data from sophisticatedbackpacks:compat/botania/block_tools 
[12May2025 05:37:03.380] [main/DEBUG] [sophisticatedbackpacks/]: Finished loading registry data for sophisticatedbackpacks:compat/botania/block_tools
[12May2025 05:37:03.380] [main/DEBUG] [sophisticatedbackpacks/]: Started loading registry data from sophisticatedbackpacks:compat/pneumaticraft/block_tools 
[12May2025 05:37:03.380] [main/DEBUG] [sophisticatedbackpacks/]: Started loading registry data from sophisticatedbackpacks:compat/shrink/entity_tools 
[12May2025 05:37:03.380] [main/DEBUG] [sophisticatedbackpacks/]: Started loading registry data from sophisticatedbackpacks:compat/blockcarpentry/block_tools 
[12May2025 05:37:03.380] [main/DEBUG] [sophisticatedbackpacks/]: Started loading registry data from sophisticatedbackpacks:compat/pipez/block_tools 
[12May2025 05:37:03.380] [main/DEBUG] [sophisticatedbackpacks/]: Started loading registry data from sophisticatedbackpacks:compat/transport/block_tools 
[12May2025 05:37:03.380] [main/DEBUG] [sophisticatedbackpacks/]: Started loading registry data from sophisticatedbackpacks:compat/thermal/block_tools 
[12May2025 05:37:03.380] [main/DEBUG] [sophisticatedbackpacks/]: Started loading registry data from sophisticatedbackpacks:block_tools 
[12May2025 05:37:03.380] [main/DEBUG] [sophisticatedbackpacks/]: Finished loading registry data for sophisticatedbackpacks:block_tools
[12May2025 05:37:03.380] [main/DEBUG] [sophisticatedbackpacks/]: Started loading registry data from sophisticatedbackpacks:compat/create/block_tools 
[12May2025 05:37:03.380] [main/DEBUG] [sophisticatedbackpacks/]: Started loading registry data from sophisticatedbackpacks:compat/farmersdelight/entity_tools 
[12May2025 05:37:03.380] [main/DEBUG] [sophisticatedbackpacks/]: Started loading registry data from sophisticatedbackpacks:compat/refinedstorage/block_tools 
[12May2025 05:37:03.381] [main/DEBUG] [sophisticatedbackpacks/]: Started loading registry data from sophisticatedbackpacks:compat/chiselsandbits/block_tools 
[12May2025 05:37:03.381] [main/DEBUG] [sophisticatedbackpacks/]: Started loading registry data from sophisticatedbackpacks:compat/farmersdelight/block_tools 
[12May2025 05:37:03.381] [main/DEBUG] [sophisticatedbackpacks/]: Started loading registry data from sophisticatedbackpacks:compat/resourcefulbees/entity_tools 
[12May2025 05:37:03.381] [main/DEBUG] [sophisticatedbackpacks/]: Started loading registry data from sophisticatedbackpacks:compat/tetra/swords 
[12May2025 05:37:03.381] [main/DEBUG] [sophisticatedbackpacks/]: Started loading registry data from sophisticatedbackpacks:swords 
[12May2025 05:37:03.381] [main/DEBUG] [sophisticatedbackpacks/]: Finished loading registry data for sophisticatedbackpacks:swords
[12May2025 05:37:03.381] [main/DEBUG] [sophisticatedbackpacks/]: Started loading registry data from sophisticatedbackpacks:compat/mythicbotany/block_tools 
[12May2025 05:37:03.383] [main/DEBUG] [sophisticatedbackpacks/]: Started loading registry data from sophisticatedbackpacks:compat/resourcefulbees/block_tools 
[12May2025 05:37:03.383] [main/DEBUG] [sophisticatedbackpacks/]: Started loading registry data from sophisticatedbackpacks:compat/syp/entity_tools 
[12May2025 05:37:03.383] [main/DEBUG] [sophisticatedbackpacks/]: Started loading registry data from sophisticatedbackpacks:compat/eidolon/block_tools 
[12May2025 05:37:03.383] [main/DEBUG] [sophisticatedbackpacks/]: Started loading registry data from sophisticatedbackpacks:compat/rftoolsbase/block_tools 
[12May2025 05:37:03.384] [main/INFO] [twilightforest/]: Loaded 9 Stalactite configs!
[12May2025 05:37:03.420] [main/INFO] [top.theillusivec4.curios.Curios/]: Loaded 10 curio slots
[12May2025 05:37:03.438] [main/INFO] [top.theillusivec4.curios.Curios/]: Loaded 1 curio entities
[12May2025 05:37:03.442] [main/INFO] [quark-zeta/]: Modified advancement minecraft:husbandry/wax_on with 2 patches
[12May2025 05:37:03.442] [main/INFO] [quark-zeta/]: Modified advancement minecraft:adventure/kill_a_mob with 3 patches
[12May2025 05:37:03.443] [main/INFO] [quark-zeta/]: Modified advancement minecraft:husbandry/bred_all_animals with 3 patches
[12May2025 05:37:03.443] [main/INFO] [quark-zeta/]: Modified advancement minecraft:adventure/kill_all_mobs with 3 patches
[12May2025 05:37:03.444] [main/INFO] [quark-zeta/]: Modified advancement minecraft:husbandry/balanced_diet with 3 patches
[12May2025 05:37:03.444] [main/INFO] [quark-zeta/]: Modified advancement minecraft:husbandry/plant_seed with 1 patches
[12May2025 05:37:03.444] [main/INFO] [quark-zeta/]: Modified advancement minecraft:nether/all_effects with 2 patches
[12May2025 05:37:03.445] [main/INFO] [quark-zeta/]: Modified advancement minecraft:husbandry/wax_off with 2 patches
[12May2025 05:37:03.445] [main/INFO] [quark-zeta/]: Modified advancement minecraft:adventure/adventuring_time with 1 patches
[12May2025 05:37:03.446] [main/INFO] [quark-zeta/]: Modified advancement minecraft:nether/all_potions with 1 patches
[12May2025 05:37:03.461] [main/INFO] [Supplementaries/]: Loaded 27 flute songs
[12May2025 05:37:03.475] [main/INFO] [botania/]: Loaded 30 Loonium configurations
[12May2025 05:37:03.641] [main/INFO] [Moonlight/]: Applied 7 data villager trades
[12May2025 05:37:03.779] [main/INFO] [zeta-internal/]: Dispatching ZTagsUpdated to 1 listener
[12May2025 05:37:03.780] [main/INFO] [Supplementaries/]: Finished additional setup in 0 ms
[12May2025 05:37:03.851] [main/DEBUG] [net.minecraftforge.common.ForgeHooks/WP]: Gathering id map for writing to world save world
[12May2025 05:37:03.954] [main/DEBUG] [net.minecraftforge.common.ForgeHooks/WP]: ID Map collection complete world
[12May2025 05:37:04.091] [Server thread/INFO] [net.minecraft.server.dedicated.DedicatedServer/]: Starting minecraft server version 1.20.1
[12May2025 05:37:04.093] [Server thread/INFO] [net.minecraft.server.dedicated.DedicatedServer/]: Loading properties
[12May2025 05:37:04.093] [Server thread/INFO] [net.minecraft.server.dedicated.DedicatedServer/]: Default game type: SURVIVAL
[12May2025 05:37:04.094] [Server thread/INFO] [net.minecraft.server.MinecraftServer/]: Generating keypair
[12May2025 05:37:04.375] [Server thread/INFO] [net.minecraft.server.dedicated.DedicatedServer/]: Starting Minecraft server on *:25565
[12May2025 05:37:04.376] [Server thread/DEBUG] [net.minecraftforge.network.DualStackUtils/]: Detected IPv6 address: "0:0:0:0:0:0:0:0"
[12May2025 05:37:04.383] [Server thread/DEBUG] [io.netty.util.internal.NativeLibraryLoader/]: -Dio.netty.native.workdir: /tmp (io.netty.tmpdir)
[12May2025 05:37:04.383] [Server thread/DEBUG] [io.netty.util.internal.NativeLibraryLoader/]: -Dio.netty.native.deleteLibAfterLoading: true
[12May2025 05:37:04.385] [Server thread/DEBUG] [io.netty.util.internal.NativeLibraryLoader/]: -Dio.netty.native.tryPatchShadedId: true
[12May2025 05:37:04.385] [Server thread/DEBUG] [io.netty.util.internal.NativeLibraryLoader/]: -Dio.netty.native.detectNativeLibraryDuplicates: true
[12May2025 05:37:04.393] [Server thread/DEBUG] [io.netty.util.internal.NativeLibraryLoader/]: Successfully loaded the library /tmp/libnetty_transport_native_epoll_x86_6411234837868511393014.so
[12May2025 05:37:04.396] [Server thread/DEBUG] [io.netty.util.NetUtil/]: -Djava.net.preferIPv4Stack: false
[12May2025 05:37:04.396] [Server thread/DEBUG] [io.netty.util.NetUtil/]: -Djava.net.preferIPv6Addresses: true
[12May2025 05:37:04.397] [Server thread/DEBUG] [io.netty.util.NetUtilInitializations/]: Loopback interface: lo (lo, 0:0:0:0:0:0:0:1%lo)
[12May2025 05:37:04.398] [Server thread/DEBUG] [io.netty.util.NetUtil/]: /proc/sys/net/core/somaxconn: 4096
[12May2025 05:37:04.402] [Server thread/INFO] [net.minecraft.server.network.ServerConnectionListener/]: Using epoll channel type
[12May2025 05:37:04.417] [Server thread/DEBUG] [io.netty.channel.MultithreadEventLoopGroup/]: -Dio.netty.eventLoopThreads: 4
[12May2025 05:37:04.442] [Server thread/DEBUG] [io.netty.util.internal.PlatformDependent/]: org.jctools-core.MpscChunkedArrayQueue: available
[12May2025 05:37:04.450] [Server thread/DEBUG] [io.netty.channel.DefaultChannelId/]: -Dio.netty.processId: 44445 (auto-detected)
[12May2025 05:37:04.454] [Server thread/DEBUG] [io.netty.channel.DefaultChannelId/]: -Dio.netty.machineId: 7c:1e:52:ff:fe:e8:c4:02 (auto-detected)
[12May2025 05:37:04.475] [Server thread/DEBUG] [io.netty.buffer.PooledByteBufAllocator/]: -Dio.netty.allocator.numHeapArenas: 4
[12May2025 05:37:04.475] [Server thread/DEBUG] [io.netty.buffer.PooledByteBufAllocator/]: -Dio.netty.allocator.numDirectArenas: 4
[12May2025 05:37:04.475] [Server thread/DEBUG] [io.netty.buffer.PooledByteBufAllocator/]: -Dio.netty.allocator.pageSize: 8192
[12May2025 05:37:04.475] [Server thread/DEBUG] [io.netty.buffer.PooledByteBufAllocator/]: -Dio.netty.allocator.maxOrder: 9
[12May2025 05:37:04.475] [Server thread/DEBUG] [io.netty.buffer.PooledByteBufAllocator/]: -Dio.netty.allocator.chunkSize: 4194304
[12May2025 05:37:04.475] [Server thread/DEBUG] [io.netty.buffer.PooledByteBufAllocator/]: -Dio.netty.allocator.smallCacheSize: 256
[12May2025 05:37:04.476] [Server thread/DEBUG] [io.netty.buffer.PooledByteBufAllocator/]: -Dio.netty.allocator.normalCacheSize: 64
[12May2025 05:37:04.476] [Server thread/DEBUG] [io.netty.buffer.PooledByteBufAllocator/]: -Dio.netty.allocator.maxCachedBufferCapacity: 32768
[12May2025 05:37:04.476] [Server thread/DEBUG] [io.netty.buffer.PooledByteBufAllocator/]: -Dio.netty.allocator.cacheTrimInterval: 8192
[12May2025 05:37:04.476] [Server thread/DEBUG] [io.netty.buffer.PooledByteBufAllocator/]: -Dio.netty.allocator.cacheTrimIntervalMillis: 0
[12May2025 05:37:04.476] [Server thread/DEBUG] [io.netty.buffer.PooledByteBufAllocator/]: -Dio.netty.allocator.useCacheForAllThreads: false
[12May2025 05:37:04.476] [Server thread/DEBUG] [io.netty.buffer.PooledByteBufAllocator/]: -Dio.netty.allocator.maxCachedByteBuffersPerChunk: 1023
[12May2025 05:37:04.484] [Server thread/DEBUG] [io.netty.buffer.ByteBufUtil/]: -Dio.netty.allocator.type: pooled
[12May2025 05:37:04.484] [Server thread/DEBUG] [io.netty.buffer.ByteBufUtil/]: -Dio.netty.threadLocalDirectBufferSize: 0
[12May2025 05:37:04.484] [Server thread/DEBUG] [io.netty.buffer.ByteBufUtil/]: -Dio.netty.maxThreadLocalCharBufferSize: 16384
[12May2025 05:37:04.495] [Server thread/WARN] [net.minecraft.server.dedicated.DedicatedServer/]: **** SERVER IS RUNNING IN OFFLINE/INSECURE MODE!
[12May2025 05:37:04.496] [Server thread/WARN] [net.minecraft.server.dedicated.DedicatedServer/]: The server will make no attempt to authenticate usernames. Beware.
[12May2025 05:37:04.496] [Server thread/WARN] [net.minecraft.server.dedicated.DedicatedServer/]: While this makes the game possible to play without internet access, it also opens up the ability for hackers to connect with any username they choose.
[12May2025 05:37:04.496] [Server thread/WARN] [net.minecraft.server.dedicated.DedicatedServer/]: To change this, set "online-mode" to "true" in the server.properties file.
[12May2025 05:37:04.531] [Server thread/DEBUG] [net.minecraftforge.fml.config.ConfigTracker/CONFIG]: Loading configs type SERVER
[12May2025 05:37:04.531] [Server thread/DEBUG] [net.minecraftforge.fml.config.ConfigFileTypeHandler/CONFIG]: Built TOML config for ./world/serverconfig/jei-server.toml
[12May2025 05:37:04.531] [Server thread/DEBUG] [net.minecraftforge.fml.config.ConfigFileTypeHandler/CONFIG]: Loaded TOML config file ./world/serverconfig/jei-server.toml
[12May2025 05:37:04.532] [Server thread/DEBUG] [net.minecraftforge.fml.config.ConfigFileTypeHandler/CONFIG]: Watching TOML config file ./world/serverconfig/jei-server.toml for changes
[12May2025 05:37:04.533] [Server thread/DEBUG] [net.minecraftforge.fml.config.ConfigFileTypeHandler/CONFIG]: Built TOML config for ./world/serverconfig/sophisticatedbackpacks-server.toml
[12May2025 05:37:04.534] [Server thread/DEBUG] [net.minecraftforge.fml.config.ConfigFileTypeHandler/CONFIG]: Loaded TOML config file ./world/serverconfig/sophisticatedbackpacks-server.toml
[12May2025 05:37:04.534] [Server thread/DEBUG] [net.minecraftforge.fml.config.ConfigFileTypeHandler/CONFIG]: Watching TOML config file ./world/serverconfig/sophisticatedbackpacks-server.toml for changes
[12May2025 05:37:04.537] [Server thread/DEBUG] [net.minecraftforge.fml.config.ConfigFileTypeHandler/CONFIG]: Built TOML config for ./world/serverconfig/forge-server.toml
[12May2025 05:37:04.538] [Server thread/DEBUG] [net.minecraftforge.fml.config.ConfigFileTypeHandler/CONFIG]: Loaded TOML config file ./world/serverconfig/forge-server.toml
[12May2025 05:37:04.538] [Server thread/DEBUG] [net.minecraftforge.fml.config.ConfigFileTypeHandler/CONFIG]: Watching TOML config file ./world/serverconfig/forge-server.toml for changes
[12May2025 05:37:04.538] [Server thread/DEBUG] [net.minecraftforge.common.ForgeConfig/FORGEMOD]: Loaded forge config file forge-server.toml
[12May2025 05:37:04.539] [Server thread/DEBUG] [net.minecraftforge.fml.config.ConfigFileTypeHandler/CONFIG]: Built TOML config for ./world/serverconfig/immersiveengineering-server.toml
[12May2025 05:37:04.540] [Server thread/DEBUG] [net.minecraftforge.fml.config.ConfigFileTypeHandler/CONFIG]: Loaded TOML config file ./world/serverconfig/immersiveengineering-server.toml
[12May2025 05:37:04.540] [Server thread/DEBUG] [net.minecraftforge.fml.config.ConfigFileTypeHandler/CONFIG]: Watching TOML config file ./world/serverconfig/immersiveengineering-server.toml for changes
[12May2025 05:37:04.544] [Server thread/DEBUG] [net.minecraftforge.fml.config.ConfigFileTypeHandler/CONFIG]: Built TOML config for ./world/serverconfig/curios-server.toml
[12May2025 05:37:04.544] [Server thread/DEBUG] [net.minecraftforge.fml.config.ConfigFileTypeHandler/CONFIG]: Loaded TOML config file ./world/serverconfig/curios-server.toml
[12May2025 05:37:04.545] [Server thread/DEBUG] [net.minecraftforge.fml.config.ConfigFileTypeHandler/CONFIG]: Watching TOML config file ./world/serverconfig/curios-server.toml for changes
[12May2025 05:37:04.545] [Server thread/DEBUG] [net.minecraftforge.fml.config.ConfigFileTypeHandler/CONFIG]: Built TOML config for ./world/serverconfig/gravestone-server.toml
[12May2025 05:37:04.546] [Server thread/DEBUG] [net.minecraftforge.fml.config.ConfigFileTypeHandler/CONFIG]: Loaded TOML config file ./world/serverconfig/gravestone-server.toml
[12May2025 05:37:04.546] [Server thread/DEBUG] [net.minecraftforge.fml.config.ConfigFileTypeHandler/CONFIG]: Watching TOML config file ./world/serverconfig/gravestone-server.toml for changes
[12May2025 05:37:04.548] [Server thread/DEBUG] [net.minecraftforge.fml.config.ConfigFileTypeHandler/CONFIG]: Built TOML config for ./world/serverconfig/elevatorid-server.toml
[12May2025 05:37:04.549] [Server thread/DEBUG] [net.minecraftforge.fml.config.ConfigFileTypeHandler/CONFIG]: Loaded TOML config file ./world/serverconfig/elevatorid-server.toml
[12May2025 05:37:04.549] [Server thread/DEBUG] [net.minecraftforge.fml.config.ConfigFileTypeHandler/CONFIG]: Watching TOML config file ./world/serverconfig/elevatorid-server.toml for changes
[12May2025 05:37:04.549] [Server thread/DEBUG] [xyz.vsngamer.elevatorid.init.ModConfig/FORGEMOD]: Loaded elevator config file elevatorid-server.toml
[12May2025 05:37:04.673] [Server thread/INFO] [terrablender/]: Initialized TerraBlender biomes for level stem minecraft:the_nether
[12May2025 05:37:05.689] [Server thread/INFO] [terrablender/]: Initialized TerraBlender biomes for level stem minecraft:overworld
[12May2025 05:37:05.690] [Server thread/INFO] [net.minecraft.server.dedicated.DedicatedServer/]: Preparing level "world"
[12May2025 05:37:05.714] [Server thread/DEBUG] [mixin/]: Mixing feature.branding.BrandingControlMixin from modernfix-forge.mixins.json into net.minecraftforge.internal.BrandingControl
[12May2025 05:37:05.718] [Server thread/DEBUG] [net.minecraftforge.coremod.transformer.CoreModBaseTransformer/COREMOD]: Transforming net/minecraft/world/level/levelgen/PhantomSpawner
[12May2025 05:37:05.734] [Server thread/DEBUG] [net.minecraftforge.coremod.transformer.CoreModBaseTransformer/COREMOD]: Transforming net/minecraft/world/level/levelgen/PatrolSpawner
[12May2025 05:37:05.746] [Server thread/DEBUG] [net.minecraftforge.coremod.transformer.CoreModBaseTransformer/COREMOD]: Transforming net/minecraft/world/entity/npc/CatSpawner
[12May2025 05:37:05.759] [Server thread/DEBUG] [mixin/]: Mixing RedMerchantSpawnerMixin from supplementaries-common.mixins.json into net.minecraft.world.entity.npc.WanderingTraderSpawner
[12May2025 05:37:05.759] [Server thread/DEBUG] [mixin/]: Renaming synthetic method lambda$spawn$1(Lnet/minecraft/core/BlockPos;)Z to md5e188f$lambda$spawn$1$0 in supplementaries-common.mixins.json:RedMerchantSpawnerMixin
[12May2025 05:37:05.759] [Server thread/DEBUG] [mixin/]: Renaming synthetic method lambda$spawn$0(Lnet/minecraft/core/Holder;)Z to md5e188f$lambda$spawn$0$1 in supplementaries-common.mixins.json:RedMerchantSpawnerMixin
[12May2025 05:37:05.774] [Server thread/DEBUG] [mixin/]: Mixing ChunkLoadDebug from cupboard.mixins.json into net.minecraft.server.level.ServerChunkCache
[12May2025 05:37:05.775] [Server thread/DEBUG] [mixin/]: Mixing bugfix.chunk_deadlock.ServerChunkCache_CurrentLoadingMixin from modernfix-forge.mixins.json into net.minecraft.server.level.ServerChunkCache
[12May2025 05:37:05.790] [Server thread/DEBUG] [mixin/]: Mixing CollectingNeighborUpdaterMixin from botania_xplat.mixins.json into net.minecraft.world.level.redstone.CollectingNeighborUpdater
[12May2025 05:37:05.798] [Server thread/DEBUG] [mixin/]: Mixing accessors.DamageSourcesAccess from immersiveengineering.mixins.json into net.minecraft.world.damagesource.DamageSources
[12May2025 05:37:05.800] [Server thread/DEBUG] [mixin/]: Mixing DamageSourcesMixin from quark.mixins.json into net.minecraft.world.damagesource.DamageSources
[12May2025 05:37:05.898] [Server thread/DEBUG] [mixin/]: Mixing perf.ticking_chunk_alloc.ChunkHolderMixin from modernfix-common.mixins.json into net.minecraft.server.level.ChunkHolder
[12May2025 05:37:05.914] [Server thread/DEBUG] [mixin/]: Mixing common.ChunkMapMixin from lithostitched.mixins.json into net.minecraft.server.level.ChunkMap
[12May2025 05:37:05.915] [Server thread/DEBUG] [mixin/]: Renaming synthetic method lambda$wrapNoiseRouter$0(Lnet/minecraft/server/level/ServerLevel;Ldev/worldgen/lithostitched/worldgen/modifier/Modifier;)Z to md5e188f$lambda$wrapNoiseRouter$0$0 in lithostitched.mixins.json:common.ChunkMapMixin
[12May2025 05:37:05.921] [Server thread/DEBUG] [mixin/]: Mixing bugfix.paper_chunk_patches.ChunkMapMixin from modernfix-common.mixins.json into net.minecraft.server.level.ChunkMap
[12May2025 05:37:05.921] [Server thread/DEBUG] [mixin/]: Renaming synthetic method lambda$useLegacySchedulingLogic$1(Lnet/minecraft/world/level/chunk/ChunkStatus;Lnet/minecraft/world/level/ChunkPos;Lnet/minecraft/server/level/ChunkHolder;Lcom/mojang/datafixers/util/Either;)Ljava/util/concurrent/CompletionStage; to md5e188f$lambda$useLegacySchedulingLogic$1$1 in modernfix-common.mixins.json:bugfix.paper_chunk_patches.ChunkMapMixin
[12May2025 05:37:05.921] [Server thread/DEBUG] [mixin/]: Renaming synthetic method lambda$useLegacySchedulingLogic$0(Lnet/minecraft/server/level/ChunkHolder;Lnet/minecraft/world/level/chunk/ChunkAccess;)Ljava/util/concurrent/CompletableFuture; to md5e188f$lambda$useLegacySchedulingLogic$0$2 in modernfix-common.mixins.json:bugfix.paper_chunk_patches.ChunkMapMixin
[12May2025 05:37:05.924] [Server thread/DEBUG] [mixin/]: Mixing bugfix.chunk_deadlock.ChunkMapLoadMixin from modernfix-forge.mixins.json into net.minecraft.server.level.ChunkMap
[12May2025 05:37:05.925] [Server thread/DEBUG] [mixin/]: Mixing chunkloading.ChunkMapMixin from ae2.mixins.json into net.minecraft.server.level.ChunkMap
[12May2025 05:37:05.925] [Server thread/DEBUG] [mixin/]: ae2.mixins.json:chunkloading.ChunkMapMixin: Class version 61 required is higher than the class version supported by the current version of Mixin (JAVA_11 supports class version 55)
[12May2025 05:37:05.958] [Server thread/DEBUG] [mixin/]: Mixing common.RandomStateAccessor from lithostitched.mixins.json into net.minecraft.world.level.levelgen.RandomState
[12May2025 05:37:06.191] [Server thread/DEBUG] [mixin/]: Mixing perf.cache_strongholds.ChunkGeneratorMixin from modernfix-common.mixins.json into net.minecraft.world.level.chunk.ChunkGeneratorStructureState
[12May2025 05:37:06.191] [Server thread/DEBUG] [mixin/]: Renaming synthetic method lambda$saveCachedData$0(Ljava/util/List;)Ljava/util/List; to md5e188f$lambda$saveCachedData$0$0 in modernfix-common.mixins.json:perf.cache_strongholds.ChunkGeneratorMixin
[12May2025 05:37:06.248] [Server thread/DEBUG] [mixin/]: Mixing perf.faster_structure_location.StructureCheckMixin from modernfix-common.mixins.json into net.minecraft.world.level.levelgen.structure.StructureCheck
[12May2025 05:37:06.254] [Server thread/DEBUG] [mixin/]: Mixing accessor.StructureManagerAccessor from betterfortresses.mixins.json into net.minecraft.world.level.StructureManager
[12May2025 05:37:06.291] [Server thread/DEBUG] [ModernFix/]: Loaded stronghold cache for dimension minecraft:overworld with 128 positions
[12May2025 05:37:06.373] [Server thread/INFO] [net.minecraft.server.MinecraftServer/]: Preparing start region for dimension minecraft:overworld
[12May2025 05:37:06.379] [Server thread/DEBUG] [mixin/]: Mixing bugfix.paper_chunk_patches.SortedArraySetMixin from modernfix-common.mixins.json into net.minecraft.util.SortedArraySet
[12May2025 05:37:06.733] [Server thread/DEBUG] [mixin/]: Mixing perf.compact_bit_storage.PalettedContainerMixin from modernfix-common.mixins.json into net.minecraft.world.level.chunk.PalettedContainer
[12May2025 05:37:06.778] [Server thread/DEBUG] [mixin/]: Mixing ThreadingDetectorMixin from cupboard.mixins.json into net.minecraft.util.ThreadingDetector
[12May2025 05:37:07.686] [Server thread/DEBUG] [mixin/]: Mixing accessor.BoundingBoxAccessor from yungsapi.mixins.json into net.minecraft.world.level.levelgen.structure.BoundingBox
[12May2025 05:37:07.817] [Server thread/DEBUG] [ModernFix/]: Using cached upgraded version of supplementaries:way_sign
[12May2025 05:37:07.821] [Server thread/DEBUG] [mixin/]: Mixing accessors.PaletteAccess from immersiveengineering.mixins.json into net.minecraft.world.level.levelgen.structure.templatesystem.StructureTemplate$Palette
[12May2025 05:37:07.823] [Server thread/DEBUG] [mixin/]: Renaming @Invoker method construct(Ljava/util/List;)Lnet/minecraft/world/level/levelgen/structure/templatesystem/StructureTemplate$Palette; to construct_$md$5e188f$0 in immersiveengineering.mixins.json:accessors.PaletteAccess
[12May2025 05:37:08.831] [Server thread/DEBUG] [mixin/]: Mixing MineshaftPiecesMixin from supplementaries-common.mixins.json into net.minecraft.world.level.levelgen.structure.structures.MineshaftPieces
[12May2025 05:37:08.908] [Server thread/DEBUG] [mixin/]: Mixing perf.cache_blockstate_cache_arrays.AbstractBlockStateCacheMixin from modernfix-common.mixins.json into net.minecraft.world.level.block.state.BlockBehaviour$BlockStateBase$Cache
[12May2025 05:37:08.911] [Server thread/DEBUG] [mixin/]: Mixing BlockStateCacheMixin from ferritecore.blockstatecache.mixin.json into net.minecraft.world.level.block.state.BlockBehaviour$BlockStateBase$Cache
[12May2025 05:37:08.946] [Server thread/DEBUG] [mixin/]: Mixing SubShapeAccess from ferritecore.blockstatecache.mixin.json into net.minecraft.world.phys.shapes.SubShape
[12May2025 05:37:09.026] [Server thread/INFO] [net.minecraft.server.level.progress.LoggerChunkProgressListener/]: Preparing spawn area: 0%
[12May2025 05:37:09.027] [Server thread/INFO] [net.minecraft.server.level.progress.LoggerChunkProgressListener/]: Preparing spawn area: 0%
[12May2025 05:37:09.029] [Server thread/INFO] [net.minecraft.server.level.progress.LoggerChunkProgressListener/]: Preparing spawn area: 0%
[12May2025 05:37:09.030] [Server thread/INFO] [net.minecraft.server.level.progress.LoggerChunkProgressListener/]: Preparing spawn area: 0%
[12May2025 05:37:09.030] [Server thread/INFO] [net.minecraft.server.level.progress.LoggerChunkProgressListener/]: Preparing spawn area: 0%
[12May2025 05:37:09.034] [Server thread/INFO] [net.minecraft.server.level.progress.LoggerChunkProgressListener/]: Preparing spawn area: 0%
[12May2025 05:37:09.435] [Server thread/DEBUG] [ModernFix/]: Using cached upgraded version of mvs:well/wells/oak_well
[12May2025 05:37:09.564] [Server thread/INFO] [net.minecraft.server.level.progress.LoggerChunkProgressListener/]: Preparing spawn area: 0%
[12May2025 05:37:09.666] [Server thread/DEBUG] [ModernFix/]: Using cached upgraded version of mvs:carts/cart
[12May2025 05:37:09.877] [Server thread/INFO] [net.minecraft.server.level.progress.LoggerChunkProgressListener/]: Preparing spawn area: 0%
[12May2025 05:37:10.433] [Server thread/DEBUG] [mixin/]: Mixing WalkNodeEvaluatorMixin from decorative_blocks.mixins.json into net.minecraft.world.level.pathfinder.WalkNodeEvaluator
[12May2025 05:37:10.686] [Server thread/INFO] [net.minecraft.server.level.progress.LoggerChunkProgressListener/]: Time elapsed: 4311 ms
[12May2025 05:37:10.688] [Server thread/INFO] [net.minecraft.server.dedicated.DedicatedServer/]: Done (6.158s)! For help, type "help"
[12May2025 05:37:10.706] [Server thread/DEBUG] [net.minecraftforge.network.DualStackUtils/]: Detected IPv6 address: "0:0:0:0:0:0:0:0"
[12May2025 05:37:10.793] [Server thread/DEBUG] [net.minecraftforge.common.ForgeI18n/CORE]: Loading I18N data entries: 22193
[12May2025 05:37:10.796] [Server thread/INFO] [net.minecraftforge.server.permission.PermissionAPI/]: Successfully initialized permission handler forge:default_handler
[12May2025 05:37:10.892] [Server thread/INFO] [net.bettercombat.logic.WeaponRegistry/]: Encoded Weapon Attribute registry size (with package overhead): 49797 bytes (in 5 string chunks with the size of 10000)
[12May2025 05:37:11.058] [Server thread/DEBUG] [mixin/]: Mixing accessors.CraftingContainerAccess from immersiveengineering.mixins.json into net.minecraft.world.inventory.TransientCraftingContainer
[12May2025 05:37:11.107] [Server thread/INFO] [com.cupboard.Cupboard/]: Loaded config for: betterfpsdist.json
[12May2025 05:37:11.108] [Server thread/INFO] [patchouli/]: Sending reload packet to clients
[12May2025 05:37:11.310] [Server thread/INFO] [immersiveengineering/]: Couldn't fully analyze 1 radiator, missing knowledge for {1 water_bucket=0.25}
[12May2025 05:37:11.310] [Server thread/INFO] [immersiveengineering/]: Finished recipe profiler for Arc Recycling, took 187 milliseconds
[12May2025 05:37:11.311] [Server thread/WARN] [ModernFix/]: Dedicated server took 63.323 seconds to load
[12May2025 05:37:11.317] [Server thread/DEBUG] [mixin/]: Mixing StatusDataMixin from bcc.mixins.json into net.minecraft.network.protocol.status.ServerStatus
[12May2025 05:37:11.376] [Server thread/DEBUG] [mixin/]: Mixing ArmorTrimMixin from quark.mixins.json into net.minecraft.world.item.armortrim.ArmorTrim
[12May2025 05:37:11.632] [Server thread/DEBUG] [net.minecraftforge.coremod.transformer.CoreModBaseTransformer/COREMOD]: Transforming net/minecraft/world/level/NaturalSpawner
[12May2025 05:37:11.676] [Server thread/DEBUG] [mixin/]: Mixing NaturalSpawnerMixin from botania_xplat.mixins.json into net.minecraft.world.level.NaturalSpawner
[12May2025 05:37:11.729] [Server thread/DEBUG] [net.minecraftforge.coremod.transformer.CoreModBaseTransformer/COREMOD]: Transforming m_8543_ with desc ()V
[12May2025 05:37:11.730] [Server thread/DEBUG] [mixin/]: Mixing ServerEntityMixin from blueprint.mixins.json into net.minecraft.server.level.ServerEntity
[12May2025 05:37:11.733] [Server thread/DEBUG] [mixin/]: Mixing ServerEntityMixin from quark.mixins.json into net.minecraft.server.level.ServerEntity
[12May2025 05:37:19.511] [Netty Epoll Server IO #1/DEBUG] [mixin/]: Mixing MapItemDataPacketMixin from moonlight-common.mixins.json into net.minecraft.network.protocol.game.ClientboundMapItemDataPacket
[12May2025 05:37:19.513] [Netty Epoll Server IO #1/DEBUG] [mixin/]: Renaming synthetic method lambda$moonlight$sendCustomDecorations$1(I)[Lnet/mehvahdjukaar/moonlight/api/map/CustomMapDecoration; to md5e188f$lambda$moonlight$sendCustomDecorations$1$0 in moonlight-common.mixins.json:MapItemDataPacketMixin
[12May2025 05:37:19.514] [Netty Epoll Server IO #1/DEBUG] [mixin/]: Renaming synthetic method lambda$moonlight$sendCustomDecorations$0(Lnet/minecraft/network/FriendlyByteBuf;Lnet/mehvahdjukaar/moonlight/api/map/CustomMapDecoration;)Lnet/mehvahdjukaar/moonlight/api/map/CustomMapDecoration; to md5e188f$lambda$moonlight$sendCustomDecorations$0$1 in moonlight-common.mixins.json:MapItemDataPacketMixin
[12May2025 05:37:19.560] [Netty Epoll Server IO #1/DEBUG] [net.minecraftforge.coremod.transformer.CoreModBaseTransformer/COREMOD]: Transforming net/minecraft/network/protocol/game/ClientboundSectionBlocksUpdatePacket
[12May2025 05:37:19.595] [Netty Epoll Server IO #1/DEBUG] [net.minecraftforge.coremod.transformer.CoreModBaseTransformer/COREMOD]: Transforming net/minecraft/network/protocol/game/ClientboundSectionBlocksUpdatePacket
[12May2025 05:37:19.665] [Netty Epoll Server IO #1/DEBUG] [mixin/]: Mixing ClientboundStatusResponsePacketMixin from bcc.mixins.json into net.minecraft.network.protocol.status.ClientboundStatusResponsePacket
[12May2025 05:37:19.683] [Netty Epoll Server IO #1/DEBUG] [io.netty.util.Recycler/]: -Dio.netty.recycler.maxCapacityPerThread: 4096
[12May2025 05:37:19.683] [Netty Epoll Server IO #1/DEBUG] [io.netty.util.Recycler/]: -Dio.netty.recycler.ratio: 8
[12May2025 05:37:19.683] [Netty Epoll Server IO #1/DEBUG] [io.netty.util.Recycler/]: -Dio.netty.recycler.chunkSize: 32
[12May2025 05:37:19.683] [Netty Epoll Server IO #1/DEBUG] [io.netty.util.Recycler/]: -Dio.netty.recycler.blocking: false
[12May2025 05:37:19.700] [Netty Epoll Server IO #1/DEBUG] [mixin/]: Mixing core.NetworkHooksMixin from modernfix-forge.mixins.json into net.minecraftforge.network.NetworkHooks
[12May2025 05:37:19.918] [Netty Epoll Server IO #1/DEBUG] [net.minecraftforge.network.HandshakeHandler/FMLHANDSHAKE]: Starting new modded impl connection. Found 33 messages to dispatch.
[12May2025 05:37:19.970] [Server thread/DEBUG] [net.minecraftforge.network.HandshakeHandler/FMLHANDSHAKE]: Sending ticking packet info 'net.minecraftforge.network.HandshakeMessages$S2CModData' to 'fml:handshake' sequence 0
[12May2025 05:37:20.022] [Server thread/DEBUG] [net.minecraftforge.network.HandshakeHandler/FMLHANDSHAKE]: Sending ticking packet info 'net.minecraftforge.network.HandshakeMessages$S2CModList' to 'fml:handshake' sequence 1
[12May2025 05:37:20.071] [Server thread/DEBUG] [net.minecraftforge.network.HandshakeHandler/FMLHANDSHAKE]: Sending ticking packet info 'Registry minecraft:command_argument_type' to 'fml:handshake' sequence 2
[12May2025 05:37:20.125] [Server thread/DEBUG] [net.minecraftforge.network.HandshakeHandler/FMLHANDSHAKE]: Sending ticking packet info 'Registry minecraft:recipe_serializer' to 'fml:handshake' sequence 3
[12May2025 05:37:20.171] [Server thread/DEBUG] [net.minecraftforge.network.HandshakeHandler/FMLHANDSHAKE]: Sending ticking packet info 'Registry minecraft:sound_event' to 'fml:handshake' sequence 4
[12May2025 05:37:20.223] [Server thread/DEBUG] [net.minecraftforge.network.HandshakeHandler/FMLHANDSHAKE]: Sending ticking packet info 'Registry minecraft:particle_type' to 'fml:handshake' sequence 5
[12May2025 05:37:20.274] [Server thread/DEBUG] [net.minecraftforge.network.HandshakeHandler/FMLHANDSHAKE]: Sending ticking packet info 'Registry minecraft:villager_profession' to 'fml:handshake' sequence 6
[12May2025 05:37:20.322] [Server thread/DEBUG] [net.minecraftforge.network.HandshakeHandler/FMLHANDSHAKE]: Sending ticking packet info 'Registry twilightforest:tiny_bird_variant' to 'fml:handshake' sequence 7
[12May2025 05:37:20.376] [Server thread/DEBUG] [net.minecraftforge.network.HandshakeHandler/FMLHANDSHAKE]: Sending ticking packet info 'Registry minecraft:item' to 'fml:handshake' sequence 8
[12May2025 05:37:20.420] [Server thread/DEBUG] [net.minecraftforge.network.HandshakeHandler/FMLHANDSHAKE]: Sending ticking packet info 'Registry minecraft:potion' to 'fml:handshake' sequence 9
[12May2025 05:37:20.474] [Server thread/DEBUG] [net.minecraftforge.network.HandshakeHandler/FMLHANDSHAKE]: Sending ticking packet info 'Registry minecraft:painting_variant' to 'fml:handshake' sequence 10
[12May2025 05:37:20.529] [Server thread/DEBUG] [net.minecraftforge.network.HandshakeHandler/FMLHANDSHAKE]: Sending ticking packet info 'Registry forge:fluid_type' to 'fml:handshake' sequence 11
[12May2025 05:37:20.572] [Server thread/DEBUG] [net.minecraftforge.network.HandshakeHandler/FMLHANDSHAKE]: Sending ticking packet info 'Registry minecraft:block_entity_type' to 'fml:handshake' sequence 12
[12May2025 05:37:20.622] [Server thread/DEBUG] [net.minecraftforge.network.HandshakeHandler/FMLHANDSHAKE]: Sending ticking packet info 'Registry forge:display_contexts' to 'fml:handshake' sequence 13
[12May2025 05:37:20.672] [Server thread/DEBUG] [net.minecraftforge.network.HandshakeHandler/FMLHANDSHAKE]: Sending ticking packet info 'Registry minecraft:block' to 'fml:handshake' sequence 14
[12May2025 05:37:20.722] [Server thread/DEBUG] [net.minecraftforge.network.HandshakeHandler/FMLHANDSHAKE]: Sending ticking packet info 'Registry forge:entity_data_serializers' to 'fml:handshake' sequence 15
[12May2025 05:37:20.772] [Server thread/DEBUG] [net.minecraftforge.network.HandshakeHandler/FMLHANDSHAKE]: Sending ticking packet info 'Registry minecraft:mob_effect' to 'fml:handshake' sequence 16
[12May2025 05:37:20.824] [Server thread/DEBUG] [net.minecraftforge.network.HandshakeHandler/FMLHANDSHAKE]: Sending ticking packet info 'Registry minecraft:stat_type' to 'fml:handshake' sequence 17
[12May2025 05:37:20.879] [Server thread/DEBUG] [net.minecraftforge.network.HandshakeHandler/FMLHANDSHAKE]: Sending ticking packet info 'Registry twilightforest:enforcement' to 'fml:handshake' sequence 18
[12May2025 05:37:20.923] [Server thread/DEBUG] [net.minecraftforge.network.HandshakeHandler/FMLHANDSHAKE]: Sending ticking packet info 'Registry minecraft:menu' to 'fml:handshake' sequence 19
[12May2025 05:37:20.972] [Server thread/DEBUG] [net.minecraftforge.network.HandshakeHandler/FMLHANDSHAKE]: Sending ticking packet info 'Registry twilightforest:dwarf_rabbit_variant' to 'fml:handshake' sequence 20
[12May2025 05:37:21.019] [Server thread/DEBUG] [net.minecraftforge.network.HandshakeHandler/FMLHANDSHAKE]: Sending ticking packet info 'Registry minecraft:enchantment' to 'fml:handshake' sequence 21
[12May2025 05:37:21.071] [Server thread/DEBUG] [net.minecraftforge.network.HandshakeHandler/FMLHANDSHAKE]: Sending ticking packet info 'Registry ae2:keytypes' to 'fml:handshake' sequence 22
[12May2025 05:37:21.123] [Server thread/DEBUG] [net.minecraftforge.network.HandshakeHandler/FMLHANDSHAKE]: Sending ticking packet info 'Registry minecraft:fluid' to 'fml:handshake' sequence 23
[12May2025 05:37:21.173] [Server thread/DEBUG] [net.minecraftforge.network.HandshakeHandler/FMLHANDSHAKE]: Sending ticking packet info 'Registry minecraft:entity_type' to 'fml:handshake' sequence 24
[12May2025 05:37:21.221] [Server thread/DEBUG] [net.minecraftforge.network.HandshakeHandler/FMLHANDSHAKE]: Sending ticking packet info 'Config curios-server.toml' to 'fml:handshake' sequence 25
[12May2025 05:37:21.268] [Server thread/DEBUG] [net.minecraftforge.network.HandshakeHandler/FMLHANDSHAKE]: Sending ticking packet info 'Config gravestone-server.toml' to 'fml:handshake' sequence 26
[12May2025 05:37:21.320] [Server thread/DEBUG] [net.minecraftforge.network.HandshakeHandler/FMLHANDSHAKE]: Sending ticking packet info 'Config elevatorid-server.toml' to 'fml:handshake' sequence 27
[12May2025 05:37:21.368] [Server thread/DEBUG] [net.minecraftforge.network.HandshakeHandler/FMLHANDSHAKE]: Sending ticking packet info 'Config immersiveengineering-server.toml' to 'fml:handshake' sequence 28
[12May2025 05:37:21.421] [Server thread/DEBUG] [net.minecraftforge.network.HandshakeHandler/FMLHANDSHAKE]: Sending ticking packet info 'Config sophisticatedbackpacks-server.toml' to 'fml:handshake' sequence 29
[12May2025 05:37:21.471] [Server thread/DEBUG] [net.minecraftforge.network.HandshakeHandler/FMLHANDSHAKE]: Sending ticking packet info 'Config jei-server.toml' to 'fml:handshake' sequence 30
[12May2025 05:37:21.522] [Server thread/DEBUG] [net.minecraftforge.network.HandshakeHandler/FMLHANDSHAKE]: Sending ticking packet info 'Config forge-server.toml' to 'fml:handshake' sequence 31
[12May2025 05:37:21.571] [Server thread/DEBUG] [net.minecraftforge.network.HandshakeHandler/FMLHANDSHAKE]: Sending ticking packet info 'org.violetmoon.zeta.network.message.S2CLoginFlag' to 'zeta:main' sequence 32
[12May2025 05:37:24.779] [Netty Epoll Server IO #2/DEBUG] [net.minecraftforge.network.HandshakeHandler/FMLHANDSHAKE]: Starting new modded impl connection. Found 33 messages to dispatch.
[12May2025 05:37:24.820] [Server thread/DEBUG] [net.minecraftforge.network.HandshakeHandler/FMLHANDSHAKE]: Sending ticking packet info 'net.minecraftforge.network.HandshakeMessages$S2CModData' to 'fml:handshake' sequence 0
[12May2025 05:37:24.868] [Server thread/DEBUG] [net.minecraftforge.network.HandshakeHandler/FMLHANDSHAKE]: Sending ticking packet info 'net.minecraftforge.network.HandshakeMessages$S2CModList' to 'fml:handshake' sequence 1
[12May2025 05:37:24.920] [Server thread/DEBUG] [net.minecraftforge.network.HandshakeHandler/FMLHANDSHAKE]: Sending ticking packet info 'Registry minecraft:command_argument_type' to 'fml:handshake' sequence 2
[12May2025 05:37:24.969] [Server thread/DEBUG] [net.minecraftforge.network.HandshakeHandler/FMLHANDSHAKE]: Sending ticking packet info 'Registry minecraft:recipe_serializer' to 'fml:handshake' sequence 3
[12May2025 05:37:25.017] [Netty Epoll Server IO #2/DEBUG] [net.minecraftforge.network.LoginWrapper/FMLHANDSHAKE]: Recieved login wrapper packet event for channel fml:handshake with index 1
[12May2025 05:37:25.020] [Server thread/DEBUG] [net.minecraftforge.network.HandshakeHandler/FMLHANDSHAKE]: Sending ticking packet info 'Registry minecraft:sound_event' to 'fml:handshake' sequence 4
[12May2025 05:37:25.025] [Netty Epoll Server IO #2/DEBUG] [net.minecraftforge.network.HandshakeHandler/FMLHANDSHAKE]: Received client indexed reply 1 of type net.minecraftforge.network.HandshakeMessages$C2SModListReply
[12May2025 05:37:25.025] [Netty Epoll Server IO #2/DEBUG] [net.minecraftforge.network.HandshakeHandler/FMLHANDSHAKE]: Received client connection with modlist [kuma_api, furnitura, geckolib, playeranimator, lithostitched, obscure_api, sophisticatedcore, waystones, xaeroworldmap, modernfix, jei, yungsapi, decorative_blocks, mixinextras, glitchcore, sophisticatedbackpacks, bettermobs, balm, blueprint, jeresources, betterfortresses, cloth_config, sound_physics_remastered, forge, ctov, twilightforest, athena, dungeons_arise, chipped, minecraft, torchmaster, bcc, terrablender, moonlight, bettercombat, immersiveengineering, choups_drakvyrn_mod, biomesoplenty, mixinsquared, jade, ae2, explorify, unusualend, botania, betterfpsdist, curios, patchouli, xaerominimap, gravestone, collective, zeta, crittersandcompanions, elevatorid, inventoryhud, resourcefullib, mvs, lootr, quark, supplementaries, ferritecore, aiimprovements, cupboard, scaffoldingdropsnearby, aquamirae]
[12May2025 05:37:25.026] [Netty Epoll Server IO #2/DEBUG] [net.minecraftforge.network.NetworkRegistry/NETREGISTRY]: Channel 'supplementaries:channel' : Version test of '0' from client : ACCEPTED
[12May2025 05:37:25.026] [Netty Epoll Server IO #2/DEBUG] [net.minecraftforge.network.NetworkRegistry/NETREGISTRY]: Channel 'jei:channel' : Version test of '1.0.0' from client : ACCEPTED
[12May2025 05:37:25.026] [Netty Epoll Server IO #2/DEBUG] [net.minecraftforge.network.NetworkRegistry/NETREGISTRY]: Channel 'minecraft:unregister' : Version test of 'FML3' from client : ACCEPTED
[12May2025 05:37:25.026] [Netty Epoll Server IO #2/DEBUG] [net.minecraftforge.network.NetworkRegistry/NETREGISTRY]: Channel 'choups_drakvyrn_mod:choups_drakvyrn_mod' : Version test of '1' from client : ACCEPTED
[12May2025 05:37:25.026] [Netty Epoll Server IO #2/DEBUG] [net.minecraftforge.network.NetworkRegistry/NETREGISTRY]: Channel 'xaerominimap:main' : Version test of '1.0' from client : ACCEPTED
[12May2025 05:37:25.026] [Netty Epoll Server IO #2/DEBUG] [net.minecraftforge.network.NetworkRegistry/NETREGISTRY]: Channel 'ae2:main' : Version test of '1' from client : ACCEPTED
[12May2025 05:37:25.026] [Netty Epoll Server IO #2/DEBUG] [net.minecraftforge.network.NetworkRegistry/NETREGISTRY]: Channel 'sophisticatedbackpacks:channel' : Version test of '1' from client : ACCEPTED
[12May2025 05:37:25.026] [Netty Epoll Server IO #2/DEBUG] [net.minecraftforge.network.NetworkRegistry/NETREGISTRY]: Channel 'bettermobs:bettermobs' : Version test of '1' from client : ACCEPTED
[12May2025 05:37:25.026] [Netty Epoll Server IO #2/DEBUG] [net.minecraftforge.network.NetworkRegistry/NETREGISTRY]: Channel 'chipped:main' : Version test of '1' from client : ACCEPTED
[12May2025 05:37:25.027] [Netty Epoll Server IO #2/DEBUG] [net.minecraftforge.network.NetworkRegistry/NETREGISTRY]: Channel 'obscure_api:obscure_api' : Version test of '1' from client : ACCEPTED
[12May2025 05:37:25.027] [Netty Epoll Server IO #2/DEBUG] [net.minecraftforge.network.NetworkRegistry/NETREGISTRY]: Channel 'modernfix:main' : Version test of '1' from client : ACCEPTED
[12May2025 05:37:25.027] [Netty Epoll Server IO #2/DEBUG] [net.minecraftforge.network.NetworkRegistry/NETREGISTRY]: Channel 'curios:main' : Version test of '1' from client : ACCEPTED
[12May2025 05:37:25.027] [Netty Epoll Server IO #2/DEBUG] [net.minecraftforge.network.NetworkRegistry/NETREGISTRY]: Channel 'botania:main' : Version test of '0' from client : ACCEPTED
[12May2025 05:37:25.027] [Netty Epoll Server IO #2/DEBUG] [net.minecraftforge.network.NetworkRegistry/NETREGISTRY]: Channel 'crittersandcompanions:main' : Version test of '2' from client : ACCEPTED
[12May2025 05:37:25.027] [Netty Epoll Server IO #2/DEBUG] [net.minecraftforge.network.NetworkRegistry/NETREGISTRY]: Channel 'fml:loginwrapper' : Version test of 'FML3' from client : ACCEPTED
[12May2025 05:37:25.027] [Netty Epoll Server IO #2/DEBUG] [net.minecraftforge.network.NetworkRegistry/NETREGISTRY]: Channel 'unusualend:unusualend' : Version test of '1' from client : ACCEPTED
[12May2025 05:37:25.027] [Netty Epoll Server IO #2/DEBUG] [net.minecraftforge.network.NetworkRegistry/NETREGISTRY]: Channel 'forge:tier_sorting' : Version test of '1.0' from client : ACCEPTED
[12May2025 05:37:25.029] [Netty Epoll Server IO #2/DEBUG] [net.minecraftforge.network.NetworkRegistry/NETREGISTRY]: Channel 'bettercombat:network' : Version test of '1.0' from client : ACCEPTED
[12May2025 05:37:25.029] [Netty Epoll Server IO #2/DEBUG] [net.minecraftforge.network.NetworkRegistry/NETREGISTRY]: Channel 'aquamirae:main' : Version test of '1' from client : ACCEPTED
[12May2025 05:37:25.029] [Netty Epoll Server IO #2/DEBUG] [net.minecraftforge.network.NetworkRegistry/NETREGISTRY]: Channel 'quark:main' : Version test of '3' from client : ACCEPTED
[12May2025 05:37:25.029] [Netty Epoll Server IO #2/DEBUG] [net.minecraftforge.network.NetworkRegistry/NETREGISTRY]: Channel 'immersiveengineering:main' : Version test of '1.20.1-10.2.0-183' from client : ACCEPTED
[12May2025 05:37:25.029] [Netty Epoll Server IO #2/DEBUG] [net.minecraftforge.network.NetworkRegistry/NETREGISTRY]: Channel 'fml:play' : Version test of 'FML3' from client : ACCEPTED
[12May2025 05:37:25.029] [Netty Epoll Server IO #2/DEBUG] [net.minecraftforge.network.NetworkRegistry/NETREGISTRY]: Channel 'sophisticatedcore:channel' : Version test of '1' from client : ACCEPTED
[12May2025 05:37:25.029] [Netty Epoll Server IO #2/DEBUG] [net.minecraftforge.network.NetworkRegistry/NETREGISTRY]: Channel 'gravestone:default' : Version test of '1.0.0' from client : ACCEPTED
[12May2025 05:37:25.029] [Netty Epoll Server IO #2/DEBUG] [net.minecraftforge.network.NetworkRegistry/NETREGISTRY]: Channel 'patchouli:main' : Version test of '1' from client : ACCEPTED
[12May2025 05:37:25.029] [Netty Epoll Server IO #2/DEBUG] [net.minecraftforge.network.NetworkRegistry/NETREGISTRY]: Channel 'fml:handshake' : Version test of 'FML3' from client : ACCEPTED
[12May2025 05:37:25.029] [Netty Epoll Server IO #2/DEBUG] [net.minecraftforge.network.NetworkRegistry/NETREGISTRY]: Channel 'lootr:main_network_channel' : Version test of '2' from client : ACCEPTED
[12May2025 05:37:25.029] [Netty Epoll Server IO #2/DEBUG] [net.minecraftforge.network.NetworkRegistry/NETREGISTRY]: Channel 'zeta:main' : Version test of '1' from client : ACCEPTED
[12May2025 05:37:25.029] [Netty Epoll Server IO #2/DEBUG] [net.minecraftforge.network.NetworkRegistry/NETREGISTRY]: Channel 'blueprint:net' : Version test of 'BP1' from client : ACCEPTED
[12May2025 05:37:25.029] [Netty Epoll Server IO #2/DEBUG] [net.minecraftforge.network.NetworkRegistry/NETREGISTRY]: Channel 'xaeroworldmap:main' : Version test of '1.0' from client : ACCEPTED
[12May2025 05:37:25.029] [Netty Epoll Server IO #2/DEBUG] [net.minecraftforge.network.NetworkRegistry/NETREGISTRY]: Channel 'elevatorid:main_channel' : Version test of '1' from client : ACCEPTED
[12May2025 05:37:25.029] [Netty Epoll Server IO #2/DEBUG] [net.minecraftforge.network.NetworkRegistry/NETREGISTRY]: Channel 'minecraft:register' : Version test of 'FML3' from client : ACCEPTED
[12May2025 05:37:25.030] [Netty Epoll Server IO #2/DEBUG] [net.minecraftforge.network.NetworkRegistry/NETREGISTRY]: Channel 'forge:split' : Version test of '1.1' from client : ACCEPTED
[12May2025 05:37:25.030] [Netty Epoll Server IO #2/DEBUG] [net.minecraftforge.network.NetworkRegistry/NETREGISTRY]: Channel 'twilightforest:channel' : Version test of '2' from client : ACCEPTED
[12May2025 05:37:25.030] [Netty Epoll Server IO #2/DEBUG] [net.minecraftforge.network.NetworkRegistry/NETREGISTRY]: Channel 'geckolib:main' : Version test of '1' from client : ACCEPTED
[12May2025 05:37:25.030] [Netty Epoll Server IO #2/DEBUG] [net.minecraftforge.network.NetworkRegistry/NETREGISTRY]: Channel 'waystones:network' : Version test of '1.0' from client : ACCEPTED
[12May2025 05:37:25.030] [Netty Epoll Server IO #2/DEBUG] [net.minecraftforge.network.NetworkRegistry/NETREGISTRY]: Channel 'moonlight:channel' : Version test of '0' from client : ACCEPTED
[12May2025 05:37:25.030] [Netty Epoll Server IO #2/DEBUG] [net.minecraftforge.network.NetworkRegistry/NETREGISTRY]: Channel 'jade:networking' : Version test of '2' from client : ACCEPTED
[12May2025 05:37:25.030] [Netty Epoll Server IO #2/DEBUG] [net.minecraftforge.network.NetworkRegistry/NETREGISTRY]: Accepting channel list from client
[12May2025 05:37:25.030] [Netty Epoll Server IO #2/DEBUG] [net.minecraftforge.network.HandshakeHandler/FMLHANDSHAKE]: Accepted client connection mod list
[12May2025 05:37:25.043] [Netty Epoll Server IO #2/DEBUG] [net.minecraftforge.network.LoginWrapper/FMLHANDSHAKE]: Recieved login wrapper packet event for channel fml:handshake with index 2
[12May2025 05:37:25.043] [Netty Epoll Server IO #2/DEBUG] [net.minecraftforge.network.HandshakeHandler/FMLHANDSHAKE]: Received client indexed reply 2 of type net.minecraftforge.network.HandshakeMessages$C2SAcknowledge
[12May2025 05:37:25.043] [Netty Epoll Server IO #2/DEBUG] [net.minecraftforge.network.HandshakeHandler/FMLHANDSHAKE]: Received acknowledgement from client
[12May2025 05:37:25.072] [Server thread/DEBUG] [net.minecraftforge.network.HandshakeHandler/FMLHANDSHAKE]: Sending ticking packet info 'Registry minecraft:particle_type' to 'fml:handshake' sequence 5
[12May2025 05:37:25.119] [Netty Epoll Server IO #2/DEBUG] [net.minecraftforge.network.LoginWrapper/FMLHANDSHAKE]: Recieved login wrapper packet event for channel fml:handshake with index 3
[12May2025 05:37:25.119] [Netty Epoll Server IO #2/DEBUG] [net.minecraftforge.network.HandshakeHandler/FMLHANDSHAKE]: Received client indexed reply 3 of type net.minecraftforge.network.HandshakeMessages$C2SAcknowledge
[12May2025 05:37:25.119] [Netty Epoll Server IO #2/DEBUG] [net.minecraftforge.network.HandshakeHandler/FMLHANDSHAKE]: Received acknowledgement from client
[12May2025 05:37:25.123] [Server thread/DEBUG] [net.minecraftforge.network.HandshakeHandler/FMLHANDSHAKE]: Sending ticking packet info 'Registry minecraft:villager_profession' to 'fml:handshake' sequence 6
[12May2025 05:37:25.171] [Server thread/DEBUG] [net.minecraftforge.network.HandshakeHandler/FMLHANDSHAKE]: Sending ticking packet info 'Registry twilightforest:tiny_bird_variant' to 'fml:handshake' sequence 7
[12May2025 05:37:25.218] [Server thread/DEBUG] [net.minecraftforge.network.HandshakeHandler/FMLHANDSHAKE]: Sending ticking packet info 'Registry minecraft:item' to 'fml:handshake' sequence 8
[12May2025 05:37:25.269] [Server thread/DEBUG] [net.minecraftforge.network.HandshakeHandler/FMLHANDSHAKE]: Sending ticking packet info 'Registry minecraft:potion' to 'fml:handshake' sequence 9
[12May2025 05:37:25.302] [Netty Epoll Server IO #2/DEBUG] [net.minecraftforge.network.LoginWrapper/FMLHANDSHAKE]: Recieved login wrapper packet event for channel fml:handshake with index 4
[12May2025 05:37:25.303] [Netty Epoll Server IO #2/DEBUG] [net.minecraftforge.network.HandshakeHandler/FMLHANDSHAKE]: Received client indexed reply 4 of type net.minecraftforge.network.HandshakeMessages$C2SAcknowledge
[12May2025 05:37:25.303] [Netty Epoll Server IO #2/DEBUG] [net.minecraftforge.network.HandshakeHandler/FMLHANDSHAKE]: Received acknowledgement from client
[12May2025 05:37:25.321] [Server thread/DEBUG] [net.minecraftforge.network.HandshakeHandler/FMLHANDSHAKE]: Sending ticking packet info 'Registry minecraft:painting_variant' to 'fml:handshake' sequence 10
[12May2025 05:37:25.322] [Netty Epoll Server IO #2/DEBUG] [net.minecraftforge.network.LoginWrapper/FMLHANDSHAKE]: Recieved login wrapper packet event for channel fml:handshake with index 5
[12May2025 05:37:25.323] [Netty Epoll Server IO #2/DEBUG] [net.minecraftforge.network.HandshakeHandler/FMLHANDSHAKE]: Received client indexed reply 5 of type net.minecraftforge.network.HandshakeMessages$C2SAcknowledge
[12May2025 05:37:25.323] [Netty Epoll Server IO #2/DEBUG] [net.minecraftforge.network.HandshakeHandler/FMLHANDSHAKE]: Received acknowledgement from client
[12May2025 05:37:25.323] [Netty Epoll Server IO #2/DEBUG] [net.minecraftforge.network.LoginWrapper/FMLHANDSHAKE]: Recieved login wrapper packet event for channel fml:handshake with index 6
[12May2025 05:37:25.323] [Netty Epoll Server IO #2/DEBUG] [net.minecraftforge.network.HandshakeHandler/FMLHANDSHAKE]: Received client indexed reply 6 of type net.minecraftforge.network.HandshakeMessages$C2SAcknowledge
[12May2025 05:37:25.323] [Netty Epoll Server IO #2/DEBUG] [net.minecraftforge.network.HandshakeHandler/FMLHANDSHAKE]: Received acknowledgement from client
[12May2025 05:37:25.323] [Netty Epoll Server IO #2/DEBUG] [net.minecraftforge.network.LoginWrapper/FMLHANDSHAKE]: Recieved login wrapper packet event for channel fml:handshake with index 7
[12May2025 05:37:25.323] [Netty Epoll Server IO #2/DEBUG] [net.minecraftforge.network.HandshakeHandler/FMLHANDSHAKE]: Received client indexed reply 7 of type net.minecraftforge.network.HandshakeMessages$C2SAcknowledge
[12May2025 05:37:25.323] [Netty Epoll Server IO #2/DEBUG] [net.minecraftforge.network.HandshakeHandler/FMLHANDSHAKE]: Received acknowledgement from client
[12May2025 05:37:25.367] [Server thread/DEBUG] [net.minecraftforge.network.HandshakeHandler/FMLHANDSHAKE]: Sending ticking packet info 'Registry forge:fluid_type' to 'fml:handshake' sequence 11
[12May2025 05:37:25.423] [Server thread/DEBUG] [net.minecraftforge.network.HandshakeHandler/FMLHANDSHAKE]: Sending ticking packet info 'Registry minecraft:block_entity_type' to 'fml:handshake' sequence 12
[12May2025 05:37:25.470] [Server thread/DEBUG] [net.minecraftforge.network.HandshakeHandler/FMLHANDSHAKE]: Sending ticking packet info 'Registry forge:display_contexts' to 'fml:handshake' sequence 13
[12May2025 05:37:25.519] [Server thread/DEBUG] [net.minecraftforge.network.HandshakeHandler/FMLHANDSHAKE]: Sending ticking packet info 'Registry minecraft:block' to 'fml:handshake' sequence 14
[12May2025 05:37:25.571] [Server thread/DEBUG] [net.minecraftforge.network.HandshakeHandler/FMLHANDSHAKE]: Sending ticking packet info 'Registry forge:entity_data_serializers' to 'fml:handshake' sequence 15
[12May2025 05:37:25.622] [Server thread/DEBUG] [net.minecraftforge.network.HandshakeHandler/FMLHANDSHAKE]: Sending ticking packet info 'Registry minecraft:mob_effect' to 'fml:handshake' sequence 16
[12May2025 05:37:25.660] [Netty Epoll Server IO #2/DEBUG] [net.minecraftforge.network.LoginWrapper/FMLHANDSHAKE]: Recieved login wrapper packet event for channel fml:handshake with index 8
[12May2025 05:37:25.660] [Netty Epoll Server IO #2/DEBUG] [net.minecraftforge.network.HandshakeHandler/FMLHANDSHAKE]: Received client indexed reply 8 of type net.minecraftforge.network.HandshakeMessages$C2SAcknowledge
[12May2025 05:37:25.661] [Netty Epoll Server IO #2/DEBUG] [net.minecraftforge.network.HandshakeHandler/FMLHANDSHAKE]: Received acknowledgement from client
[12May2025 05:37:25.661] [Netty Epoll Server IO #2/DEBUG] [net.minecraftforge.network.LoginWrapper/FMLHANDSHAKE]: Recieved login wrapper packet event for channel fml:handshake with index 9
[12May2025 05:37:25.661] [Netty Epoll Server IO #2/DEBUG] [net.minecraftforge.network.HandshakeHandler/FMLHANDSHAKE]: Received client indexed reply 9 of type net.minecraftforge.network.HandshakeMessages$C2SAcknowledge
[12May2025 05:37:25.661] [Netty Epoll Server IO #2/DEBUG] [net.minecraftforge.network.HandshakeHandler/FMLHANDSHAKE]: Received acknowledgement from client
[12May2025 05:37:25.663] [Netty Epoll Server IO #2/DEBUG] [net.minecraftforge.network.LoginWrapper/FMLHANDSHAKE]: Recieved login wrapper packet event for channel fml:handshake with index 10
[12May2025 05:37:25.663] [Netty Epoll Server IO #2/DEBUG] [net.minecraftforge.network.HandshakeHandler/FMLHANDSHAKE]: Received client indexed reply 10 of type net.minecraftforge.network.HandshakeMessages$C2SAcknowledge
[12May2025 05:37:25.664] [Netty Epoll Server IO #2/DEBUG] [net.minecraftforge.network.HandshakeHandler/FMLHANDSHAKE]: Received acknowledgement from client
[12May2025 05:37:25.664] [Netty Epoll Server IO #2/DEBUG] [net.minecraftforge.network.LoginWrapper/FMLHANDSHAKE]: Recieved login wrapper packet event for channel fml:handshake with index 11
[12May2025 05:37:25.664] [Netty Epoll Server IO #2/DEBUG] [net.minecraftforge.network.HandshakeHandler/FMLHANDSHAKE]: Received client indexed reply 11 of type net.minecraftforge.network.HandshakeMessages$C2SAcknowledge
[12May2025 05:37:25.664] [Netty Epoll Server IO #2/DEBUG] [net.minecraftforge.network.HandshakeHandler/FMLHANDSHAKE]: Received acknowledgement from client
[12May2025 05:37:25.664] [Netty Epoll Server IO #2/DEBUG] [net.minecraftforge.network.LoginWrapper/FMLHANDSHAKE]: Recieved login wrapper packet event for channel fml:handshake with index 12
[12May2025 05:37:25.664] [Netty Epoll Server IO #2/DEBUG] [net.minecraftforge.network.HandshakeHandler/FMLHANDSHAKE]: Received client indexed reply 12 of type net.minecraftforge.network.HandshakeMessages$C2SAcknowledge
[12May2025 05:37:25.664] [Netty Epoll Server IO #2/DEBUG] [net.minecraftforge.network.HandshakeHandler/FMLHANDSHAKE]: Received acknowledgement from client
[12May2025 05:37:25.664] [Netty Epoll Server IO #2/DEBUG] [net.minecraftforge.network.LoginWrapper/FMLHANDSHAKE]: Recieved login wrapper packet event for channel fml:handshake with index 13
[12May2025 05:37:25.664] [Netty Epoll Server IO #2/DEBUG] [net.minecraftforge.network.HandshakeHandler/FMLHANDSHAKE]: Received client indexed reply 13 of type net.minecraftforge.network.HandshakeMessages$C2SAcknowledge
[12May2025 05:37:25.664] [Netty Epoll Server IO #2/DEBUG] [net.minecraftforge.network.HandshakeHandler/FMLHANDSHAKE]: Received acknowledgement from client
[12May2025 05:37:25.671] [Server thread/DEBUG] [net.minecraftforge.network.HandshakeHandler/FMLHANDSHAKE]: Sending ticking packet info 'Registry minecraft:stat_type' to 'fml:handshake' sequence 17
[12May2025 05:37:25.717] [Server thread/DEBUG] [net.minecraftforge.network.HandshakeHandler/FMLHANDSHAKE]: Sending ticking packet info 'Registry twilightforest:enforcement' to 'fml:handshake' sequence 18
[12May2025 05:37:25.770] [Server thread/DEBUG] [net.minecraftforge.network.HandshakeHandler/FMLHANDSHAKE]: Sending ticking packet info 'Registry minecraft:menu' to 'fml:handshake' sequence 19
[12May2025 05:37:25.820] [Server thread/DEBUG] [net.minecraftforge.network.HandshakeHandler/FMLHANDSHAKE]: Sending ticking packet info 'Registry twilightforest:dwarf_rabbit_variant' to 'fml:handshake' sequence 20
[12May2025 05:37:25.871] [Server thread/DEBUG] [net.minecraftforge.network.HandshakeHandler/FMLHANDSHAKE]: Sending ticking packet info 'Registry minecraft:enchantment' to 'fml:handshake' sequence 21
[12May2025 05:37:25.881] [Worker-Main-1/DEBUG] [ModernFix/]: Saved stronghold cache for dimension minecraft:server_faucet_test_level
[12May2025 05:37:25.913] [Netty Epoll Server IO #2/DEBUG] [net.minecraftforge.network.LoginWrapper/FMLHANDSHAKE]: Recieved login wrapper packet event for channel fml:handshake with index 14
[12May2025 05:37:25.913] [Netty Epoll Server IO #2/DEBUG] [net.minecraftforge.network.HandshakeHandler/FMLHANDSHAKE]: Received client indexed reply 14 of type net.minecraftforge.network.HandshakeMessages$C2SAcknowledge
[12May2025 05:37:25.913] [Netty Epoll Server IO #2/DEBUG] [net.minecraftforge.network.HandshakeHandler/FMLHANDSHAKE]: Received acknowledgement from client
[12May2025 05:37:25.913] [Netty Epoll Server IO #2/DEBUG] [net.minecraftforge.network.LoginWrapper/FMLHANDSHAKE]: Recieved login wrapper packet event for channel fml:handshake with index 15
[12May2025 05:37:25.913] [Netty Epoll Server IO #2/DEBUG] [net.minecraftforge.network.HandshakeHandler/FMLHANDSHAKE]: Received client indexed reply 15 of type net.minecraftforge.network.HandshakeMessages$C2SAcknowledge
[12May2025 05:37:25.913] [Netty Epoll Server IO #2/DEBUG] [net.minecraftforge.network.HandshakeHandler/FMLHANDSHAKE]: Received acknowledgement from client
[12May2025 05:37:25.915] [Netty Epoll Server IO #2/DEBUG] [net.minecraftforge.network.LoginWrapper/FMLHANDSHAKE]: Recieved login wrapper packet event for channel fml:handshake with index 16
[12May2025 05:37:25.915] [Netty Epoll Server IO #2/DEBUG] [net.minecraftforge.network.HandshakeHandler/FMLHANDSHAKE]: Received client indexed reply 16 of type net.minecraftforge.network.HandshakeMessages$C2SAcknowledge
[12May2025 05:37:25.915] [Netty Epoll Server IO #2/DEBUG] [net.minecraftforge.network.HandshakeHandler/FMLHANDSHAKE]: Received acknowledgement from client
[12May2025 05:37:25.921] [Server thread/DEBUG] [net.minecraftforge.network.HandshakeHandler/FMLHANDSHAKE]: Sending ticking packet info 'Registry ae2:keytypes' to 'fml:handshake' sequence 22
[12May2025 05:37:25.923] [Netty Epoll Server IO #2/DEBUG] [net.minecraftforge.network.LoginWrapper/FMLHANDSHAKE]: Recieved login wrapper packet event for channel fml:handshake with index 17
[12May2025 05:37:25.923] [Netty Epoll Server IO #2/DEBUG] [net.minecraftforge.network.HandshakeHandler/FMLHANDSHAKE]: Received client indexed reply 17 of type net.minecraftforge.network.HandshakeMessages$C2SAcknowledge
[12May2025 05:37:25.924] [Netty Epoll Server IO #2/DEBUG] [net.minecraftforge.network.HandshakeHandler/FMLHANDSHAKE]: Received acknowledgement from client
[12May2025 05:37:25.924] [Netty Epoll Server IO #2/DEBUG] [net.minecraftforge.network.LoginWrapper/FMLHANDSHAKE]: Recieved login wrapper packet event for channel fml:handshake with index 18
[12May2025 05:37:25.924] [Netty Epoll Server IO #2/DEBUG] [net.minecraftforge.network.HandshakeHandler/FMLHANDSHAKE]: Received client indexed reply 18 of type net.minecraftforge.network.HandshakeMessages$C2SAcknowledge
[12May2025 05:37:25.924] [Netty Epoll Server IO #2/DEBUG] [net.minecraftforge.network.HandshakeHandler/FMLHANDSHAKE]: Received acknowledgement from client
[12May2025 05:37:25.924] [Netty Epoll Server IO #2/DEBUG] [net.minecraftforge.network.LoginWrapper/FMLHANDSHAKE]: Recieved login wrapper packet event for channel fml:handshake with index 19
[12May2025 05:37:25.924] [Netty Epoll Server IO #2/DEBUG] [net.minecraftforge.network.HandshakeHandler/FMLHANDSHAKE]: Received client indexed reply 19 of type net.minecraftforge.network.HandshakeMessages$C2SAcknowledge
[12May2025 05:37:25.924] [Netty Epoll Server IO #2/DEBUG] [net.minecraftforge.network.HandshakeHandler/FMLHANDSHAKE]: Received acknowledgement from client
[12May2025 05:37:25.968] [Server thread/DEBUG] [net.minecraftforge.network.HandshakeHandler/FMLHANDSHAKE]: Sending ticking packet info 'Registry minecraft:fluid' to 'fml:handshake' sequence 23
[12May2025 05:37:25.968] [Netty Epoll Server IO #2/DEBUG] [net.minecraftforge.network.LoginWrapper/FMLHANDSHAKE]: Recieved login wrapper packet event for channel fml:handshake with index 20
[12May2025 05:37:25.968] [Netty Epoll Server IO #2/DEBUG] [net.minecraftforge.network.HandshakeHandler/FMLHANDSHAKE]: Received client indexed reply 20 of type net.minecraftforge.network.HandshakeMessages$C2SAcknowledge
[12May2025 05:37:25.968] [Netty Epoll Server IO #2/DEBUG] [net.minecraftforge.network.HandshakeHandler/FMLHANDSHAKE]: Received acknowledgement from client
[12May2025 05:37:26.012] [Netty Epoll Server IO #2/DEBUG] [net.minecraftforge.network.LoginWrapper/FMLHANDSHAKE]: Recieved login wrapper packet event for channel fml:handshake with index 21
[12May2025 05:37:26.012] [Netty Epoll Server IO #2/DEBUG] [net.minecraftforge.network.HandshakeHandler/FMLHANDSHAKE]: Received client indexed reply 21 of type net.minecraftforge.network.HandshakeMessages$C2SAcknowledge
[12May2025 05:37:26.012] [Netty Epoll Server IO #2/DEBUG] [net.minecraftforge.network.HandshakeHandler/FMLHANDSHAKE]: Received acknowledgement from client
[12May2025 05:37:26.019] [Server thread/DEBUG] [net.minecraftforge.network.HandshakeHandler/FMLHANDSHAKE]: Sending ticking packet info 'Registry minecraft:entity_type' to 'fml:handshake' sequence 24
[12May2025 05:37:26.055] [Netty Epoll Server IO #2/DEBUG] [net.minecraftforge.network.LoginWrapper/FMLHANDSHAKE]: Recieved login wrapper packet event for channel fml:handshake with index 22
[12May2025 05:37:26.055] [Netty Epoll Server IO #2/DEBUG] [net.minecraftforge.network.HandshakeHandler/FMLHANDSHAKE]: Received client indexed reply 22 of type net.minecraftforge.network.HandshakeMessages$C2SAcknowledge
[12May2025 05:37:26.055] [Netty Epoll Server IO #2/DEBUG] [net.minecraftforge.network.HandshakeHandler/FMLHANDSHAKE]: Received acknowledgement from client
[12May2025 05:37:26.068] [Server thread/DEBUG] [net.minecraftforge.network.HandshakeHandler/FMLHANDSHAKE]: Sending ticking packet info 'Config curios-server.toml' to 'fml:handshake' sequence 25
[12May2025 05:37:26.106] [Netty Epoll Server IO #2/DEBUG] [net.minecraftforge.network.LoginWrapper/FMLHANDSHAKE]: Recieved login wrapper packet event for channel fml:handshake with index 23
[12May2025 05:37:26.106] [Netty Epoll Server IO #2/DEBUG] [net.minecraftforge.network.HandshakeHandler/FMLHANDSHAKE]: Received client indexed reply 23 of type net.minecraftforge.network.HandshakeMessages$C2SAcknowledge
[12May2025 05:37:26.106] [Netty Epoll Server IO #2/DEBUG] [net.minecraftforge.network.HandshakeHandler/FMLHANDSHAKE]: Received acknowledgement from client
[12May2025 05:37:26.118] [Server thread/DEBUG] [net.minecraftforge.network.HandshakeHandler/FMLHANDSHAKE]: Sending ticking packet info 'Config gravestone-server.toml' to 'fml:handshake' sequence 26
[12May2025 05:37:26.169] [Server thread/DEBUG] [net.minecraftforge.network.HandshakeHandler/FMLHANDSHAKE]: Sending ticking packet info 'Config elevatorid-server.toml' to 'fml:handshake' sequence 27
[12May2025 05:37:26.218] [Server thread/DEBUG] [net.minecraftforge.network.HandshakeHandler/FMLHANDSHAKE]: Sending ticking packet info 'Config immersiveengineering-server.toml' to 'fml:handshake' sequence 28
[12May2025 05:37:26.269] [Server thread/DEBUG] [net.minecraftforge.network.HandshakeHandler/FMLHANDSHAKE]: Sending ticking packet info 'Config sophisticatedbackpacks-server.toml' to 'fml:handshake' sequence 29
[12May2025 05:37:26.317] [Server thread/DEBUG] [net.minecraftforge.network.HandshakeHandler/FMLHANDSHAKE]: Sending ticking packet info 'Config jei-server.toml' to 'fml:handshake' sequence 30
[12May2025 05:37:26.367] [Server thread/DEBUG] [net.minecraftforge.network.HandshakeHandler/FMLHANDSHAKE]: Sending ticking packet info 'Config forge-server.toml' to 'fml:handshake' sequence 31
[12May2025 05:37:26.417] [Server thread/DEBUG] [net.minecraftforge.network.HandshakeHandler/FMLHANDSHAKE]: Sending ticking packet info 'org.violetmoon.zeta.network.message.S2CLoginFlag' to 'zeta:main' sequence 32
[12May2025 05:37:26.809] [Netty Epoll Server IO #2/DEBUG] [net.minecraftforge.network.LoginWrapper/FMLHANDSHAKE]: Recieved login wrapper packet event for channel fml:handshake with index 24
[12May2025 05:37:26.809] [Netty Epoll Server IO #2/DEBUG] [net.minecraftforge.network.HandshakeHandler/FMLHANDSHAKE]: Received client indexed reply 24 of type net.minecraftforge.network.HandshakeMessages$C2SAcknowledge
[12May2025 05:37:26.809] [Netty Epoll Server IO #2/DEBUG] [net.minecraftforge.network.HandshakeHandler/FMLHANDSHAKE]: Received acknowledgement from client
[12May2025 05:37:26.850] [Netty Epoll Server IO #2/DEBUG] [net.minecraftforge.network.LoginWrapper/FMLHANDSHAKE]: Recieved login wrapper packet event for channel fml:handshake with index 25
[12May2025 05:37:26.850] [Netty Epoll Server IO #2/DEBUG] [net.minecraftforge.network.HandshakeHandler/FMLHANDSHAKE]: Received client indexed reply 25 of type net.minecraftforge.network.HandshakeMessages$C2SAcknowledge
[12May2025 05:37:26.850] [Netty Epoll Server IO #2/DEBUG] [net.minecraftforge.network.HandshakeHandler/FMLHANDSHAKE]: Received acknowledgement from client
[12May2025 05:37:26.850] [Netty Epoll Server IO #2/DEBUG] [net.minecraftforge.network.LoginWrapper/FMLHANDSHAKE]: Recieved login wrapper packet event for channel fml:handshake with index 26
[12May2025 05:37:26.850] [Netty Epoll Server IO #2/DEBUG] [net.minecraftforge.network.HandshakeHandler/FMLHANDSHAKE]: Received client indexed reply 26 of type net.minecraftforge.network.HandshakeMessages$C2SAcknowledge
[12May2025 05:37:26.850] [Netty Epoll Server IO #2/DEBUG] [net.minecraftforge.network.HandshakeHandler/FMLHANDSHAKE]: Received acknowledgement from client
[12May2025 05:37:26.851] [Netty Epoll Server IO #2/DEBUG] [net.minecraftforge.network.LoginWrapper/FMLHANDSHAKE]: Recieved login wrapper packet event for channel fml:handshake with index 27
[12May2025 05:37:26.851] [Netty Epoll Server IO #2/DEBUG] [net.minecraftforge.network.HandshakeHandler/FMLHANDSHAKE]: Received client indexed reply 27 of type net.minecraftforge.network.HandshakeMessages$C2SAcknowledge
[12May2025 05:37:26.851] [Netty Epoll Server IO #2/DEBUG] [net.minecraftforge.network.HandshakeHandler/FMLHANDSHAKE]: Received acknowledgement from client
[12May2025 05:37:26.851] [Netty Epoll Server IO #2/DEBUG] [net.minecraftforge.network.LoginWrapper/FMLHANDSHAKE]: Recieved login wrapper packet event for channel fml:handshake with index 28
[12May2025 05:37:26.851] [Netty Epoll Server IO #2/DEBUG] [net.minecraftforge.network.HandshakeHandler/FMLHANDSHAKE]: Received client indexed reply 28 of type net.minecraftforge.network.HandshakeMessages$C2SAcknowledge
[12May2025 05:37:26.851] [Netty Epoll Server IO #2/DEBUG] [net.minecraftforge.network.HandshakeHandler/FMLHANDSHAKE]: Received acknowledgement from client
[12May2025 05:37:26.851] [Netty Epoll Server IO #2/DEBUG] [net.minecraftforge.network.LoginWrapper/FMLHANDSHAKE]: Recieved login wrapper packet event for channel fml:handshake with index 29
[12May2025 05:37:26.851] [Netty Epoll Server IO #2/DEBUG] [net.minecraftforge.network.HandshakeHandler/FMLHANDSHAKE]: Received client indexed reply 29 of type net.minecraftforge.network.HandshakeMessages$C2SAcknowledge
[12May2025 05:37:26.851] [Netty Epoll Server IO #2/DEBUG] [net.minecraftforge.network.HandshakeHandler/FMLHANDSHAKE]: Received acknowledgement from client
[12May2025 05:37:26.851] [Netty Epoll Server IO #2/DEBUG] [net.minecraftforge.network.LoginWrapper/FMLHANDSHAKE]: Recieved login wrapper packet event for channel fml:handshake with index 30
[12May2025 05:37:26.851] [Netty Epoll Server IO #2/DEBUG] [net.minecraftforge.network.HandshakeHandler/FMLHANDSHAKE]: Received client indexed reply 30 of type net.minecraftforge.network.HandshakeMessages$C2SAcknowledge
[12May2025 05:37:26.851] [Netty Epoll Server IO #2/DEBUG] [net.minecraftforge.network.HandshakeHandler/FMLHANDSHAKE]: Received acknowledgement from client
[12May2025 05:37:26.852] [Netty Epoll Server IO #2/DEBUG] [net.minecraftforge.network.LoginWrapper/FMLHANDSHAKE]: Recieved login wrapper packet event for channel fml:handshake with index 31
[12May2025 05:37:26.852] [Netty Epoll Server IO #2/DEBUG] [net.minecraftforge.network.HandshakeHandler/FMLHANDSHAKE]: Received client indexed reply 31 of type net.minecraftforge.network.HandshakeMessages$C2SAcknowledge
[12May2025 05:37:26.852] [Netty Epoll Server IO #2/DEBUG] [net.minecraftforge.network.HandshakeHandler/FMLHANDSHAKE]: Received acknowledgement from client
[12May2025 05:37:26.852] [Netty Epoll Server IO #2/DEBUG] [net.minecraftforge.network.LoginWrapper/FMLHANDSHAKE]: Recieved login wrapper packet event for channel zeta:main with index 32
[12May2025 05:37:26.852] [Netty Epoll Server IO #2/DEBUG] [net.minecraftforge.network.HandshakeHandler/FMLHANDSHAKE]: Received client indexed reply 32 of type org.violetmoon.zeta.network.message.C2SLoginFlag
[12May2025 05:37:26.866] [Server thread/DEBUG] [net.minecraftforge.network.HandshakeHandler/FMLHANDSHAKE]: Handshake complete!
[12May2025 05:37:26.958] [Server thread/INFO] [net.minecraft.server.players.PlayerList/]: Noe_555[/127.30.208.166:46811] logged in with entity id 68 at (-597.8299473257499, 119.0, -1024.0548749772065)
[12May2025 05:37:26.963] [Server thread/DEBUG] [net.minecraftforge.network.filters.NetworkFilters/]: Injected net.minecraftforge.network.filters.ForgeConnectionNetworkFilter@1d1ea2e8 into net.minecraft.network.Connection@34d7af2e
[12May2025 05:37:27.016] [Server thread/DEBUG] [ModernFix/]: Sending ID correction packet to client with 163 classes
[12May2025 05:37:27.163] [Server thread/INFO] [net.minecraft.server.MinecraftServer/]: Noe_555 joined the game
[12May2025 05:37:27.205] [Netty Epoll Server IO #2/INFO] [immersiveengineering/]: Recipes for potions: minecraft:swiftness, minecraft:strong_turtle_master, minecraft:turtle_master, minecraft:long_strength, minecraft:slow_falling, minecraft:long_night_vision, minecraft:long_invisibility, minecraft:long_slow_falling, minecraft:night_vision, minecraft:strong_slowness, minecraft:leaping, minecraft:long_swiftness, minecraft:poison, minecraft:harming, minecraft:strong_harming, minecraft:long_water_breathing, minecraft:long_leaping, minecraft:fire_resistance, minecraft:weakness, quark:resilience, minecraft:long_slowness, minecraft:strong_swiftness, minecraft:long_regeneration, minecraft:water, minecraft:strong_healing, minecraft:awkward, minecraft:long_fire_resistance, minecraft:strong_strength, minecraft:long_weakness, minecraft:invisibility, minecraft:strong_leaping, minecraft:strength, minecraft:long_poison, minecraft:regeneration, minecraft:water_breathing, minecraft:healing, minecraft:strong_poison, minecraft:strong_regeneration, quark:strong_resilience, quark:long_resilience, minecraft:long_turtle_master, minecraft:slowness
[12May2025 05:37:27.246] [Server thread/INFO] [Jade/]: Syncing config to Noe_555 (35a16aae-226d-3dff-b7ad-142a5b0e27f9)
[12May2025 05:37:27.597] [Server thread/DEBUG] [mixin/]: Mixing PlayerAdvancementsMixin from quark.mixins.json into net.minecraft.server.advancements.AdvancementVisibilityEvaluator
[12May2025 05:37:35.771] [Worker-Main-1/DEBUG] [ModernFix/]: Saved stronghold cache for dimension minecraft:server_projectile_test_level
[12May2025 05:37:36.120] [Server thread/WARN] [net.minecraft.server.MinecraftServer/]: Can't keep up! Is the server overloaded? Running 9104ms or 182 ticks behind
[12May2025 05:37:36.152] [Server thread/DEBUG] [mixin/]: Mixing ChunkHolderMixin from supplementaries.mixins.json into net.minecraft.network.protocol.game.ClientboundLevelChunkPacketData$BlockEntityInfo
[12May2025 05:37:36.154] [Server thread/DEBUG] [mixin/]: Renaming synthetic method lambda$sendBlockEntityCaps$2(Lnet/minecraft/world/level/block/entity/BlockEntity;Lnet/minecraft/server/level/ServerLevel;Lnet/minecraft/core/BlockPos;)V to md5e188f$lambda$sendBlockEntityCaps$2$0 in supplementaries.mixins.json:ChunkHolderMixin
[12May2025 05:37:36.154] [Server thread/DEBUG] [mixin/]: Renaming synthetic method lambda$sendBlockEntityCaps$1(Lnet/minecraft/server/level/ServerLevel;Lnet/minecraft/core/BlockPos;Lnet/mehvahdjukaar/supplementaries/api/IAntiqueTextProvider;)V to md5e188f$lambda$sendBlockEntityCaps$1$1 in supplementaries.mixins.json:ChunkHolderMixin
[12May2025 05:37:36.154] [Server thread/DEBUG] [mixin/]: Renaming synthetic method lambda$sendBlockEntityCaps$0(Lnet/minecraft/core/BlockPos;Lnet/mehvahdjukaar/supplementaries/api/IAntiqueTextProvider;Lnet/minecraft/server/level/ServerPlayer;)V to md5e188f$lambda$sendBlockEntityCaps$0$2 in supplementaries.mixins.json:ChunkHolderMixin
[12May2025 05:37:42.278] [Server thread/DEBUG] [mixin/]: Mixing VibrationSystemListenerMixin from botania_xplat.mixins.json into net.minecraft.world.level.gameevent.vibrations.VibrationSystem$Listener
[12May2025 05:37:46.783] [Server thread/DEBUG] [mixin/]: Mixing HarvestFarmlandMixin from quark.mixins.json into net.minecraft.world.entity.ai.behavior.HarvestFarmland
[12May2025 05:37:49.391] [Server thread/INFO] [net.minecraft.server.network.ServerLoginPacketListenerImpl/]: com.mojang.authlib.GameProfile@1cafab0f[id=<null>,name=culon77,properties={},legacy=false] (/127.249.12.144:58167) lost connection: Disconnected
[12May2025 05:37:55.388] [Netty Epoll Server IO #1/DEBUG] [net.minecraftforge.network.HandshakeHandler/FMLHANDSHAKE]: Starting new modded impl connection. Found 33 messages to dispatch.
[12May2025 05:37:55.396] [Server thread/DEBUG] [net.minecraftforge.network.HandshakeHandler/FMLHANDSHAKE]: Sending ticking packet info 'net.minecraftforge.network.HandshakeMessages$S2CModData' to 'fml:handshake' sequence 0
[12May2025 05:37:55.441] [Server thread/DEBUG] [net.minecraftforge.network.HandshakeHandler/FMLHANDSHAKE]: Sending ticking packet info 'net.minecraftforge.network.HandshakeMessages$S2CModList' to 'fml:handshake' sequence 1
[12May2025 05:37:55.474] [Server thread/DEBUG] [net.minecraftforge.network.HandshakeHandler/FMLHANDSHAKE]: Sending ticking packet info 'Registry minecraft:command_argument_type' to 'fml:handshake' sequence 2
[12May2025 05:37:55.524] [Server thread/DEBUG] [net.minecraftforge.network.HandshakeHandler/FMLHANDSHAKE]: Sending ticking packet info 'Registry minecraft:recipe_serializer' to 'fml:handshake' sequence 3
[12May2025 05:37:55.579] [Server thread/DEBUG] [net.minecraftforge.network.HandshakeHandler/FMLHANDSHAKE]: Sending ticking packet info 'Registry minecraft:sound_event' to 'fml:handshake' sequence 4
[12May2025 05:37:55.641] [Server thread/DEBUG] [net.minecraftforge.network.HandshakeHandler/FMLHANDSHAKE]: Sending ticking packet info 'Registry minecraft:particle_type' to 'fml:handshake' sequence 5
[12May2025 05:37:55.682] [Server thread/DEBUG] [net.minecraftforge.network.HandshakeHandler/FMLHANDSHAKE]: Sending ticking packet info 'Registry minecraft:villager_profession' to 'fml:handshake' sequence 6
[12May2025 05:37:55.730] [Server thread/DEBUG] [net.minecraftforge.network.HandshakeHandler/FMLHANDSHAKE]: Sending ticking packet info 'Registry twilightforest:tiny_bird_variant' to 'fml:handshake' sequence 7
[12May2025 05:37:55.774] [Server thread/DEBUG] [net.minecraftforge.network.HandshakeHandler/FMLHANDSHAKE]: Sending ticking packet info 'Registry minecraft:item' to 'fml:handshake' sequence 8
[12May2025 05:37:55.828] [Server thread/DEBUG] [net.minecraftforge.network.HandshakeHandler/FMLHANDSHAKE]: Sending ticking packet info 'Registry minecraft:potion' to 'fml:handshake' sequence 9
[12May2025 05:37:55.878] [Server thread/DEBUG] [net.minecraftforge.network.HandshakeHandler/FMLHANDSHAKE]: Sending ticking packet info 'Registry minecraft:painting_variant' to 'fml:handshake' sequence 10
[12May2025 05:37:55.930] [Server thread/DEBUG] [net.minecraftforge.network.HandshakeHandler/FMLHANDSHAKE]: Sending ticking packet info 'Registry forge:fluid_type' to 'fml:handshake' sequence 11
[12May2025 05:37:55.978] [Server thread/DEBUG] [net.minecraftforge.network.HandshakeHandler/FMLHANDSHAKE]: Sending ticking packet info 'Registry minecraft:block_entity_type' to 'fml:handshake' sequence 12
[12May2025 05:37:56.038] [Server thread/DEBUG] [net.minecraftforge.network.HandshakeHandler/FMLHANDSHAKE]: Sending ticking packet info 'Registry forge:display_contexts' to 'fml:handshake' sequence 13
[12May2025 05:37:56.091] [Server thread/DEBUG] [net.minecraftforge.network.HandshakeHandler/FMLHANDSHAKE]: Sending ticking packet info 'Registry minecraft:block' to 'fml:handshake' sequence 14
[12May2025 05:37:56.131] [Server thread/DEBUG] [net.minecraftforge.network.HandshakeHandler/FMLHANDSHAKE]: Sending ticking packet info 'Registry forge:entity_data_serializers' to 'fml:handshake' sequence 15
[12May2025 05:37:56.176] [Server thread/DEBUG] [net.minecraftforge.network.HandshakeHandler/FMLHANDSHAKE]: Sending ticking packet info 'Registry minecraft:mob_effect' to 'fml:handshake' sequence 16
[12May2025 05:37:56.222] [Server thread/DEBUG] [net.minecraftforge.network.HandshakeHandler/FMLHANDSHAKE]: Sending ticking packet info 'Registry minecraft:stat_type' to 'fml:handshake' sequence 17
[12May2025 05:37:56.275] [Server thread/DEBUG] [net.minecraftforge.network.HandshakeHandler/FMLHANDSHAKE]: Sending ticking packet info 'Registry twilightforest:enforcement' to 'fml:handshake' sequence 18
[12May2025 05:37:56.329] [Server thread/DEBUG] [net.minecraftforge.network.HandshakeHandler/FMLHANDSHAKE]: Sending ticking packet info 'Registry minecraft:menu' to 'fml:handshake' sequence 19
[12May2025 05:37:56.379] [Server thread/DEBUG] [net.minecraftforge.network.HandshakeHandler/FMLHANDSHAKE]: Sending ticking packet info 'Registry twilightforest:dwarf_rabbit_variant' to 'fml:handshake' sequence 20
[12May2025 05:37:56.425] [Server thread/DEBUG] [net.minecraftforge.network.HandshakeHandler/FMLHANDSHAKE]: Sending ticking packet info 'Registry minecraft:enchantment' to 'fml:handshake' sequence 21
[12May2025 05:37:56.479] [Server thread/DEBUG] [net.minecraftforge.network.HandshakeHandler/FMLHANDSHAKE]: Sending ticking packet info 'Registry ae2:keytypes' to 'fml:handshake' sequence 22
[12May2025 05:37:56.525] [Server thread/DEBUG] [net.minecraftforge.network.HandshakeHandler/FMLHANDSHAKE]: Sending ticking packet info 'Registry minecraft:fluid' to 'fml:handshake' sequence 23
[12May2025 05:37:56.574] [Server thread/DEBUG] [net.minecraftforge.network.HandshakeHandler/FMLHANDSHAKE]: Sending ticking packet info 'Registry minecraft:entity_type' to 'fml:handshake' sequence 24
[12May2025 05:37:56.623] [Server thread/DEBUG] [net.minecraftforge.network.HandshakeHandler/FMLHANDSHAKE]: Sending ticking packet info 'Config curios-server.toml' to 'fml:handshake' sequence 25
[12May2025 05:37:56.675] [Server thread/DEBUG] [net.minecraftforge.network.HandshakeHandler/FMLHANDSHAKE]: Sending ticking packet info 'Config gravestone-server.toml' to 'fml:handshake' sequence 26
[12May2025 05:37:56.727] [Server thread/DEBUG] [net.minecraftforge.network.HandshakeHandler/FMLHANDSHAKE]: Sending ticking packet info 'Config elevatorid-server.toml' to 'fml:handshake' sequence 27
[12May2025 05:37:56.773] [Server thread/DEBUG] [net.minecraftforge.network.HandshakeHandler/FMLHANDSHAKE]: Sending ticking packet info 'Config immersiveengineering-server.toml' to 'fml:handshake' sequence 28
[12May2025 05:37:56.834] [Server thread/DEBUG] [net.minecraftforge.network.HandshakeHandler/FMLHANDSHAKE]: Sending ticking packet info 'Config sophisticatedbackpacks-server.toml' to 'fml:handshake' sequence 29
[12May2025 05:37:56.879] [Server thread/DEBUG] [net.minecraftforge.network.HandshakeHandler/FMLHANDSHAKE]: Sending ticking packet info 'Config jei-server.toml' to 'fml:handshake' sequence 30
[12May2025 05:37:56.923] [Server thread/DEBUG] [net.minecraftforge.network.HandshakeHandler/FMLHANDSHAKE]: Sending ticking packet info 'Config forge-server.toml' to 'fml:handshake' sequence 31
[12May2025 05:37:56.976] [Server thread/DEBUG] [net.minecraftforge.network.HandshakeHandler/FMLHANDSHAKE]: Sending ticking packet info 'org.violetmoon.zeta.network.message.S2CLoginFlag' to 'zeta:main' sequence 32
[12May2025 05:38:25.124] [Server thread/INFO] [net.minecraft.server.network.ServerLoginPacketListenerImpl/]: com.mojang.authlib.GameProfile@71ba4467[id=<null>,name=culon77,properties={},legacy=false] (/127.249.12.144:35027) lost connection: Disconnected
[12May2025 05:38:34.751] [Netty Epoll Server IO #0/DEBUG] [net.minecraftforge.network.HandshakeHandler/FMLHANDSHAKE]: Starting new modded impl connection. Found 33 messages to dispatch.
[12May2025 05:38:34.804] [Server thread/DEBUG] [net.minecraftforge.network.HandshakeHandler/FMLHANDSHAKE]: Sending ticking packet info 'net.minecraftforge.network.HandshakeMessages$S2CModData' to 'fml:handshake' sequence 0
[12May2025 05:38:34.846] [Server thread/DEBUG] [net.minecraftforge.network.HandshakeHandler/FMLHANDSHAKE]: Sending ticking packet info 'net.minecraftforge.network.HandshakeMessages$S2CModList' to 'fml:handshake' sequence 1
[12May2025 05:38:34.884] [Server thread/DEBUG] [net.minecraftforge.network.HandshakeHandler/FMLHANDSHAKE]: Sending ticking packet info 'Registry minecraft:command_argument_type' to 'fml:handshake' sequence 2
[12May2025 05:38:34.929] [Server thread/DEBUG] [net.minecraftforge.network.HandshakeHandler/FMLHANDSHAKE]: Sending ticking packet info 'Registry minecraft:recipe_serializer' to 'fml:handshake' sequence 3
[12May2025 05:38:34.946] [Netty Epoll Server IO #0/DEBUG] [net.minecraftforge.network.LoginWrapper/FMLHANDSHAKE]: Recieved login wrapper packet event for channel fml:handshake with index 1
[12May2025 05:38:34.946] [Netty Epoll Server IO #0/DEBUG] [net.minecraftforge.network.HandshakeHandler/FMLHANDSHAKE]: Received client indexed reply 1 of type net.minecraftforge.network.HandshakeMessages$C2SModListReply
[12May2025 05:38:34.946] [Netty Epoll Server IO #0/DEBUG] [net.minecraftforge.network.HandshakeHandler/FMLHANDSHAKE]: Received client connection with modlist [kuma_api, furnitura, geckolib, playeranimator, lithostitched, obscure_api, sophisticatedcore, waystones, xaeroworldmap, modernfix, jei, yungsapi, decorative_blocks, mixinextras, glitchcore, sophisticatedbackpacks, bettermobs, starlight, balm, blueprint, jeresources, betterfortresses, cloth_config, sound_physics_remastered, forge, ctov, twilightforest, embeddium, rubidium, athena, dungeons_arise, chipped, minecraft, torchmaster, bcc, terrablender, moonlight, bettercombat, immersiveengineering, choups_drakvyrn_mod, biomesoplenty, mixinsquared, jade, ae2, explorify, unusualend, botania, betterfpsdist, curios, patchouli, xaerominimap, gravestone, collective, zeta, crittersandcompanions, elevatorid, canary, inventoryhud, resourcefullib, mvs, lootr, quark, supplementaries, ferritecore, aiimprovements, cupboard, scaffoldingdropsnearby, aquamirae]
[12May2025 05:38:34.947] [Netty Epoll Server IO #0/DEBUG] [net.minecraftforge.network.NetworkRegistry/NETREGISTRY]: Channel 'supplementaries:channel' : Version test of '0' from client : ACCEPTED
[12May2025 05:38:34.947] [Netty Epoll Server IO #0/DEBUG] [net.minecraftforge.network.NetworkRegistry/NETREGISTRY]: Channel 'jei:channel' : Version test of '1.0.0' from client : ACCEPTED
[12May2025 05:38:34.947] [Netty Epoll Server IO #0/DEBUG] [net.minecraftforge.network.NetworkRegistry/NETREGISTRY]: Channel 'minecraft:unregister' : Version test of 'FML3' from client : ACCEPTED
[12May2025 05:38:34.947] [Netty Epoll Server IO #0/DEBUG] [net.minecraftforge.network.NetworkRegistry/NETREGISTRY]: Channel 'choups_drakvyrn_mod:choups_drakvyrn_mod' : Version test of '1' from client : ACCEPTED
[12May2025 05:38:34.947] [Netty Epoll Server IO #0/DEBUG] [net.minecraftforge.network.NetworkRegistry/NETREGISTRY]: Channel 'xaerominimap:main' : Version test of '1.0' from client : ACCEPTED
[12May2025 05:38:34.947] [Netty Epoll Server IO #0/DEBUG] [net.minecraftforge.network.NetworkRegistry/NETREGISTRY]: Channel 'ae2:main' : Version test of '1' from client : ACCEPTED
[12May2025 05:38:34.947] [Netty Epoll Server IO #0/DEBUG] [net.minecraftforge.network.NetworkRegistry/NETREGISTRY]: Channel 'sophisticatedbackpacks:channel' : Version test of '1' from client : ACCEPTED
[12May2025 05:38:34.947] [Netty Epoll Server IO #0/DEBUG] [net.minecraftforge.network.NetworkRegistry/NETREGISTRY]: Channel 'bettermobs:bettermobs' : Version test of '1' from client : ACCEPTED
[12May2025 05:38:34.948] [Netty Epoll Server IO #0/DEBUG] [net.minecraftforge.network.NetworkRegistry/NETREGISTRY]: Channel 'chipped:main' : Version test of '1' from client : ACCEPTED
[12May2025 05:38:34.948] [Netty Epoll Server IO #0/DEBUG] [net.minecraftforge.network.NetworkRegistry/NETREGISTRY]: Channel 'obscure_api:obscure_api' : Version test of '1' from client : ACCEPTED
[12May2025 05:38:34.948] [Netty Epoll Server IO #0/DEBUG] [net.minecraftforge.network.NetworkRegistry/NETREGISTRY]: Channel 'modernfix:main' : Version test of '1' from client : ACCEPTED
[12May2025 05:38:34.948] [Netty Epoll Server IO #0/DEBUG] [net.minecraftforge.network.NetworkRegistry/NETREGISTRY]: Channel 'curios:main' : Version test of '1' from client : ACCEPTED
[12May2025 05:38:34.948] [Netty Epoll Server IO #0/DEBUG] [net.minecraftforge.network.NetworkRegistry/NETREGISTRY]: Channel 'botania:main' : Version test of '0' from client : ACCEPTED
[12May2025 05:38:34.948] [Netty Epoll Server IO #0/DEBUG] [net.minecraftforge.network.NetworkRegistry/NETREGISTRY]: Channel 'crittersandcompanions:main' : Version test of '2' from client : ACCEPTED
[12May2025 05:38:34.948] [Netty Epoll Server IO #0/DEBUG] [net.minecraftforge.network.NetworkRegistry/NETREGISTRY]: Channel 'fml:loginwrapper' : Version test of 'FML3' from client : ACCEPTED
[12May2025 05:38:34.948] [Netty Epoll Server IO #0/DEBUG] [net.minecraftforge.network.NetworkRegistry/NETREGISTRY]: Channel 'unusualend:unusualend' : Version test of '1' from client : ACCEPTED
[12May2025 05:38:34.948] [Netty Epoll Server IO #0/DEBUG] [net.minecraftforge.network.NetworkRegistry/NETREGISTRY]: Channel 'forge:tier_sorting' : Version test of '1.0' from client : ACCEPTED
[12May2025 05:38:34.948] [Netty Epoll Server IO #0/DEBUG] [net.minecraftforge.network.NetworkRegistry/NETREGISTRY]: Channel 'bettercombat:network' : Version test of '1.0' from client : ACCEPTED
[12May2025 05:38:34.948] [Netty Epoll Server IO #0/DEBUG] [net.minecraftforge.network.NetworkRegistry/NETREGISTRY]: Channel 'aquamirae:main' : Version test of '1' from client : ACCEPTED
[12May2025 05:38:34.948] [Netty Epoll Server IO #0/DEBUG] [net.minecraftforge.network.NetworkRegistry/NETREGISTRY]: Channel 'quark:main' : Version test of '3' from client : ACCEPTED
[12May2025 05:38:34.949] [Netty Epoll Server IO #0/DEBUG] [net.minecraftforge.network.NetworkRegistry/NETREGISTRY]: Channel 'immersiveengineering:main' : Version test of '1.20.1-10.2.0-183' from client : ACCEPTED
[12May2025 05:38:34.949] [Netty Epoll Server IO #0/DEBUG] [net.minecraftforge.network.NetworkRegistry/NETREGISTRY]: Channel 'fml:play' : Version test of 'FML3' from client : ACCEPTED
[12May2025 05:38:34.949] [Netty Epoll Server IO #0/DEBUG] [net.minecraftforge.network.NetworkRegistry/NETREGISTRY]: Channel 'sophisticatedcore:channel' : Version test of '1' from client : ACCEPTED
[12May2025 05:38:34.949] [Netty Epoll Server IO #0/DEBUG] [net.minecraftforge.network.NetworkRegistry/NETREGISTRY]: Channel 'gravestone:default' : Version test of '1.0.0' from client : ACCEPTED
[12May2025 05:38:34.949] [Netty Epoll Server IO #0/DEBUG] [net.minecraftforge.network.NetworkRegistry/NETREGISTRY]: Channel 'patchouli:main' : Version test of '1' from client : ACCEPTED
[12May2025 05:38:34.949] [Netty Epoll Server IO #0/DEBUG] [net.minecraftforge.network.NetworkRegistry/NETREGISTRY]: Channel 'fml:handshake' : Version test of 'FML3' from client : ACCEPTED
[12May2025 05:38:34.949] [Netty Epoll Server IO #0/DEBUG] [net.minecraftforge.network.NetworkRegistry/NETREGISTRY]: Channel 'lootr:main_network_channel' : Version test of '2' from client : ACCEPTED
[12May2025 05:38:34.949] [Netty Epoll Server IO #0/DEBUG] [net.minecraftforge.network.NetworkRegistry/NETREGISTRY]: Channel 'zeta:main' : Version test of '1' from client : ACCEPTED
[12May2025 05:38:34.949] [Netty Epoll Server IO #0/DEBUG] [net.minecraftforge.network.NetworkRegistry/NETREGISTRY]: Channel 'blueprint:net' : Version test of 'BP1' from client : ACCEPTED
[12May2025 05:38:34.949] [Netty Epoll Server IO #0/DEBUG] [net.minecraftforge.network.NetworkRegistry/NETREGISTRY]: Channel 'xaeroworldmap:main' : Version test of '1.0' from client : ACCEPTED
[12May2025 05:38:34.949] [Netty Epoll Server IO #0/DEBUG] [net.minecraftforge.network.NetworkRegistry/NETREGISTRY]: Channel 'elevatorid:main_channel' : Version test of '1' from client : ACCEPTED
[12May2025 05:38:34.949] [Netty Epoll Server IO #0/DEBUG] [net.minecraftforge.network.NetworkRegistry/NETREGISTRY]: Channel 'minecraft:register' : Version test of 'FML3' from client : ACCEPTED
[12May2025 05:38:34.949] [Netty Epoll Server IO #0/DEBUG] [net.minecraftforge.network.NetworkRegistry/NETREGISTRY]: Channel 'forge:split' : Version test of '1.1' from client : ACCEPTED
[12May2025 05:38:34.950] [Netty Epoll Server IO #0/DEBUG] [net.minecraftforge.network.NetworkRegistry/NETREGISTRY]: Channel 'twilightforest:channel' : Version test of '2' from client : ACCEPTED
[12May2025 05:38:34.950] [Netty Epoll Server IO #0/DEBUG] [net.minecraftforge.network.NetworkRegistry/NETREGISTRY]: Channel 'geckolib:main' : Version test of '1' from client : ACCEPTED
[12May2025 05:38:34.950] [Netty Epoll Server IO #0/DEBUG] [net.minecraftforge.network.NetworkRegistry/NETREGISTRY]: Channel 'waystones:network' : Version test of '1.0' from client : ACCEPTED
[12May2025 05:38:34.950] [Netty Epoll Server IO #0/DEBUG] [net.minecraftforge.network.NetworkRegistry/NETREGISTRY]: Channel 'moonlight:channel' : Version test of '0' from client : ACCEPTED
[12May2025 05:38:34.950] [Netty Epoll Server IO #0/DEBUG] [net.minecraftforge.network.NetworkRegistry/NETREGISTRY]: Channel 'jade:networking' : Version test of '2' from client : ACCEPTED
[12May2025 05:38:34.951] [Netty Epoll Server IO #0/DEBUG] [net.minecraftforge.network.NetworkRegistry/NETREGISTRY]: Accepting channel list from client
[12May2025 05:38:34.951] [Netty Epoll Server IO #0/DEBUG] [net.minecraftforge.network.HandshakeHandler/FMLHANDSHAKE]: Accepted client connection mod list
[12May2025 05:38:34.964] [Netty Epoll Server IO #0/DEBUG] [net.minecraftforge.network.LoginWrapper/FMLHANDSHAKE]: Recieved login wrapper packet event for channel fml:handshake with index 2
[12May2025 05:38:34.965] [Netty Epoll Server IO #0/DEBUG] [net.minecraftforge.network.HandshakeHandler/FMLHANDSHAKE]: Received client indexed reply 2 of type net.minecraftforge.network.HandshakeMessages$C2SAcknowledge
[12May2025 05:38:34.965] [Netty Epoll Server IO #0/DEBUG] [net.minecraftforge.network.HandshakeHandler/FMLHANDSHAKE]: Received acknowledgement from client
[12May2025 05:38:34.980] [Server thread/DEBUG] [net.minecraftforge.network.HandshakeHandler/FMLHANDSHAKE]: Sending ticking packet info 'Registry minecraft:sound_event' to 'fml:handshake' sequence 4
[12May2025 05:38:35.024] [Server thread/DEBUG] [net.minecraftforge.network.HandshakeHandler/FMLHANDSHAKE]: Sending ticking packet info 'Registry minecraft:particle_type' to 'fml:handshake' sequence 5
[12May2025 05:38:35.025] [Netty Epoll Server IO #0/DEBUG] [net.minecraftforge.network.LoginWrapper/FMLHANDSHAKE]: Recieved login wrapper packet event for channel fml:handshake with index 3
[12May2025 05:38:35.025] [Netty Epoll Server IO #0/DEBUG] [net.minecraftforge.network.HandshakeHandler/FMLHANDSHAKE]: Received client indexed reply 3 of type net.minecraftforge.network.HandshakeMessages$C2SAcknowledge
[12May2025 05:38:35.025] [Netty Epoll Server IO #0/DEBUG] [net.minecraftforge.network.HandshakeHandler/FMLHANDSHAKE]: Received acknowledgement from client
[12May2025 05:38:35.074] [Server thread/DEBUG] [net.minecraftforge.network.HandshakeHandler/FMLHANDSHAKE]: Sending ticking packet info 'Registry minecraft:villager_profession' to 'fml:handshake' sequence 6
[12May2025 05:38:35.123] [Server thread/DEBUG] [net.minecraftforge.network.HandshakeHandler/FMLHANDSHAKE]: Sending ticking packet info 'Registry twilightforest:tiny_bird_variant' to 'fml:handshake' sequence 7
[12May2025 05:38:35.175] [Server thread/DEBUG] [net.minecraftforge.network.HandshakeHandler/FMLHANDSHAKE]: Sending ticking packet info 'Registry minecraft:item' to 'fml:handshake' sequence 8
[12May2025 05:38:35.178] [Netty Epoll Server IO #0/DEBUG] [net.minecraftforge.network.LoginWrapper/FMLHANDSHAKE]: Recieved login wrapper packet event for channel fml:handshake with index 4
[12May2025 05:38:35.178] [Netty Epoll Server IO #0/DEBUG] [net.minecraftforge.network.HandshakeHandler/FMLHANDSHAKE]: Received client indexed reply 4 of type net.minecraftforge.network.HandshakeMessages$C2SAcknowledge
[12May2025 05:38:35.178] [Netty Epoll Server IO #0/DEBUG] [net.minecraftforge.network.HandshakeHandler/FMLHANDSHAKE]: Received acknowledgement from client
[12May2025 05:38:35.178] [Netty Epoll Server IO #0/DEBUG] [net.minecraftforge.network.LoginWrapper/FMLHANDSHAKE]: Recieved login wrapper packet event for channel fml:handshake with index 5
[12May2025 05:38:35.179] [Netty Epoll Server IO #0/DEBUG] [net.minecraftforge.network.HandshakeHandler/FMLHANDSHAKE]: Received client indexed reply 5 of type net.minecraftforge.network.HandshakeMessages$C2SAcknowledge
[12May2025 05:38:35.179] [Netty Epoll Server IO #0/DEBUG] [net.minecraftforge.network.HandshakeHandler/FMLHANDSHAKE]: Received acknowledgement from client
[12May2025 05:38:35.179] [Netty Epoll Server IO #0/DEBUG] [net.minecraftforge.network.LoginWrapper/FMLHANDSHAKE]: Recieved login wrapper packet event for channel fml:handshake with index 6
[12May2025 05:38:35.179] [Netty Epoll Server IO #0/DEBUG] [net.minecraftforge.network.HandshakeHandler/FMLHANDSHAKE]: Received client indexed reply 6 of type net.minecraftforge.network.HandshakeMessages$C2SAcknowledge
[12May2025 05:38:35.179] [Netty Epoll Server IO #0/DEBUG] [net.minecraftforge.network.HandshakeHandler/FMLHANDSHAKE]: Received acknowledgement from client
[12May2025 05:38:35.239] [Netty Epoll Server IO #0/DEBUG] [net.minecraftforge.network.LoginWrapper/FMLHANDSHAKE]: Recieved login wrapper packet event for channel fml:handshake with index 7
[12May2025 05:38:35.239] [Netty Epoll Server IO #0/DEBUG] [net.minecraftforge.network.HandshakeHandler/FMLHANDSHAKE]: Received client indexed reply 7 of type net.minecraftforge.network.HandshakeMessages$C2SAcknowledge
[12May2025 05:38:35.239] [Netty Epoll Server IO #0/DEBUG] [net.minecraftforge.network.HandshakeHandler/FMLHANDSHAKE]: Received acknowledgement from client
[12May2025 05:38:35.240] [Server thread/DEBUG] [net.minecraftforge.network.HandshakeHandler/FMLHANDSHAKE]: Sending ticking packet info 'Registry minecraft:potion' to 'fml:handshake' sequence 9
[12May2025 05:38:35.277] [Server thread/DEBUG] [net.minecraftforge.network.HandshakeHandler/FMLHANDSHAKE]: Sending ticking packet info 'Registry minecraft:painting_variant' to 'fml:handshake' sequence 10
[12May2025 05:38:35.326] [Server thread/DEBUG] [net.minecraftforge.network.HandshakeHandler/FMLHANDSHAKE]: Sending ticking packet info 'Registry forge:fluid_type' to 'fml:handshake' sequence 11
[12May2025 05:38:35.377] [Server thread/DEBUG] [net.minecraftforge.network.HandshakeHandler/FMLHANDSHAKE]: Sending ticking packet info 'Registry minecraft:block_entity_type' to 'fml:handshake' sequence 12
[12May2025 05:38:35.427] [Server thread/DEBUG] [net.minecraftforge.network.HandshakeHandler/FMLHANDSHAKE]: Sending ticking packet info 'Registry forge:display_contexts' to 'fml:handshake' sequence 13
[12May2025 05:38:35.478] [Server thread/DEBUG] [net.minecraftforge.network.HandshakeHandler/FMLHANDSHAKE]: Sending ticking packet info 'Registry minecraft:block' to 'fml:handshake' sequence 14
[12May2025 05:38:35.530] [Server thread/DEBUG] [net.minecraftforge.network.HandshakeHandler/FMLHANDSHAKE]: Sending ticking packet info 'Registry forge:entity_data_serializers' to 'fml:handshake' sequence 15
[12May2025 05:38:35.578] [Server thread/DEBUG] [net.minecraftforge.network.HandshakeHandler/FMLHANDSHAKE]: Sending ticking packet info 'Registry minecraft:mob_effect' to 'fml:handshake' sequence 16
[12May2025 05:38:35.628] [Server thread/DEBUG] [net.minecraftforge.network.HandshakeHandler/FMLHANDSHAKE]: Sending ticking packet info 'Registry minecraft:stat_type' to 'fml:handshake' sequence 17
[12May2025 05:38:35.675] [Server thread/DEBUG] [net.minecraftforge.network.HandshakeHandler/FMLHANDSHAKE]: Sending ticking packet info 'Registry twilightforest:enforcement' to 'fml:handshake' sequence 18
[12May2025 05:38:35.725] [Server thread/DEBUG] [net.minecraftforge.network.HandshakeHandler/FMLHANDSHAKE]: Sending ticking packet info 'Registry minecraft:menu' to 'fml:handshake' sequence 19
[12May2025 05:38:35.772] [Server thread/DEBUG] [net.minecraftforge.network.HandshakeHandler/FMLHANDSHAKE]: Sending ticking packet info 'Registry twilightforest:dwarf_rabbit_variant' to 'fml:handshake' sequence 20
[12May2025 05:38:35.823] [Server thread/DEBUG] [net.minecraftforge.network.HandshakeHandler/FMLHANDSHAKE]: Sending ticking packet info 'Registry minecraft:enchantment' to 'fml:handshake' sequence 21
[12May2025 05:38:35.829] [Netty Epoll Server IO #0/DEBUG] [net.minecraftforge.network.LoginWrapper/FMLHANDSHAKE]: Recieved login wrapper packet event for channel fml:handshake with index 8
[12May2025 05:38:35.829] [Netty Epoll Server IO #0/DEBUG] [net.minecraftforge.network.HandshakeHandler/FMLHANDSHAKE]: Received client indexed reply 8 of type net.minecraftforge.network.HandshakeMessages$C2SAcknowledge
[12May2025 05:38:35.829] [Netty Epoll Server IO #0/DEBUG] [net.minecraftforge.network.HandshakeHandler/FMLHANDSHAKE]: Received acknowledgement from client
[12May2025 05:38:35.872] [Netty Epoll Server IO #0/DEBUG] [net.minecraftforge.network.LoginWrapper/FMLHANDSHAKE]: Recieved login wrapper packet event for channel fml:handshake with index 9
[12May2025 05:38:35.872] [Netty Epoll Server IO #0/DEBUG] [net.minecraftforge.network.HandshakeHandler/FMLHANDSHAKE]: Received client indexed reply 9 of type net.minecraftforge.network.HandshakeMessages$C2SAcknowledge
[12May2025 05:38:35.872] [Netty Epoll Server IO #0/DEBUG] [net.minecraftforge.network.HandshakeHandler/FMLHANDSHAKE]: Received acknowledgement from client
[12May2025 05:38:35.872] [Netty Epoll Server IO #0/DEBUG] [net.minecraftforge.network.LoginWrapper/FMLHANDSHAKE]: Recieved login wrapper packet event for channel fml:handshake with index 10
[12May2025 05:38:35.872] [Netty Epoll Server IO #0/DEBUG] [net.minecraftforge.network.HandshakeHandler/FMLHANDSHAKE]: Received client indexed reply 10 of type net.minecraftforge.network.HandshakeMessages$C2SAcknowledge
[12May2025 05:38:35.872] [Netty Epoll Server IO #0/DEBUG] [net.minecraftforge.network.HandshakeHandler/FMLHANDSHAKE]: Received acknowledgement from client
[12May2025 05:38:35.872] [Netty Epoll Server IO #0/DEBUG] [net.minecraftforge.network.LoginWrapper/FMLHANDSHAKE]: Recieved login wrapper packet event for channel fml:handshake with index 11
[12May2025 05:38:35.872] [Netty Epoll Server IO #0/DEBUG] [net.minecraftforge.network.HandshakeHandler/FMLHANDSHAKE]: Received client indexed reply 11 of type net.minecraftforge.network.HandshakeMessages$C2SAcknowledge
[12May2025 05:38:35.872] [Netty Epoll Server IO #0/DEBUG] [net.minecraftforge.network.HandshakeHandler/FMLHANDSHAKE]: Received acknowledgement from client
[12May2025 05:38:35.872] [Netty Epoll Server IO #0/DEBUG] [net.minecraftforge.network.LoginWrapper/FMLHANDSHAKE]: Recieved login wrapper packet event for channel fml:handshake with index 12
[12May2025 05:38:35.872] [Netty Epoll Server IO #0/DEBUG] [net.minecraftforge.network.HandshakeHandler/FMLHANDSHAKE]: Received client indexed reply 12 of type net.minecraftforge.network.HandshakeMessages$C2SAcknowledge
[12May2025 05:38:35.872] [Netty Epoll Server IO #0/DEBUG] [net.minecraftforge.network.HandshakeHandler/FMLHANDSHAKE]: Received acknowledgement from client
[12May2025 05:38:35.872] [Netty Epoll Server IO #0/DEBUG] [net.minecraftforge.network.LoginWrapper/FMLHANDSHAKE]: Recieved login wrapper packet event for channel fml:handshake with index 13
[12May2025 05:38:35.872] [Netty Epoll Server IO #0/DEBUG] [net.minecraftforge.network.HandshakeHandler/FMLHANDSHAKE]: Received client indexed reply 13 of type net.minecraftforge.network.HandshakeMessages$C2SAcknowledge
[12May2025 05:38:35.872] [Netty Epoll Server IO #0/DEBUG] [net.minecraftforge.network.HandshakeHandler/FMLHANDSHAKE]: Received acknowledgement from client
[12May2025 05:38:35.878] [Server thread/DEBUG] [net.minecraftforge.network.HandshakeHandler/FMLHANDSHAKE]: Sending ticking packet info 'Registry ae2:keytypes' to 'fml:handshake' sequence 22
[12May2025 05:38:35.922] [Server thread/DEBUG] [net.minecraftforge.network.HandshakeHandler/FMLHANDSHAKE]: Sending ticking packet info 'Registry minecraft:fluid' to 'fml:handshake' sequence 23
[12May2025 05:38:35.975] [Server thread/DEBUG] [net.minecraftforge.network.HandshakeHandler/FMLHANDSHAKE]: Sending ticking packet info 'Registry minecraft:entity_type' to 'fml:handshake' sequence 24
[12May2025 05:38:36.022] [Server thread/DEBUG] [net.minecraftforge.network.HandshakeHandler/FMLHANDSHAKE]: Sending ticking packet info 'Config curios-server.toml' to 'fml:handshake' sequence 25
[12May2025 05:38:36.073] [Server thread/DEBUG] [net.minecraftforge.network.HandshakeHandler/FMLHANDSHAKE]: Sending ticking packet info 'Config gravestone-server.toml' to 'fml:handshake' sequence 26
[12May2025 05:38:36.123] [Server thread/DEBUG] [net.minecraftforge.network.HandshakeHandler/FMLHANDSHAKE]: Sending ticking packet info 'Config elevatorid-server.toml' to 'fml:handshake' sequence 27
[12May2025 05:38:36.137] [Netty Epoll Server IO #0/DEBUG] [net.minecraftforge.network.LoginWrapper/FMLHANDSHAKE]: Recieved login wrapper packet event for channel fml:handshake with index 14
[12May2025 05:38:36.137] [Netty Epoll Server IO #0/DEBUG] [net.minecraftforge.network.HandshakeHandler/FMLHANDSHAKE]: Received client indexed reply 14 of type net.minecraftforge.network.HandshakeMessages$C2SAcknowledge
[12May2025 05:38:36.137] [Netty Epoll Server IO #0/DEBUG] [net.minecraftforge.network.HandshakeHandler/FMLHANDSHAKE]: Received acknowledgement from client
[12May2025 05:38:36.137] [Netty Epoll Server IO #0/DEBUG] [net.minecraftforge.network.LoginWrapper/FMLHANDSHAKE]: Recieved login wrapper packet event for channel fml:handshake with index 15
[12May2025 05:38:36.138] [Netty Epoll Server IO #0/DEBUG] [net.minecraftforge.network.HandshakeHandler/FMLHANDSHAKE]: Received client indexed reply 15 of type net.minecraftforge.network.HandshakeMessages$C2SAcknowledge
[12May2025 05:38:36.138] [Netty Epoll Server IO #0/DEBUG] [net.minecraftforge.network.HandshakeHandler/FMLHANDSHAKE]: Received acknowledgement from client
[12May2025 05:38:36.172] [Server thread/DEBUG] [net.minecraftforge.network.HandshakeHandler/FMLHANDSHAKE]: Sending ticking packet info 'Config immersiveengineering-server.toml' to 'fml:handshake' sequence 28
[12May2025 05:38:36.173] [Netty Epoll Server IO #0/DEBUG] [net.minecraftforge.network.LoginWrapper/FMLHANDSHAKE]: Recieved login wrapper packet event for channel fml:handshake with index 16
[12May2025 05:38:36.173] [Netty Epoll Server IO #0/DEBUG] [net.minecraftforge.network.HandshakeHandler/FMLHANDSHAKE]: Received client indexed reply 16 of type net.minecraftforge.network.HandshakeMessages$C2SAcknowledge
[12May2025 05:38:36.173] [Netty Epoll Server IO #0/DEBUG] [net.minecraftforge.network.HandshakeHandler/FMLHANDSHAKE]: Received acknowledgement from client
[12May2025 05:38:36.173] [Netty Epoll Server IO #0/DEBUG] [net.minecraftforge.network.LoginWrapper/FMLHANDSHAKE]: Recieved login wrapper packet event for channel fml:handshake with index 17
[12May2025 05:38:36.173] [Netty Epoll Server IO #0/DEBUG] [net.minecraftforge.network.HandshakeHandler/FMLHANDSHAKE]: Received client indexed reply 17 of type net.minecraftforge.network.HandshakeMessages$C2SAcknowledge
[12May2025 05:38:36.173] [Netty Epoll Server IO #0/DEBUG] [net.minecraftforge.network.HandshakeHandler/FMLHANDSHAKE]: Received acknowledgement from client
[12May2025 05:38:36.173] [Netty Epoll Server IO #0/DEBUG] [net.minecraftforge.network.LoginWrapper/FMLHANDSHAKE]: Recieved login wrapper packet event for channel fml:handshake with index 18
[12May2025 05:38:36.173] [Netty Epoll Server IO #0/DEBUG] [net.minecraftforge.network.HandshakeHandler/FMLHANDSHAKE]: Received client indexed reply 18 of type net.minecraftforge.network.HandshakeMessages$C2SAcknowledge
[12May2025 05:38:36.173] [Netty Epoll Server IO #0/DEBUG] [net.minecraftforge.network.HandshakeHandler/FMLHANDSHAKE]: Received acknowledgement from client
[12May2025 05:38:36.173] [Netty Epoll Server IO #0/DEBUG] [net.minecraftforge.network.LoginWrapper/FMLHANDSHAKE]: Recieved login wrapper packet event for channel fml:handshake with index 19
[12May2025 05:38:36.173] [Netty Epoll Server IO #0/DEBUG] [net.minecraftforge.network.HandshakeHandler/FMLHANDSHAKE]: Received client indexed reply 19 of type net.minecraftforge.network.HandshakeMessages$C2SAcknowledge
[12May2025 05:38:36.173] [Netty Epoll Server IO #0/DEBUG] [net.minecraftforge.network.HandshakeHandler/FMLHANDSHAKE]: Received acknowledgement from client
[12May2025 05:38:36.173] [Netty Epoll Server IO #0/DEBUG] [net.minecraftforge.network.LoginWrapper/FMLHANDSHAKE]: Recieved login wrapper packet event for channel fml:handshake with index 20
[12May2025 05:38:36.173] [Netty Epoll Server IO #0/DEBUG] [net.minecraftforge.network.HandshakeHandler/FMLHANDSHAKE]: Received client indexed reply 20 of type net.minecraftforge.network.HandshakeMessages$C2SAcknowledge
[12May2025 05:38:36.173] [Netty Epoll Server IO #0/DEBUG] [net.minecraftforge.network.HandshakeHandler/FMLHANDSHAKE]: Received acknowledgement from client
[12May2025 05:38:36.173] [Netty Epoll Server IO #0/DEBUG] [net.minecraftforge.network.LoginWrapper/FMLHANDSHAKE]: Recieved login wrapper packet event for channel fml:handshake with index 21
[12May2025 05:38:36.174] [Netty Epoll Server IO #0/DEBUG] [net.minecraftforge.network.HandshakeHandler/FMLHANDSHAKE]: Received client indexed reply 21 of type net.minecraftforge.network.HandshakeMessages$C2SAcknowledge
[12May2025 05:38:36.174] [Netty Epoll Server IO #0/DEBUG] [net.minecraftforge.network.HandshakeHandler/FMLHANDSHAKE]: Received acknowledgement from client
[12May2025 05:38:36.174] [Netty Epoll Server IO #0/DEBUG] [net.minecraftforge.network.LoginWrapper/FMLHANDSHAKE]: Recieved login wrapper packet event for channel fml:handshake with index 22
[12May2025 05:38:36.174] [Netty Epoll Server IO #0/DEBUG] [net.minecraftforge.network.HandshakeHandler/FMLHANDSHAKE]: Received client indexed reply 22 of type net.minecraftforge.network.HandshakeMessages$C2SAcknowledge
[12May2025 05:38:36.174] [Netty Epoll Server IO #0/DEBUG] [net.minecraftforge.network.HandshakeHandler/FMLHANDSHAKE]: Received acknowledgement from client
[12May2025 05:38:36.174] [Netty Epoll Server IO #0/DEBUG] [net.minecraftforge.network.LoginWrapper/FMLHANDSHAKE]: Recieved login wrapper packet event for channel fml:handshake with index 23
[12May2025 05:38:36.174] [Netty Epoll Server IO #0/DEBUG] [net.minecraftforge.network.HandshakeHandler/FMLHANDSHAKE]: Received client indexed reply 23 of type net.minecraftforge.network.HandshakeMessages$C2SAcknowledge
[12May2025 05:38:36.174] [Netty Epoll Server IO #0/DEBUG] [net.minecraftforge.network.HandshakeHandler/FMLHANDSHAKE]: Received acknowledgement from client
[12May2025 05:38:36.223] [Server thread/DEBUG] [net.minecraftforge.network.HandshakeHandler/FMLHANDSHAKE]: Sending ticking packet info 'Config sophisticatedbackpacks-server.toml' to 'fml:handshake' sequence 29
[12May2025 05:38:36.277] [Server thread/DEBUG] [net.minecraftforge.network.HandshakeHandler/FMLHANDSHAKE]: Sending ticking packet info 'Config jei-server.toml' to 'fml:handshake' sequence 30
[12May2025 05:38:36.325] [Server thread/DEBUG] [net.minecraftforge.network.HandshakeHandler/FMLHANDSHAKE]: Sending ticking packet info 'Config forge-server.toml' to 'fml:handshake' sequence 31
[12May2025 05:38:36.373] [Server thread/DEBUG] [net.minecraftforge.network.HandshakeHandler/FMLHANDSHAKE]: Sending ticking packet info 'org.violetmoon.zeta.network.message.S2CLoginFlag' to 'zeta:main' sequence 32
[12May2025 05:38:36.768] [Netty Epoll Server IO #0/DEBUG] [net.minecraftforge.network.LoginWrapper/FMLHANDSHAKE]: Recieved login wrapper packet event for channel fml:handshake with index 24
[12May2025 05:38:36.768] [Netty Epoll Server IO #0/DEBUG] [net.minecraftforge.network.HandshakeHandler/FMLHANDSHAKE]: Received client indexed reply 24 of type net.minecraftforge.network.HandshakeMessages$C2SAcknowledge
[12May2025 05:38:36.768] [Netty Epoll Server IO #0/DEBUG] [net.minecraftforge.network.HandshakeHandler/FMLHANDSHAKE]: Received acknowledgement from client
[12May2025 05:38:36.772] [Netty Epoll Server IO #0/DEBUG] [net.minecraftforge.network.LoginWrapper/FMLHANDSHAKE]: Recieved login wrapper packet event for channel fml:handshake with index 25
[12May2025 05:38:36.772] [Netty Epoll Server IO #0/DEBUG] [net.minecraftforge.network.HandshakeHandler/FMLHANDSHAKE]: Received client indexed reply 25 of type net.minecraftforge.network.HandshakeMessages$C2SAcknowledge
[12May2025 05:38:36.772] [Netty Epoll Server IO #0/DEBUG] [net.minecraftforge.network.HandshakeHandler/FMLHANDSHAKE]: Received acknowledgement from client
[12May2025 05:38:36.774] [Netty Epoll Server IO #0/DEBUG] [net.minecraftforge.network.LoginWrapper/FMLHANDSHAKE]: Recieved login wrapper packet event for channel fml:handshake with index 26
[12May2025 05:38:36.774] [Netty Epoll Server IO #0/DEBUG] [net.minecraftforge.network.HandshakeHandler/FMLHANDSHAKE]: Received client indexed reply 26 of type net.minecraftforge.network.HandshakeMessages$C2SAcknowledge
[12May2025 05:38:36.774] [Netty Epoll Server IO #0/DEBUG] [net.minecraftforge.network.HandshakeHandler/FMLHANDSHAKE]: Received acknowledgement from client
[12May2025 05:38:36.776] [Netty Epoll Server IO #0/DEBUG] [net.minecraftforge.network.LoginWrapper/FMLHANDSHAKE]: Recieved login wrapper packet event for channel fml:handshake with index 27
[12May2025 05:38:36.776] [Netty Epoll Server IO #0/DEBUG] [net.minecraftforge.network.HandshakeHandler/FMLHANDSHAKE]: Received client indexed reply 27 of type net.minecraftforge.network.HandshakeMessages$C2SAcknowledge
[12May2025 05:38:36.776] [Netty Epoll Server IO #0/DEBUG] [net.minecraftforge.network.HandshakeHandler/FMLHANDSHAKE]: Received acknowledgement from client
[12May2025 05:38:36.782] [Netty Epoll Server IO #0/DEBUG] [net.minecraftforge.network.LoginWrapper/FMLHANDSHAKE]: Recieved login wrapper packet event for channel fml:handshake with index 28
[12May2025 05:38:36.782] [Netty Epoll Server IO #0/DEBUG] [net.minecraftforge.network.HandshakeHandler/FMLHANDSHAKE]: Received client indexed reply 28 of type net.minecraftforge.network.HandshakeMessages$C2SAcknowledge
[12May2025 05:38:36.782] [Netty Epoll Server IO #0/DEBUG] [net.minecraftforge.network.HandshakeHandler/FMLHANDSHAKE]: Received acknowledgement from client
[12May2025 05:38:36.783] [Netty Epoll Server IO #0/DEBUG] [net.minecraftforge.network.LoginWrapper/FMLHANDSHAKE]: Recieved login wrapper packet event for channel fml:handshake with index 29
[12May2025 05:38:36.783] [Netty Epoll Server IO #0/DEBUG] [net.minecraftforge.network.HandshakeHandler/FMLHANDSHAKE]: Received client indexed reply 29 of type net.minecraftforge.network.HandshakeMessages$C2SAcknowledge
[12May2025 05:38:36.783] [Netty Epoll Server IO #0/DEBUG] [net.minecraftforge.network.HandshakeHandler/FMLHANDSHAKE]: Received acknowledgement from client
[12May2025 05:38:36.783] [Netty Epoll Server IO #0/DEBUG] [net.minecraftforge.network.LoginWrapper/FMLHANDSHAKE]: Recieved login wrapper packet event for channel fml:handshake with index 30
[12May2025 05:38:36.783] [Netty Epoll Server IO #0/DEBUG] [net.minecraftforge.network.HandshakeHandler/FMLHANDSHAKE]: Received client indexed reply 30 of type net.minecraftforge.network.HandshakeMessages$C2SAcknowledge
[12May2025 05:38:36.783] [Netty Epoll Server IO #0/DEBUG] [net.minecraftforge.network.HandshakeHandler/FMLHANDSHAKE]: Received acknowledgement from client
[12May2025 05:38:36.786] [Netty Epoll Server IO #0/DEBUG] [net.minecraftforge.network.LoginWrapper/FMLHANDSHAKE]: Recieved login wrapper packet event for channel fml:handshake with index 31
[12May2025 05:38:36.786] [Netty Epoll Server IO #0/DEBUG] [net.minecraftforge.network.HandshakeHandler/FMLHANDSHAKE]: Received client indexed reply 31 of type net.minecraftforge.network.HandshakeMessages$C2SAcknowledge
[12May2025 05:38:36.786] [Netty Epoll Server IO #0/DEBUG] [net.minecraftforge.network.HandshakeHandler/FMLHANDSHAKE]: Received acknowledgement from client
[12May2025 05:38:36.787] [Netty Epoll Server IO #0/DEBUG] [net.minecraftforge.network.LoginWrapper/FMLHANDSHAKE]: Recieved login wrapper packet event for channel zeta:main with index 32
[12May2025 05:38:36.790] [Netty Epoll Server IO #0/DEBUG] [net.minecraftforge.network.HandshakeHandler/FMLHANDSHAKE]: Received client indexed reply 32 of type org.violetmoon.zeta.network.message.C2SLoginFlag
[12May2025 05:38:36.830] [Server thread/DEBUG] [net.minecraftforge.network.HandshakeHandler/FMLHANDSHAKE]: Handshake complete!
[12May2025 05:38:36.968] [Server thread/INFO] [net.minecraft.server.players.PlayerList/]: culon77[/127.249.12.144:60585] logged in with entity id 425 at (1546.2015356567995, 68.02442408821369, -1425.8897493349946)
[12May2025 05:38:36.970] [Server thread/DEBUG] [net.minecraftforge.network.filters.NetworkFilters/]: Injected net.minecraftforge.network.filters.ForgeConnectionNetworkFilter@7a319102 into net.minecraft.network.Connection@2be8197
[12May2025 05:38:36.973] [Server thread/DEBUG] [ModernFix/]: Sending ID correction packet to client with 163 classes
[12May2025 05:38:37.074] [Server thread/INFO] [net.minecraft.server.MinecraftServer/]: culon77 joined the game
[12May2025 05:38:37.086] [Server thread/INFO] [Jade/]: Syncing config to culon77 (658b6bdc-2a49-3d53-b643-6dc534d21f7e)
[12May2025 05:38:40.391] [Server thread/DEBUG] [ModernFix/]: Using cached upgraded version of ctov:village/plains/roads/inter
[12May2025 05:38:40.395] [Server thread/DEBUG] [ModernFix/]: Using cached upgraded version of ctov:village/plains/roads/straight
[12May2025 05:38:40.399] [Server thread/DEBUG] [ModernFix/]: Using cached upgraded version of ctov:village/plains/roads/t_1
[12May2025 05:38:40.405] [Server thread/DEBUG] [ModernFix/]: Using cached upgraded version of ctov:village/plains/decos/hay_bale
[12May2025 05:38:40.407] [Server thread/DEBUG] [ModernFix/]: Using cached upgraded version of ctov:village/plains/house/small_1
[12May2025 05:38:40.411] [Server thread/DEBUG] [ModernFix/]: Using cached upgraded version of ctov:village/plains/jobsite/pen
[12May2025 05:38:40.415] [Server thread/DEBUG] [ModernFix/]: Using cached upgraded version of ctov:village/plains/house/small_5
[12May2025 05:38:40.421] [Server thread/DEBUG] [ModernFix/]: Using cached upgraded version of ctov:village/plains/jobsite/chemist
[12May2025 05:38:40.424] [Server thread/DEBUG] [ModernFix/]: Using cached upgraded version of ctov:village/plains/roads/t_3
[12May2025 05:38:40.428] [Server thread/DEBUG] [ModernFix/]: Using cached upgraded version of ctov:village/plains/decos/lamp_3
[12May2025 05:38:40.431] [Server thread/DEBUG] [ModernFix/]: Using cached upgraded version of ctov:village/plains/house/small_4
[12May2025 05:38:40.505] [Server thread/DEBUG] [ModernFix/]: Using cached upgraded version of ctov:village/plains/jobsite/mason
[12May2025 05:38:40.512] [Server thread/DEBUG] [ModernFix/]: Using cached upgraded version of ctov:village/plains/jobsite/cartography
[12May2025 05:38:40.519] [Server thread/DEBUG] [ModernFix/]: Using cached upgraded version of ctov:village/plains/house/small_3
[12May2025 05:38:40.527] [Server thread/DEBUG] [ModernFix/]: Using cached upgraded version of ctov:village/plains/decos/lamp_1
[12May2025 05:38:40.536] [Server thread/DEBUG] [ModernFix/]: Using cached upgraded version of ctov:village/plains/house/small_2
[12May2025 05:38:40.554] [Server thread/DEBUG] [ModernFix/]: Using cached upgraded version of ctov:village/common/pig
[12May2025 05:38:40.566] [Server thread/DEBUG] [ModernFix/]: Using cached upgraded version of ctov:village/plains/house/med_2
[12May2025 05:38:40.572] [Server thread/DEBUG] [ModernFix/]: Using cached upgraded version of ctov:village/plains/jobsite/butcher
[12May2025 05:38:40.573] [Server thread/DEBUG] [ModernFix/]: Using cached upgraded version of ctov:village/plains/roads/bent_1
[12May2025 05:38:40.574] [Server thread/DEBUG] [ModernFix/]: Using cached upgraded version of ctov:village/plains/decos/lamp_4
[12May2025 05:38:40.576] [Server thread/DEBUG] [ModernFix/]: Using cached upgraded version of ctov:village/plains/jobsite/farm
[12May2025 05:38:40.579] [Server thread/DEBUG] [ModernFix/]: Using cached upgraded version of ctov:village/plains/roads/terminator
[12May2025 05:38:40.581] [Server thread/DEBUG] [ModernFix/]: Using cached upgraded version of ctov:village/common/sheep
[12May2025 05:38:40.582] [Server thread/DEBUG] [ModernFix/]: Using cached upgraded version of ctov:village/common/cow
[12May2025 05:38:40.584] [Server thread/DEBUG] [ModernFix/]: Using cached upgraded version of ctov:village/plains/decos/lamp_2
[12May2025 05:38:40.585] [Server thread/DEBUG] [ModernFix/]: Using cached upgraded version of waystones:village/common/waystone
[12May2025 05:38:40.594] [Server thread/DEBUG] [ModernFix/]: Using cached upgraded version of ctov:village/plains/house/med_1
[12May2025 05:38:40.598] [Server thread/DEBUG] [ModernFix/]: Using cached upgraded version of ctov:village/plains/jobsite/shepherd
[12May2025 05:38:40.605] [Server thread/DEBUG] [ModernFix/]: Using cached upgraded version of ctov:village/plains/decos/wagon
[12May2025 05:38:40.611] [Server thread/DEBUG] [ModernFix/]: Using cached upgraded version of ctov:village/plains/roads/t_2
[12May2025 05:38:40.615] [Server thread/DEBUG] [ModernFix/]: Using cached upgraded version of ctov:village/plains/jobsite/smith
[12May2025 05:38:40.619] [Server thread/DEBUG] [ModernFix/]: Using cached upgraded version of ctov:village/common/chicken
[12May2025 05:38:40.624] [Server thread/DEBUG] [ModernFix/]: Using cached upgraded version of ctov:village/plains/house/big_2
[12May2025 05:38:40.627] [Server thread/DEBUG] [ModernFix/]: Using cached upgraded version of ctov:village/plains/decos/well
[12May2025 05:38:40.984] [Server thread/DEBUG] [ModernFix/]: Using cached upgraded version of mvs:log_pile/birch_log_pile
[12May2025 05:38:44.275] [Server thread/DEBUG] [ModernFix/]: Using cached upgraded version of mvs:stone_fountain
[12May2025 05:38:50.015] [Worker-Main-1/DEBUG] [mixin/]: Mixing accessor.WorldGenRegionAccessor from betterfortresses.mixins.json into net.minecraft.server.level.WorldGenRegion
[12May2025 05:38:50.015] [Worker-Main-1/DEBUG] [mixin/]: Mixing world.WorldGenRegionAccessor from mvs-common.mixins.json into net.minecraft.server.level.WorldGenRegion
[12May2025 05:38:50.018] [Worker-Main-1/DEBUG] [mixin/]: Unexpected: Registered method getStructureManager()Lnet/minecraft/world/level/StructureManager; in net.minecraft.server.level.WorldGenRegion was not merged
[12May2025 05:38:50.615] [Worker-Main-1/DEBUG] [mixin/]: Mixing common.BeardifierMixin from lithostitched.forge.mixins.json into net.minecraft.world.level.levelgen.Beardifier
[12May2025 05:38:50.618] [Worker-Main-1/DEBUG] [mixin/]: Mixing BeardifierMixin from yungsapi.mixins.json into net.minecraft.world.level.levelgen.Beardifier
[12May2025 05:38:50.621] [Worker-Main-1/DEBUG] [mixin/]: Mixing accessor.BeardifierAccessor from yungsapi.mixins.json into net.minecraft.world.level.levelgen.Beardifier
[12May2025 05:38:52.572] [Server thread/DEBUG] [ModernFix/]: Using cached upgraded version of dungeons_arise:bathhouse/bathhouse_base_4
[12May2025 05:38:52.603] [Server thread/DEBUG] [ModernFix/]: Using cached upgraded version of dungeons_arise:bathhouse/bathhouse_middle_1
[12May2025 05:38:52.640] [Server thread/DEBUG] [ModernFix/]: Using cached upgraded version of dungeons_arise:bathhouse/bathhouse_spawner_1
[12May2025 05:38:52.643] [Server thread/DEBUG] [ModernFix/]: Using cached upgraded version of dungeons_arise:bathhouse/bathhouse_spawner_0
[12May2025 05:38:52.667] [Server thread/DEBUG] [ModernFix/]: Using cached upgraded version of dungeons_arise:bathhouse/bathhouse_top_3
[12May2025 05:38:52.799] [Worker-Main-1/DEBUG] [ModernFix/]: Using cached upgraded version of aquamirae:ice_maze/common
[12May2025 05:38:52.871] [Worker-Main-1/DEBUG] [ModernFix/]: Using cached upgraded version of aquamirae:ice_maze/spiral
[12May2025 05:38:52.932] [Worker-Main-1/DEBUG] [ModernFix/]: Using cached upgraded version of aquamirae:ice_maze/arch
[12May2025 05:38:54.175] [Server thread/WARN] [net.minecraft.server.MinecraftServer/]: Can't keep up! Is the server overloaded? Running 2010ms or 40 ticks behind
[12May2025 05:39:01.789] [Worker-Main-11/DEBUG] [ModernFix/]: Structure mvs:carts/large_cart_1 is being run through DFU (hash cc70d77fe6798defe2ce31da2500c16ed42131426565a58529e9554bba33bd33), this will cause launch time delays
[12May2025 05:39:02.934] [Worker-Main-11/DEBUG] [ModernFix/]: Using cached upgraded version of mvs:other_decoration/desert_pump
[12May2025 05:39:05.404] [Server thread/DEBUG] [ModernFix/]: Using cached upgraded version of mvs:other_decoration/villager_statue
[12May2025 05:39:08.112] [Server thread/DEBUG] [ModernFix/]: Using cached upgraded version of mvs:other_decoration/stone_bee
[12May2025 05:39:09.246] [Server thread/DEBUG] [ModernFix/]: Using cached upgraded version of dungeons_arise:abandoned_temple/abandoned_temple_0
[12May2025 05:39:09.255] [Server thread/DEBUG] [ModernFix/]: Using cached upgraded version of dungeons_arise:abandoned_temple/illusioner_normal_0
[12May2025 05:39:09.256] [Server thread/DEBUG] [ModernFix/]: Using cached upgraded version of dungeons_arise:abandoned_temple/skeleton_armored_0
[12May2025 05:39:09.257] [Server thread/DEBUG] [ModernFix/]: Using cached upgraded version of dungeons_arise:abandoned_temple/abandoned_road_entrance
[12May2025 05:39:09.260] [Server thread/DEBUG] [ModernFix/]: Using cached upgraded version of dungeons_arise:abandoned_temple/abandoned_road_1
[12May2025 05:39:09.261] [Server thread/DEBUG] [ModernFix/]: Using cached upgraded version of dungeons_arise:abandoned_temple/abandoned_road_0
[12May2025 05:39:09.261] [Server thread/DEBUG] [ModernFix/]: Using cached upgraded version of dungeons_arise:abandoned_temple/abandoned_temple_deco_2
[12May2025 05:39:11.479] [Server thread/WARN] [net.minecraft.server.MinecraftServer/]: Can't keep up! Is the server overloaded? Running 2013ms or 40 ticks behind
[12May2025 05:39:24.599] [Worker-Main-11/DEBUG] [ModernFix/]: Using cached upgraded version of aquamirae:lore/shelter/tunnel_top
[12May2025 05:39:25.290] [Server thread/DEBUG] [mixin/]: Mixing MixinPiglinAi from curios.mixins.json into net.minecraft.world.entity.monster.piglin.PiglinAi
[12May2025 05:39:29.913] [Worker-Main-11/DEBUG] [ModernFix/]: Using cached upgraded version of mvs:well/wells/acacia_well
[12May2025 05:39:29.929] [Worker-Main-11/DEBUG] [ModernFix/]: Using cached upgraded version of mvs:well/wells/spruce_well
[12May2025 05:39:29.943] [Worker-Main-11/DEBUG] [ModernFix/]: Using cached upgraded version of mvs:well/small_copper_well
[12May2025 05:40:48.778] [Worker-Main-11/DEBUG] [ModernFix/]: Using cached upgraded version of aquamirae:lore/outpost
[12May2025 05:40:50.713] [Worker-Main-11/DEBUG] [ModernFix/]: Using cached upgraded version of mvs:nature/boulder
[12May2025 05:42:04.943] [Worker-Main-11/DEBUG] [ModernFix/]: Using cached upgraded version of explorify:desert_shrine/whole
[12May2025 05:42:20.705] [Worker-Main-11/DEBUG] [ModernFix/]: Using cached upgraded version of explorify:badlands_pyramid/whole
[12May2025 05:42:20.715] [Worker-Main-11/DEBUG] [ModernFix/]: Using cached upgraded version of mvs:log_pile/oak_log_pile
[12May2025 05:42:20.806] [Worker-Main-11/DEBUG] [ModernFix/]: Using cached upgraded version of mvs:log_pile/jungle_log_pile
[12May2025 05:42:21.526] [Worker-Main-11/DEBUG] [ModernFix/]: Using cached upgraded version of mvs:log_pile/dark_oak_log_pile
[12May2025 05:42:22.043] [Worker-Main-11/DEBUG] [ModernFix/]: Using cached upgraded version of mvs:log_pile/spruce_log_pile
[12May2025 05:42:24.586] [Server thread/DEBUG] [net.minecraftforge.common.ForgeHooks/WP]: Gathering id map for writing to world save world
[12May2025 05:42:24.678] [Server thread/DEBUG] [net.minecraftforge.common.ForgeHooks/WP]: ID Map collection complete world
[12May2025 05:44:25.262] [Worker-Main-11/ERROR] [net.minecraft.world.entity.decoration.HangingEntity/]: Hanging entity at invalid position: BlockPos{x=-193, y=-45, z=-211}
[12May2025 05:44:25.264] [Worker-Main-11/ERROR] [net.minecraft.world.entity.decoration.HangingEntity/]: Hanging entity at invalid position: BlockPos{x=-183, y=-57, z=-210}
[12May2025 05:44:25.265] [Worker-Main-11/ERROR] [net.minecraft.world.entity.decoration.HangingEntity/]: Hanging entity at invalid position: BlockPos{x=-187, y=-49, z=-219}
[12May2025 05:44:25.267] [Worker-Main-11/ERROR] [net.minecraft.world.entity.decoration.HangingEntity/]: Hanging entity at invalid position: BlockPos{x=-189, y=-45, z=-211}
[12May2025 05:44:25.273] [Worker-Main-11/ERROR] [net.minecraft.world.entity.decoration.HangingEntity/]: Hanging entity at invalid position: BlockPos{x=-191, y=-45, z=-211}
[12May2025 05:44:25.355] [Worker-Main-11/ERROR] [net.minecraft.world.entity.decoration.HangingEntity/]: Hanging entity at invalid position: BlockPos{x=-291, y=-57, z=-315}
[12May2025 05:44:25.361] [Worker-Main-11/ERROR] [net.minecraft.world.entity.decoration.HangingEntity/]: Hanging entity at invalid position: BlockPos{x=-292, y=-57, z=-313}
[12May2025 05:44:25.363] [Worker-Main-11/ERROR] [net.minecraft.world.entity.decoration.HangingEntity/]: Hanging entity at invalid position: BlockPos{x=-294, y=-57, z=-313}
[12May2025 05:44:25.365] [Worker-Main-11/ERROR] [net.minecraft.world.entity.decoration.HangingEntity/]: Hanging entity at invalid position: BlockPos{x=-296, y=-57, z=-313}
[12May2025 05:44:25.366] [Worker-Main-11/ERROR] [net.minecraft.world.entity.decoration.HangingEntity/]: Hanging entity at invalid position: BlockPos{x=-295, y=-57, z=-315}
[12May2025 05:44:25.366] [Worker-Main-11/ERROR] [net.minecraft.world.entity.decoration.HangingEntity/]: Hanging entity at invalid position: BlockPos{x=-293, y=-57, z=-315}
[12May2025 05:44:26.794] [Worker-Main-11/DEBUG] [ModernFix/]: Using cached upgraded version of aquamirae:lore/ship
[12May2025 05:44:28.242] [Worker-Main-11/ERROR] [net.minecraft.world.entity.decoration.HangingEntity/]: Hanging entity at invalid position: BlockPos{x=-183, y=-57, z=-201}
[12May2025 05:44:28.244] [Worker-Main-11/ERROR] [net.minecraft.world.entity.decoration.HangingEntity/]: Hanging entity at invalid position: BlockPos{x=-183, y=-58, z=-205}
[12May2025 05:45:25.162] [Worker-Main-11/DEBUG] [ModernFix/]: Using cached upgraded version of mvs:well/wells/jungle_well
[12May2025 05:45:25.178] [Worker-Main-11/DEBUG] [ModernFix/]: Using cached upgraded version of mvs:well/wells/snowy_well
[12May2025 05:45:25.186] [Worker-Main-11/DEBUG] [ModernFix/]: Using cached upgraded version of mvs:well/wells/desert_well
[12May2025 05:45:25.202] [Worker-Main-11/DEBUG] [ModernFix/]: Using cached upgraded version of mvs:well/wells/dark_oak_well
[12May2025 05:45:26.344] [Server thread/INFO] [net.minecraft.server.MinecraftServer/]: [Not Secure] <Noe_555> w w eea aa
[12May2025 05:45:31.399] [Worker-Main-11/DEBUG] [ModernFix/]: Using cached upgraded version of dungeons_arise:mushroom_village/mushroom_village_house_big_0
[12May2025 05:45:31.469] [Worker-Main-11/DEBUG] [ModernFix/]: Structure dungeons_arise:heavenly_challenger/heavenly_challenger_part_3 is being run through DFU (hash eb477c83a67458fa25c049fb25fe6e0088abaa3c98fdce3fb8a28b95553e5224), this will cause launch time delays
[12May2025 05:45:32.292] [Worker-Main-11/DEBUG] [ModernFix/]: Using cached upgraded version of dungeons_arise:small_blimp/small_blimp_ladders_0
[12May2025 05:45:32.333] [Worker-Main-11/DEBUG] [ModernFix/]: Structure dungeons_arise:small_blimp/small_blimp_part_0 is being run through DFU (hash 4dd72dca6835da753f865f518aa76d9d071b61a048e56e37a0ee3c37b332e5ed), this will cause launch time delays
[12May2025 05:45:32.732] [Worker-Main-11/DEBUG] [ModernFix/]: Structure dungeons_arise:small_blimp/small_blimp_part_1 is being run through DFU (hash e8c6d3e71ef55eb4e2b4d247afdf0a34e24ccb53d0e13a0194b4ca8a4d6cf178), this will cause launch time delays
[12May2025 05:45:49.141] [Worker-Main-11/DEBUG] [ModernFix/]: Using cached upgraded version of mvs:well/wells/rocky_well
[12May2025 05:45:49.153] [Worker-Main-11/DEBUG] [ModernFix/]: Using cached upgraded version of mvs:well/small_well
[12May2025 05:46:24.848] [Worker-Main-11/DEBUG] [ModernFix/]: Using cached upgraded version of mvs:log_pile/acacia_log_pile
[12May2025 05:47:24.459] [Server thread/DEBUG] [net.minecraftforge.common.ForgeHooks/WP]: Gathering id map for writing to world save world
[12May2025 05:47:24.519] [Server thread/DEBUG] [net.minecraftforge.common.ForgeHooks/WP]: ID Map collection complete world
[12May2025 05:52:24.436] [Server thread/DEBUG] [net.minecraftforge.common.ForgeHooks/WP]: Gathering id map for writing to world save world
[12May2025 05:52:24.493] [Server thread/DEBUG] [net.minecraftforge.common.ForgeHooks/WP]: ID Map collection complete world
[12May2025 05:57:24.443] [Server thread/DEBUG] [net.minecraftforge.common.ForgeHooks/WP]: Gathering id map for writing to world save world
[12May2025 05:57:24.514] [Server thread/DEBUG] [net.minecraftforge.common.ForgeHooks/WP]: ID Map collection complete world
[12May2025 05:59:41.976] [Server thread/INFO] [net.minecraft.server.MinecraftServer/]: [Not Secure] <Noe_555> t
[12May2025 06:01:58.123] [Server thread/INFO] [net.minecraft.server.network.ServerGamePacketListenerImpl/]: culon77 lost connection: Disconnected
[12May2025 06:01:58.123] [Server thread/INFO] [net.minecraft.server.MinecraftServer/]: culon77 left the game
[12May2025 06:01:59.573] [Server thread/INFO] [net.minecraft.server.network.ServerGamePacketListenerImpl/]: Noe_555 lost connection: Disconnected
[12May2025 06:01:59.573] [Server thread/INFO] [net.minecraft.server.MinecraftServer/]: Noe_555 left the game
[12May2025 06:02:06.620] [Server thread/INFO] [net.minecraft.server.MinecraftServer/]: Stopping server
[12May2025 06:02:06.621] [Server thread/INFO] [net.minecraft.server.MinecraftServer/]: Saving players
[12May2025 06:02:06.621] [Server thread/INFO] [net.minecraft.server.MinecraftServer/]: Saving worlds
[12May2025 06:02:06.689] [Server thread/INFO] [net.minecraft.server.MinecraftServer/]: Saving chunks for level 'ServerLevel[world]'/minecraft:overworld
[12May2025 06:02:06.762] [Server thread/INFO] [net.minecraft.server.MinecraftServer/]: Saving chunks for level 'ServerLevel[world]'/minecraft:the_end
[12May2025 06:02:06.764] [Server thread/INFO] [net.minecraft.server.MinecraftServer/]: Saving chunks for level 'ServerLevel[world]'/minecraft:the_nether
[12May2025 06:02:06.769] [Server thread/INFO] [net.minecraft.server.MinecraftServer/]: Saving chunks for level 'ServerLevel[world]'/twilightforest:twilight_forest
[12May2025 06:02:06.774] [Server thread/INFO] [net.minecraft.server.MinecraftServer/]: Saving chunks for level 'ServerLevel[world]'/ae2:spatial_storage
[12May2025 06:02:06.782] [Server thread/DEBUG] [net.minecraftforge.common.ForgeHooks/WP]: Gathering id map for writing to world save world
[12May2025 06:02:06.822] [Server thread/DEBUG] [net.minecraftforge.common.ForgeHooks/WP]: ID Map collection complete world
[12May2025 06:02:06.883] [Server thread/INFO] [net.minecraft.server.MinecraftServer/]: ThreadedAnvilChunkStorage (world): All chunks are saved
[12May2025 06:02:06.884] [Server thread/INFO] [net.minecraft.server.MinecraftServer/]: ThreadedAnvilChunkStorage (DIM1): All chunks are saved
[12May2025 06:02:06.884] [Server thread/INFO] [net.minecraft.server.MinecraftServer/]: ThreadedAnvilChunkStorage (DIM-1): All chunks are saved
[12May2025 06:02:06.884] [Server thread/INFO] [net.minecraft.server.MinecraftServer/]: ThreadedAnvilChunkStorage (twilight_forest): All chunks are saved
[12May2025 06:02:06.884] [Server thread/INFO] [net.minecraft.server.MinecraftServer/]: ThreadedAnvilChunkStorage (spatial_storage): All chunks are saved
[12May2025 06:02:06.884] [Server thread/INFO] [net.minecraft.server.MinecraftServer/]: ThreadedAnvilChunkStorage: All dimensions are saved
[12May2025 06:02:06.919] [Server thread/DEBUG] [net.minecraftforge.fml.config.ConfigTracker/CONFIG]: Unloading configs type SERVER
